Показник,Територіальний розріз,Напрям природоохоронної діяльності,Вид економічної діяльності,Періодичність,Період,Значення cпостереження
Капітальні інвестиції на охорону навколишнього природного середовища,Вінницька,Науково-дослідні роботи природоохоронного спрямування,Усього,Річна,2025,25000.0
Капітальні інвестиції на охорону навколишнього природного середовища,Вінницька,Охорона атмосферного повітря і проблеми зміни клімату,Усього,Річна,2021,1302700.0
Капітальні інвестиції на охорону навколишнього природного середовища,Вінницька,Охорона атмосферного повітря і проблеми зміни клімату,Усього,Річна,2022,17372000.0
Капітальні інвестиції на охорону навколишнього природного середовища,Вінницька,Охорона атмосферного повітря і проблеми зміни клімату,Усього,Річна,2023,5050900.0
Капітальні інвестиції на охорону навколишнього природного середовища,Вінницька,Охорона атмосферного повітря і проблеми зміни клімату,Усього,Річна,2024,842200.0
Капітальні інвестиції на охорону навколишнього природного середовища,Вінницька,Охорона атмосферного повітря і проблеми зміни клімату,Усього,Річна,2025,4535200.0
Капітальні інвестиції на охорону навколишнього природного середовища,Вінницька,Зниження шумового та вібраційного впливу,Усього,Річна,2021,7493800.0
Капітальні інвестиції на охорону навколишнього природного середовища,Вінницька,Зниження шумового та вібраційного впливу,Усього,Річна,2022,425600.0
Капітальні інвестиції на охорону навколишнього природного середовища,Вінницька,Зниження шумового та вібраційного впливу,Усього,Річна,2023,259100.00000000003
Капітальні інвестиції на охорону навколишнього природного середовища,Вінницька,Зниження шумового та вібраційного впливу,Усього,Річна,2024,93300.0
Капітальні інвестиції на охорону навколишнього природного середовища,Вінницька,Зниження шумового та вібраційного впливу,Усього,Річна,2025,18500.0
Капітальні інвестиції на охорону навколишнього природного середовища,Вінницька,Збереження біорізноманіття та середовища існування,Усього,Річна,2021,4815100.0
Капітальні інвестиції на охорону навколишнього природного середовища,Вінницька,Збереження біорізноманіття та середовища існування,Усього,Річна,2025,77800.0
Капітальні інвестиції на охорону навколишнього природного середовища,Вінницька,"Захист і реабілітацію ґрунту, підземних  і поверхневих вод",Усього,Річна,2021,1524400.0
Капітальні інвестиції на охорону навколишнього природного середовища,Вінницька,"Захист і реабілітацію ґрунту, підземних  і поверхневих вод",Усього,Річна,2022,12400.0
Капітальні інвестиції на охорону навколишнього природного середовища,Вінницька,"Захист і реабілітацію ґрунту, підземних  і поверхневих вод",Усього,Річна,2024,238400.0
Капітальні інвестиції на охорону навколишнього природного середовища,Вінницька,Поводження з відходами,Усього,Річна,2021,28512000.0
Капітальні інвестиції на охорону навколишнього природного середовища,Вінницька,Поводження з відходами,Усього,Річна,2022,30201500.0
Капітальні інвестиції на охорону навколишнього природного середовища,Вінницька,Поводження з відходами,Усього,Річна,2023,3200.0
Капітальні інвестиції на охорону навколишнього природного середовища,Вінницька,Поводження з відходами,Усього,Річна,2025,840500.0
Капітальні інвестиції на охорону навколишнього природного середовища,Вінницька,Очищення зворотних вод,Усього,Річна,2021,6851800.0
Капітальні інвестиції на охорону навколишнього природного середовища,Вінницька,Очищення зворотних вод,Усього,Річна,2022,2211300.0
Капітальні інвестиції на охорону навколишнього природного середовища,Вінницька,Очищення зворотних вод,Усього,Річна,2023,651800.0
Капітальні інвестиції на охорону навколишнього природного середовища,Вінницька,Очищення зворотних вод,Усього,Річна,2024,171860400.0
Капітальні інвестиції на охорону навколишнього природного середовища,Вінницька,Очищення зворотних вод,Усього,Річна,2025,271690600.0
Капітальні інвестиції на охорону навколишнього природного середовища,Волинська,Збереження біорізноманіття та середовища існування,Усього,Річна,2021,5661400.0
Капітальні інвестиції на охорону навколишнього природного середовища,Волинська,Збереження біорізноманіття та середовища існування,Усього,Річна,2022,3737000.0
Капітальні інвестиції на охорону навколишнього природного середовища,Волинська,Збереження біорізноманіття та середовища існування,Усього,Річна,2023,707700.0
Капітальні інвестиції на охорону навколишнього природного середовища,Волинська,Збереження біорізноманіття та середовища існування,Усього,Річна,2024,180400.0
Капітальні інвестиції на охорону навколишнього природного середовища,Волинська,Збереження біорізноманіття та середовища існування,Усього,Річна,2025,562800.0
Капітальні інвестиції на охорону навколишнього природного середовища,Волинська,Очищення зворотних вод,Усього,Річна,2021,13914200.0
Капітальні інвестиції на охорону навколишнього природного середовища,Волинська,Очищення зворотних вод,Усього,Річна,2022,19344800.0
Капітальні інвестиції на охорону навколишнього природного середовища,Волинська,Очищення зворотних вод,Усього,Річна,2023,44377900.0
Капітальні інвестиції на охорону навколишнього природного середовища,Волинська,Очищення зворотних вод,Усього,Річна,2024,106087700.0
Капітальні інвестиції на охорону навколишнього природного середовища,Волинська,Очищення зворотних вод,Усього,Річна,2025,62137300.0
Капітальні інвестиції на охорону навколишнього природного середовища,Волинська,Інші напрями природоохоронної діяльності,Усього,Річна,2021,78000.0
Капітальні інвестиції на охорону навколишнього природного середовища,Волинська,Інші напрями природоохоронної діяльності,Усього,Річна,2022,127000.0
Капітальні інвестиції на охорону навколишнього природного середовища,Волинська,Зниження шумового та вібраційного впливу,Усього,Річна,2022,3971000.0
Капітальні інвестиції на охорону навколишнього природного середовища,Волинська,Зниження шумового та вібраційного впливу,Усього,Річна,2023,3662700.0
Капітальні інвестиції на охорону навколишнього природного середовища,Волинська,Зниження шумового та вібраційного впливу,Усього,Річна,2024,2290600.0
Капітальні інвестиції на охорону навколишнього природного середовища,Волинська,Поводження з відходами,Усього,Річна,2021,8339299.999999999
Капітальні інвестиції на охорону навколишнього природного середовища,Волинська,Поводження з відходами,Усього,Річна,2022,14028300.0
Капітальні інвестиції на охорону навколишнього природного середовища,Волинська,Поводження з відходами,Усього,Річна,2023,25558500.0
Капітальні інвестиції на охорону навколишнього природного середовища,Волинська,Поводження з відходами,Усього,Річна,2024,14224200.0
Капітальні інвестиції на охорону навколишнього природного середовища,Волинська,Поводження з відходами,Усього,Річна,2025,44935600.0
Капітальні інвестиції на охорону навколишнього природного середовища,Волинська,Охорона атмосферного повітря і проблеми зміни клімату,Усього,Річна,2021,2165400.0
Капітальні інвестиції на охорону навколишнього природного середовища,Волинська,Охорона атмосферного повітря і проблеми зміни клімату,Усього,Річна,2022,6146500.0
Капітальні інвестиції на охорону навколишнього природного середовища,Волинська,Охорона атмосферного повітря і проблеми зміни клімату,Усього,Річна,2023,4222200.0
Капітальні інвестиції на охорону навколишнього природного середовища,Волинська,Охорона атмосферного повітря і проблеми зміни клімату,Усього,Річна,2024,55652600.0
Капітальні інвестиції на охорону навколишнього природного середовища,Волинська,Охорона атмосферного повітря і проблеми зміни клімату,Усього,Річна,2025,41411000.0
Капітальні інвестиції на охорону навколишнього природного середовища,Волинська,"Захист і реабілітацію ґрунту, підземних  і поверхневих вод",Усього,Річна,2022,219700.0
Капітальні інвестиції на охорону навколишнього природного середовища,Волинська,"Захист і реабілітацію ґрунту, підземних  і поверхневих вод",Усього,Річна,2023,54000.0
Капітальні інвестиції на охорону навколишнього природного середовища,Волинська,"Захист і реабілітацію ґрунту, підземних  і поверхневих вод",Усього,Річна,2024,45000.0
Капітальні інвестиції на охорону навколишнього природного середовища,Волинська,"Захист і реабілітацію ґрунту, підземних  і поверхневих вод",Усього,Річна,2025,213500.0
Капітальні інвестиції на охорону навколишнього природного середовища,Дніпропетровська,Очищення зворотних вод,Усього,Річна,2021,79958800.0
Капітальні інвестиції на охорону навколишнього природного середовища,Дніпропетровська,Очищення зворотних вод,Усього,Річна,2022,55262100.0
Капітальні інвестиції на охорону навколишнього природного середовища,Дніпропетровська,Очищення зворотних вод,Усього,Річна,2023,100794300.0
Капітальні інвестиції на охорону навколишнього природного середовища,Дніпропетровська,Очищення зворотних вод,Усього,Річна,2024,53217500.0
Капітальні інвестиції на охорону навколишнього природного середовища,Дніпропетровська,Очищення зворотних вод,Усього,Річна,2025,83835800.0
Капітальні інвестиції на охорону навколишнього природного середовища,Дніпропетровська,Інші напрями природоохоронної діяльності,Усього,Річна,2021,2853900.0
Капітальні інвестиції на охорону навколишнього природного середовища,Дніпропетровська,Інші напрями природоохоронної діяльності,Усього,Річна,2022,1020900.0
Капітальні інвестиції на охорону навколишнього природного середовища,Дніпропетровська,Інші напрями природоохоронної діяльності,Усього,Річна,2023,564600.0
Капітальні інвестиції на охорону навколишнього природного середовища,Дніпропетровська,Інші напрями природоохоронної діяльності,Усього,Річна,2024,1217800.0
Капітальні інвестиції на охорону навколишнього природного середовища,Дніпропетровська,Інші напрями природоохоронної діяльності,Усього,Річна,2025,1846800.0
Капітальні інвестиції на охорону навколишнього природного середовища,Дніпропетровська,Збереження біорізноманіття та середовища існування,Усього,Річна,2021,5143200.0
Капітальні інвестиції на охорону навколишнього природного середовища,Дніпропетровська,Збереження біорізноманіття та середовища існування,Усього,Річна,2022,100000.0
Капітальні інвестиції на охорону навколишнього природного середовища,Дніпропетровська,Збереження біорізноманіття та середовища існування,Усього,Річна,2023,58000.0
Капітальні інвестиції на охорону навколишнього природного середовища,Дніпропетровська,Збереження біорізноманіття та середовища існування,Усього,Річна,2024,102500.0
Капітальні інвестиції на охорону навколишнього природного середовища,Дніпропетровська,Збереження біорізноманіття та середовища існування,Усього,Річна,2025,227700.0
Капітальні інвестиції на охорону навколишнього природного середовища,Дніпропетровська,Зниження шумового та вібраційного впливу,Усього,Річна,2021,44800.0
Капітальні інвестиції на охорону навколишнього природного середовища,Дніпропетровська,Зниження шумового та вібраційного впливу,Усього,Річна,2022,5600.0
Капітальні інвестиції на охорону навколишнього природного середовища,Дніпропетровська,Зниження шумового та вібраційного впливу,Усього,Річна,2023,2800.0
Капітальні інвестиції на охорону навколишнього природного середовища,Дніпропетровська,Зниження шумового та вібраційного впливу,Усього,Річна,2024,343800.0
Капітальні інвестиції на охорону навколишнього природного середовища,Дніпропетровська,"Захист і реабілітацію ґрунту, підземних  і поверхневих вод",Усього,Річна,2021,2244611600.0
Капітальні інвестиції на охорону навколишнього природного середовища,Дніпропетровська,"Захист і реабілітацію ґрунту, підземних  і поверхневих вод",Усього,Річна,2022,787006700.0
Капітальні інвестиції на охорону навколишнього природного середовища,Дніпропетровська,"Захист і реабілітацію ґрунту, підземних  і поверхневих вод",Усього,Річна,2023,858836400.0
Капітальні інвестиції на охорону навколишнього природного середовища,Дніпропетровська,"Захист і реабілітацію ґрунту, підземних  і поверхневих вод",Усього,Річна,2024,747757800.0
Капітальні інвестиції на охорону навколишнього природного середовища,Дніпропетровська,"Захист і реабілітацію ґрунту, підземних  і поверхневих вод",Усього,Річна,2025,168357600.0
Капітальні інвестиції на охорону навколишнього природного середовища,Дніпропетровська,Науково-дослідні роботи природоохоронного спрямування,Усього,Річна,2021,1538100.0
Капітальні інвестиції на охорону навколишнього природного середовища,Дніпропетровська,Науково-дослідні роботи природоохоронного спрямування,Усього,Річна,2022,700000.0
Капітальні інвестиції на охорону навколишнього природного середовища,Дніпропетровська,Науково-дослідні роботи природоохоронного спрямування,Усього,Річна,2023,2214000.0
Капітальні інвестиції на охорону навколишнього природного середовища,Дніпропетровська,Науково-дослідні роботи природоохоронного спрямування,Усього,Річна,2024,2588100.0
Капітальні інвестиції на охорону навколишнього природного середовища,Дніпропетровська,Науково-дослідні роботи природоохоронного спрямування,Усього,Річна,2025,305800.0
Капітальні інвестиції на охорону навколишнього природного середовища,Дніпропетровська,Поводження з відходами,Усього,Річна,2021,2495054900.0
Капітальні інвестиції на охорону навколишнього природного середовища,Дніпропетровська,Поводження з відходами,Усього,Річна,2022,2199623800.0
Капітальні інвестиції на охорону навколишнього природного середовища,Дніпропетровська,Поводження з відходами,Усього,Річна,2023,2357316100.0
Капітальні інвестиції на охорону навколишнього природного середовища,Дніпропетровська,Поводження з відходами,Усього,Річна,2024,2166229800.0
Капітальні інвестиції на охорону навколишнього природного середовища,Дніпропетровська,Поводження з відходами,Усього,Річна,2025,3118131600.0
Капітальні інвестиції на охорону навколишнього природного середовища,Дніпропетровська,Охорона атмосферного повітря і проблеми зміни клімату,Усього,Річна,2021,1336479400.0
Капітальні інвестиції на охорону навколишнього природного середовища,Дніпропетровська,Охорона атмосферного повітря і проблеми зміни клімату,Усього,Річна,2022,464334200.0
Капітальні інвестиції на охорону навколишнього природного середовища,Дніпропетровська,Охорона атмосферного повітря і проблеми зміни клімату,Усього,Річна,2023,685507200.0
Капітальні інвестиції на охорону навколишнього природного середовища,Дніпропетровська,Охорона атмосферного повітря і проблеми зміни клімату,Усього,Річна,2024,316995400.0
Капітальні інвестиції на охорону навколишнього природного середовища,Дніпропетровська,Охорона атмосферного повітря і проблеми зміни клімату,Усього,Річна,2025,271189000.0
Капітальні інвестиції на охорону навколишнього природного середовища,Донецька,Очищення зворотних вод,Усього,Річна,2021,44981600.0
Капітальні інвестиції на охорону навколишнього природного середовища,Донецька,Очищення зворотних вод,Усього,Річна,2022,612200.0
Капітальні інвестиції на охорону навколишнього природного середовища,Донецька,Очищення зворотних вод,Усього,Річна,2023,61932000.0
Капітальні інвестиції на охорону навколишнього природного середовища,Донецька,Очищення зворотних вод,Усього,Річна,2024,79758700.0
Капітальні інвестиції на охорону навколишнього природного середовища,Донецька,Очищення зворотних вод,Усього,Річна,2025,73721700.0
Капітальні інвестиції на охорону навколишнього природного середовища,Донецька,Охорона атмосферного повітря і проблеми зміни клімату,Усього,Річна,2021,1165492300.0
Капітальні інвестиції на охорону навколишнього природного середовища,Донецька,Охорона атмосферного повітря і проблеми зміни клімату,Усього,Річна,2022,51859900.0
Капітальні інвестиції на охорону навколишнього природного середовища,Донецька,Охорона атмосферного повітря і проблеми зміни клімату,Усього,Річна,2023,927400.0
Капітальні інвестиції на охорону навколишнього природного середовища,Донецька,Науково-дослідні роботи природоохоронного спрямування,Усього,Річна,2021,1835600.0
Капітальні інвестиції на охорону навколишнього природного середовища,Донецька,Збереження біорізноманіття та середовища існування,Усього,Річна,2021,15154100.0
Капітальні інвестиції на охорону навколишнього природного середовища,Донецька,Збереження біорізноманіття та середовища існування,Усього,Річна,2024,779500.0
Капітальні інвестиції на охорону навколишнього природного середовища,Донецька,"Захист і реабілітацію ґрунту, підземних  і поверхневих вод",Усього,Річна,2021,2724300.0
Капітальні інвестиції на охорону навколишнього природного середовища,Донецька,"Захист і реабілітацію ґрунту, підземних  і поверхневих вод",Усього,Річна,2023,137600.0
Капітальні інвестиції на охорону навколишнього природного середовища,Донецька,Інші напрями природоохоронної діяльності,Усього,Річна,2021,52500.0
Капітальні інвестиції на охорону навколишнього природного середовища,Донецька,Радіаційна безпека,Усього,Річна,2022,17400.0
Капітальні інвестиції на охорону навколишнього природного середовища,Донецька,Поводження з відходами,Усього,Річна,2021,233123300.0
Капітальні інвестиції на охорону навколишнього природного середовища,Донецька,Поводження з відходами,Усього,Річна,2022,8446100.0
Капітальні інвестиції на охорону навколишнього природного середовища,Донецька,Поводження з відходами,Усього,Річна,2023,38519400.0
Капітальні інвестиції на охорону навколишнього природного середовища,Донецька,Поводження з відходами,Усього,Річна,2024,133583400.0
Капітальні інвестиції на охорону навколишнього природного середовища,Донецька,Поводження з відходами,Усього,Річна,2025,3836600.0
Капітальні інвестиції на охорону навколишнього природного середовища,Житомирська,Очищення зворотних вод,Усього,Річна,2021,5678400.0
Капітальні інвестиції на охорону навколишнього природного середовища,Житомирська,Очищення зворотних вод,Усього,Річна,2022,5020200.0
Капітальні інвестиції на охорону навколишнього природного середовища,Житомирська,Очищення зворотних вод,Усього,Річна,2023,18938700.0
Капітальні інвестиції на охорону навколишнього природного середовища,Житомирська,Очищення зворотних вод,Усього,Річна,2024,41083400.0
Капітальні інвестиції на охорону навколишнього природного середовища,Житомирська,Очищення зворотних вод,Усього,Річна,2025,6567500.0
Капітальні інвестиції на охорону навколишнього природного середовища,Житомирська,"Захист і реабілітацію ґрунту, підземних  і поверхневих вод",Усього,Річна,2024,3184500.0
Капітальні інвестиції на охорону навколишнього природного середовища,Житомирська,"Захист і реабілітацію ґрунту, підземних  і поверхневих вод",Усього,Річна,2025,30700.0
Капітальні інвестиції на охорону навколишнього природного середовища,Житомирська,Збереження біорізноманіття та середовища існування,Усього,Річна,2021,202800.0
Капітальні інвестиції на охорону навколишнього природного середовища,Житомирська,Збереження біорізноманіття та середовища існування,Усього,Річна,2022,8747900.0
Капітальні інвестиції на охорону навколишнього природного середовища,Житомирська,Збереження біорізноманіття та середовища існування,Усього,Річна,2023,261899.99999999997
Капітальні інвестиції на охорону навколишнього природного середовища,Житомирська,Збереження біорізноманіття та середовища існування,Усього,Річна,2025,18920700.0
Капітальні інвестиції на охорону навколишнього природного середовища,Житомирська,Охорона атмосферного повітря і проблеми зміни клімату,Усього,Річна,2021,3465000.0
Капітальні інвестиції на охорону навколишнього природного середовища,Житомирська,Охорона атмосферного повітря і проблеми зміни клімату,Усього,Річна,2022,75700.0
Капітальні інвестиції на охорону навколишнього природного середовища,Житомирська,Охорона атмосферного повітря і проблеми зміни клімату,Усього,Річна,2023,1653400.0
Капітальні інвестиції на охорону навколишнього природного середовища,Житомирська,Охорона атмосферного повітря і проблеми зміни клімату,Усього,Річна,2024,393700.0
Капітальні інвестиції на охорону навколишнього природного середовища,Житомирська,Охорона атмосферного повітря і проблеми зміни клімату,Усього,Річна,2025,29900.0
Капітальні інвестиції на охорону навколишнього природного середовища,Житомирська,Поводження з відходами,Усього,Річна,2021,924400.0
Капітальні інвестиції на охорону навколишнього природного середовища,Житомирська,Поводження з відходами,Усього,Річна,2022,264200.0
Капітальні інвестиції на охорону навколишнього природного середовища,Житомирська,Поводження з відходами,Усього,Річна,2023,26882400.0
Капітальні інвестиції на охорону навколишнього природного середовища,Житомирська,Поводження з відходами,Усього,Річна,2024,12722400.0
Капітальні інвестиції на охорону навколишнього природного середовища,Житомирська,Поводження з відходами,Усього,Річна,2025,12832100.0
Капітальні інвестиції на охорону навколишнього природного середовища,Житомирська,Науково-дослідні роботи природоохоронного спрямування,Усього,Річна,2024,25000.0
Капітальні інвестиції на охорону навколишнього природного середовища,Житомирська,Радіаційна безпека,Усього,Річна,2024,4200.0
Капітальні інвестиції на охорону навколишнього природного середовища,Житомирська,Радіаційна безпека,Усього,Річна,2025,4200.0
Капітальні інвестиції на охорону навколишнього природного середовища,Закарпатська,Очищення зворотних вод,Усього,Річна,2021,608400.0
Капітальні інвестиції на охорону навколишнього природного середовища,Закарпатська,Очищення зворотних вод,Усього,Річна,2022,7838900.0
Капітальні інвестиції на охорону навколишнього природного середовища,Закарпатська,Очищення зворотних вод,Усього,Річна,2023,54610900.0
Капітальні інвестиції на охорону навколишнього природного середовища,Закарпатська,Очищення зворотних вод,Усього,Річна,2024,53508900.0
Капітальні інвестиції на охорону навколишнього природного середовища,Закарпатська,Очищення зворотних вод,Усього,Річна,2025,16267900.0
Капітальні інвестиції на охорону навколишнього природного середовища,Закарпатська,Збереження біорізноманіття та середовища існування,Усього,Річна,2021,18809900.0
Капітальні інвестиції на охорону навколишнього природного середовища,Закарпатська,Збереження біорізноманіття та середовища існування,Усього,Річна,2022,3563200.0
Капітальні інвестиції на охорону навколишнього природного середовища,Закарпатська,Збереження біорізноманіття та середовища існування,Усього,Річна,2023,4764500.0
Капітальні інвестиції на охорону навколишнього природного середовища,Закарпатська,Збереження біорізноманіття та середовища існування,Усього,Річна,2024,3014300.0
Капітальні інвестиції на охорону навколишнього природного середовища,Закарпатська,Збереження біорізноманіття та середовища існування,Усього,Річна,2025,4113899.9999999995
Капітальні інвестиції на охорону навколишнього природного середовища,Закарпатська,Радіаційна безпека,Усього,Річна,2021,3200.0
Капітальні інвестиції на охорону навколишнього природного середовища,Закарпатська,Радіаційна безпека,Усього,Річна,2022,9700.0
Капітальні інвестиції на охорону навколишнього природного середовища,Закарпатська,Радіаційна безпека,Усього,Річна,2023,8800.0
Капітальні інвестиції на охорону навколишнього природного середовища,Закарпатська,Інші напрями природоохоронної діяльності,Усього,Річна,2023,521700.00000000006
Капітальні інвестиції на охорону навколишнього природного середовища,Закарпатська,Зниження шумового та вібраційного впливу,Усього,Річна,2022,57700.0
Капітальні інвестиції на охорону навколишнього природного середовища,Закарпатська,Зниження шумового та вібраційного впливу,Усього,Річна,2023,87600.0
Капітальні інвестиції на охорону навколишнього природного середовища,Закарпатська,Зниження шумового та вібраційного впливу,Усього,Річна,2024,114000.0
Капітальні інвестиції на охорону навколишнього природного середовища,Закарпатська,Зниження шумового та вібраційного впливу,Усього,Річна,2025,72000.0
Капітальні інвестиції на охорону навколишнього природного середовища,Закарпатська,Поводження з відходами,Усього,Річна,2021,10615600.0
Капітальні інвестиції на охорону навколишнього природного середовища,Закарпатська,Поводження з відходами,Усього,Річна,2022,10301700.0
Капітальні інвестиції на охорону навколишнього природного середовища,Закарпатська,Поводження з відходами,Усього,Річна,2023,18874200.0
Капітальні інвестиції на охорону навколишнього природного середовища,Закарпатська,Поводження з відходами,Усього,Річна,2024,31209500.0
Капітальні інвестиції на охорону навколишнього природного середовища,Закарпатська,Поводження з відходами,Усього,Річна,2025,60028600.0
Капітальні інвестиції на охорону навколишнього природного середовища,Закарпатська,Охорона атмосферного повітря і проблеми зміни клімату,Усього,Річна,2021,973000.0
Капітальні інвестиції на охорону навколишнього природного середовища,Закарпатська,Охорона атмосферного повітря і проблеми зміни клімату,Усього,Річна,2022,753400.0
Капітальні інвестиції на охорону навколишнього природного середовища,Закарпатська,Охорона атмосферного повітря і проблеми зміни клімату,Усього,Річна,2023,47184000.0
Капітальні інвестиції на охорону навколишнього природного середовища,Закарпатська,Охорона атмосферного повітря і проблеми зміни клімату,Усього,Річна,2024,56949600.0
Капітальні інвестиції на охорону навколишнього природного середовища,Закарпатська,Охорона атмосферного повітря і проблеми зміни клімату,Усього,Річна,2025,1002800.0
Капітальні інвестиції на охорону навколишнього природного середовища,Закарпатська,"Захист і реабілітацію ґрунту, підземних  і поверхневих вод",Усього,Річна,2021,152700.0
Капітальні інвестиції на охорону навколишнього природного середовища,Закарпатська,"Захист і реабілітацію ґрунту, підземних  і поверхневих вод",Усього,Річна,2022,660000.0
Капітальні інвестиції на охорону навколишнього природного середовища,Закарпатська,"Захист і реабілітацію ґрунту, підземних  і поверхневих вод",Усього,Річна,2023,623600.0
Капітальні інвестиції на охорону навколишнього природного середовища,Закарпатська,"Захист і реабілітацію ґрунту, підземних  і поверхневих вод",Усього,Річна,2024,760000.0
Капітальні інвестиції на охорону навколишнього природного середовища,Закарпатська,"Захист і реабілітацію ґрунту, підземних  і поверхневих вод",Усього,Річна,2025,370100.0
Капітальні інвестиції на охорону навколишнього природного середовища,Закарпатська,Науково-дослідні роботи природоохоронного спрямування,Усього,Річна,2021,28700.0
Капітальні інвестиції на охорону навколишнього природного середовища,Закарпатська,Науково-дослідні роботи природоохоронного спрямування,Усього,Річна,2022,45200.0
Капітальні інвестиції на охорону навколишнього природного середовища,Закарпатська,Науково-дослідні роботи природоохоронного спрямування,Усього,Річна,2023,109700.0
Капітальні інвестиції на охорону навколишнього природного середовища,Закарпатська,Науково-дослідні роботи природоохоронного спрямування,Усього,Річна,2024,109700.0
Капітальні інвестиції на охорону навколишнього природного середовища,Закарпатська,Науково-дослідні роботи природоохоронного спрямування,Усього,Річна,2025,159200.0
Капітальні інвестиції на охорону навколишнього природного середовища,Запорізька,Зниження шумового та вібраційного впливу,Усього,Річна,2021,500.0
Капітальні інвестиції на охорону навколишнього природного середовища,Запорізька,Інші напрями природоохоронної діяльності,Усього,Річна,2021,5533000.0
Капітальні інвестиції на охорону навколишнього природного середовища,Запорізька,Інші напрями природоохоронної діяльності,Усього,Річна,2025,63800.0
Капітальні інвестиції на охорону навколишнього природного середовища,Запорізька,Радіаційна безпека,Усього,Річна,2021,299900.0
Капітальні інвестиції на охорону навколишнього природного середовища,Запорізька,Радіаційна безпека,Усього,Річна,2022,2700.0
Капітальні інвестиції на охорону навколишнього природного середовища,Запорізька,Радіаційна безпека,Усього,Річна,2023,19200.0
Капітальні інвестиції на охорону навколишнього природного середовища,Запорізька,Поводження з відходами,Усього,Річна,2021,32783300.000000004
Капітальні інвестиції на охорону навколишнього природного середовища,Запорізька,Поводження з відходами,Усього,Річна,2022,5784600.0
Капітальні інвестиції на охорону навколишнього природного середовища,Запорізька,Поводження з відходами,Усього,Річна,2023,969500.0
Капітальні інвестиції на охорону навколишнього природного середовища,Запорізька,Поводження з відходами,Усього,Річна,2024,934000.0
Капітальні інвестиції на охорону навколишнього природного середовища,Запорізька,Поводження з відходами,Усього,Річна,2025,842900.0
Капітальні інвестиції на охорону навколишнього природного середовища,Запорізька,Науково-дослідні роботи природоохоронного спрямування,Усього,Річна,2021,184700.0
Капітальні інвестиції на охорону навколишнього природного середовища,Запорізька,Науково-дослідні роботи природоохоронного спрямування,Усього,Річна,2022,424800.0
Капітальні інвестиції на охорону навколишнього природного середовища,Запорізька,Науково-дослідні роботи природоохоронного спрямування,Усього,Річна,2024,730000.0
Капітальні інвестиції на охорону навколишнього природного середовища,Запорізька,Науково-дослідні роботи природоохоронного спрямування,Усього,Річна,2025,80000.0
Капітальні інвестиції на охорону навколишнього природного середовища,Запорізька,Збереження біорізноманіття та середовища існування,Усього,Річна,2021,5468900.0
Капітальні інвестиції на охорону навколишнього природного середовища,Запорізька,Збереження біорізноманіття та середовища існування,Усього,Річна,2022,28600.0
Капітальні інвестиції на охорону навколишнього природного середовища,Запорізька,Збереження біорізноманіття та середовища існування,Усього,Річна,2025,8501600.0
Капітальні інвестиції на охорону навколишнього природного середовища,Запорізька,"Захист і реабілітацію ґрунту, підземних  і поверхневих вод",Усього,Річна,2021,47320800.0
Капітальні інвестиції на охорону навколишнього природного середовища,Запорізька,"Захист і реабілітацію ґрунту, підземних  і поверхневих вод",Усього,Річна,2022,5824800.0
Капітальні інвестиції на охорону навколишнього природного середовища,Запорізька,"Захист і реабілітацію ґрунту, підземних  і поверхневих вод",Усього,Річна,2023,11419200.0
Капітальні інвестиції на охорону навколишнього природного середовища,Запорізька,"Захист і реабілітацію ґрунту, підземних  і поверхневих вод",Усього,Річна,2024,17474900.0
Капітальні інвестиції на охорону навколишнього природного середовища,Запорізька,"Захист і реабілітацію ґрунту, підземних  і поверхневих вод",Усього,Річна,2025,36969100.0
Капітальні інвестиції на охорону навколишнього природного середовища,Запорізька,Очищення зворотних вод,Усього,Річна,2021,102641100.0
Капітальні інвестиції на охорону навколишнього природного середовища,Запорізька,Очищення зворотних вод,Усього,Річна,2022,31127200.0
Капітальні інвестиції на охорону навколишнього природного середовища,Запорізька,Очищення зворотних вод,Усього,Річна,2023,26635100.0
Капітальні інвестиції на охорону навколишнього природного середовища,Запорізька,Очищення зворотних вод,Усього,Річна,2024,51644700.0
Капітальні інвестиції на охорону навколишнього природного середовища,Запорізька,Очищення зворотних вод,Усього,Річна,2025,33395300.000000004
Капітальні інвестиції на охорону навколишнього природного середовища,Запорізька,Охорона атмосферного повітря і проблеми зміни клімату,Усього,Річна,2021,545144700.0
Капітальні інвестиції на охорону навколишнього природного середовища,Запорізька,Охорона атмосферного повітря і проблеми зміни клімату,Усього,Річна,2022,141252100.0
Капітальні інвестиції на охорону навколишнього природного середовища,Запорізька,Охорона атмосферного повітря і проблеми зміни клімату,Усього,Річна,2023,126185100.0
Капітальні інвестиції на охорону навколишнього природного середовища,Запорізька,Охорона атмосферного повітря і проблеми зміни клімату,Усього,Річна,2024,145791100.0
Капітальні інвестиції на охорону навколишнього природного середовища,Запорізька,Охорона атмосферного повітря і проблеми зміни клімату,Усього,Річна,2025,67610100.0
Капітальні інвестиції на охорону навколишнього природного середовища,Івано-Франківська,Науково-дослідні роботи природоохоронного спрямування,Усього,Річна,2022,7500.0
Капітальні інвестиції на охорону навколишнього природного середовища,Івано-Франківська,Науково-дослідні роботи природоохоронного спрямування,Усього,Річна,2023,12000.0
Капітальні інвестиції на охорону навколишнього природного середовища,Івано-Франківська,Науково-дослідні роботи природоохоронного спрямування,Усього,Річна,2024,265500.0
Капітальні інвестиції на охорону навколишнього природного середовища,Івано-Франківська,Науково-дослідні роботи природоохоронного спрямування,Усього,Річна,2025,496100.0
Капітальні інвестиції на охорону навколишнього природного середовища,Івано-Франківська,"Захист і реабілітацію ґрунту, підземних  і поверхневих вод",Усього,Річна,2021,38011200.0
Капітальні інвестиції на охорону навколишнього природного середовища,Івано-Франківська,"Захист і реабілітацію ґрунту, підземних  і поверхневих вод",Усього,Річна,2022,2526000.0
Капітальні інвестиції на охорону навколишнього природного середовища,Івано-Франківська,"Захист і реабілітацію ґрунту, підземних  і поверхневих вод",Усього,Річна,2023,34518000.0
Капітальні інвестиції на охорону навколишнього природного середовища,Івано-Франківська,"Захист і реабілітацію ґрунту, підземних  і поверхневих вод",Усього,Річна,2024,9558000.0
Капітальні інвестиції на охорону навколишнього природного середовища,Івано-Франківська,"Захист і реабілітацію ґрунту, підземних  і поверхневих вод",Усього,Річна,2025,17459100.0
Капітальні інвестиції на охорону навколишнього природного середовища,Івано-Франківська,Охорона атмосферного повітря і проблеми зміни клімату,Усього,Річна,2021,78657500.0
Капітальні інвестиції на охорону навколишнього природного середовища,Івано-Франківська,Охорона атмосферного повітря і проблеми зміни клімату,Усього,Річна,2022,29985200.0
Капітальні інвестиції на охорону навколишнього природного середовища,Івано-Франківська,Охорона атмосферного повітря і проблеми зміни клімату,Усього,Річна,2023,28082200.0
Капітальні інвестиції на охорону навколишнього природного середовища,Івано-Франківська,Охорона атмосферного повітря і проблеми зміни клімату,Усього,Річна,2024,23392900.0
Капітальні інвестиції на охорону навколишнього природного середовища,Івано-Франківська,Охорона атмосферного повітря і проблеми зміни клімату,Усього,Річна,2025,50386800.0
Капітальні інвестиції на охорону навколишнього природного середовища,Івано-Франківська,Інші напрями природоохоронної діяльності,Усього,Річна,2021,8953700.0
Капітальні інвестиції на охорону навколишнього природного середовища,Івано-Франківська,Інші напрями природоохоронної діяльності,Усього,Річна,2022,1070000.0
Капітальні інвестиції на охорону навколишнього природного середовища,Івано-Франківська,Інші напрями природоохоронної діяльності,Усього,Річна,2023,97900.0
Капітальні інвестиції на охорону навколишнього природного середовища,Івано-Франківська,Інші напрями природоохоронної діяльності,Усього,Річна,2024,181700.0
Капітальні інвестиції на охорону навколишнього природного середовища,Івано-Франківська,Інші напрями природоохоронної діяльності,Усього,Річна,2025,809600.0
Капітальні інвестиції на охорону навколишнього природного середовища,Івано-Франківська,Зниження шумового та вібраційного впливу,Усього,Річна,2021,90000.0
Капітальні інвестиції на охорону навколишнього природного середовища,Івано-Франківська,Зниження шумового та вібраційного впливу,Усього,Річна,2022,64700.0
Капітальні інвестиції на охорону навколишнього природного середовища,Івано-Франківська,Поводження з відходами,Усього,Річна,2021,16946700.0
Капітальні інвестиції на охорону навколишнього природного середовища,Івано-Франківська,Поводження з відходами,Усього,Річна,2022,7308500.0
Капітальні інвестиції на охорону навколишнього природного середовища,Івано-Франківська,Поводження з відходами,Усього,Річна,2023,12683100.0
Капітальні інвестиції на охорону навколишнього природного середовища,Івано-Франківська,Поводження з відходами,Усього,Річна,2024,29313000.0
Капітальні інвестиції на охорону навколишнього природного середовища,Івано-Франківська,Поводження з відходами,Усього,Річна,2025,42833100.0
Капітальні інвестиції на охорону навколишнього природного середовища,Івано-Франківська,Очищення зворотних вод,Усього,Річна,2021,41372600.0
Капітальні інвестиції на охорону навколишнього природного середовища,Івано-Франківська,Очищення зворотних вод,Усього,Річна,2022,38490500.0
Капітальні інвестиції на охорону навколишнього природного середовища,Івано-Франківська,Очищення зворотних вод,Усього,Річна,2023,52772100.0
Капітальні інвестиції на охорону навколишнього природного середовища,Івано-Франківська,Очищення зворотних вод,Усього,Річна,2024,38611200.0
Капітальні інвестиції на охорону навколишнього природного середовища,Івано-Франківська,Очищення зворотних вод,Усього,Річна,2025,41773100.0
Капітальні інвестиції на охорону навколишнього природного середовища,Івано-Франківська,Збереження біорізноманіття та середовища існування,Усього,Річна,2021,45452400.0
Капітальні інвестиції на охорону навколишнього природного середовища,Івано-Франківська,Збереження біорізноманіття та середовища існування,Усього,Річна,2022,2857000.0
Капітальні інвестиції на охорону навколишнього природного середовища,Івано-Франківська,Збереження біорізноманіття та середовища існування,Усього,Річна,2023,229700.0
Капітальні інвестиції на охорону навколишнього природного середовища,Івано-Франківська,Збереження біорізноманіття та середовища існування,Усього,Річна,2024,145900.0
Капітальні інвестиції на охорону навколишнього природного середовища,Івано-Франківська,Збереження біорізноманіття та середовища існування,Усього,Річна,2025,2634500.0
Капітальні інвестиції на охорону навколишнього природного середовища,Івано-Франківська,Радіаційна безпека,Усього,Річна,2021,7000.0
Капітальні інвестиції на охорону навколишнього природного середовища,Івано-Франківська,Радіаційна безпека,Усього,Річна,2022,122700.0
Капітальні інвестиції на охорону навколишнього природного середовища,Київська,Поводження з відходами,Усього,Річна,2021,39084600.0
Капітальні інвестиції на охорону навколишнього природного середовища,Київська,Поводження з відходами,Усього,Річна,2022,47217700.0
Капітальні інвестиції на охорону навколишнього природного середовища,Київська,Поводження з відходами,Усього,Річна,2023,60964100.0
Капітальні інвестиції на охорону навколишнього природного середовища,Київська,Поводження з відходами,Усього,Річна,2024,98010900.0
Капітальні інвестиції на охорону навколишнього природного середовища,Київська,Поводження з відходами,Усього,Річна,2025,39739100.0
Капітальні інвестиції на охорону навколишнього природного середовища,Київська,Радіаційна безпека,Усього,Річна,2021,32608800.0
Капітальні інвестиції на охорону навколишнього природного середовища,Київська,Радіаційна безпека,Усього,Річна,2022,2639900.0
Капітальні інвестиції на охорону навколишнього природного середовища,Київська,Радіаційна безпека,Усього,Річна,2023,3934600.0
Капітальні інвестиції на охорону навколишнього природного середовища,Київська,Радіаційна безпека,Усього,Річна,2024,12893700.0
Капітальні інвестиції на охорону навколишнього природного середовища,Київська,Радіаційна безпека,Усього,Річна,2025,26480700.0
Капітальні інвестиції на охорону навколишнього природного середовища,Київська,Зниження шумового та вібраційного впливу,Усього,Річна,2022,1604800.0
Капітальні інвестиції на охорону навколишнього природного середовища,Київська,Зниження шумового та вібраційного впливу,Усього,Річна,2023,6674300.0
Капітальні інвестиції на охорону навколишнього природного середовища,Київська,Зниження шумового та вібраційного впливу,Усього,Річна,2025,16600.0
Капітальні інвестиції на охорону навколишнього природного середовища,Київська,Інші напрями природоохоронної діяльності,Усього,Річна,2021,4671300.0
Капітальні інвестиції на охорону навколишнього природного середовища,Київська,Інші напрями природоохоронної діяльності,Усього,Річна,2022,52673700.0
Капітальні інвестиції на охорону навколишнього природного середовища,Київська,Інші напрями природоохоронної діяльності,Усього,Річна,2023,8093000.0
Капітальні інвестиції на охорону навколишнього природного середовища,Київська,Інші напрями природоохоронної діяльності,Усього,Річна,2024,13335000.0
Капітальні інвестиції на охорону навколишнього природного середовища,Київська,Інші напрями природоохоронної діяльності,Усього,Річна,2025,79042100.0
Капітальні інвестиції на охорону навколишнього природного середовища,Київська,Науково-дослідні роботи природоохоронного спрямування,Усього,Річна,2021,4450700.0
Капітальні інвестиції на охорону навколишнього природного середовища,Київська,Науково-дослідні роботи природоохоронного спрямування,Усього,Річна,2022,1922700.0
Капітальні інвестиції на охорону навколишнього природного середовища,Київська,Науково-дослідні роботи природоохоронного спрямування,Усього,Річна,2023,2083100.0
Капітальні інвестиції на охорону навколишнього природного середовища,Київська,Науково-дослідні роботи природоохоронного спрямування,Усього,Річна,2024,1187900.0
Капітальні інвестиції на охорону навколишнього природного середовища,Київська,Збереження біорізноманіття та середовища існування,Усього,Річна,2021,57323400.0
Капітальні інвестиції на охорону навколишнього природного середовища,Київська,Збереження біорізноманіття та середовища існування,Усього,Річна,2022,91469000.0
Капітальні інвестиції на охорону навколишнього природного середовища,Київська,Збереження біорізноманіття та середовища існування,Усього,Річна,2023,20795600.0
Капітальні інвестиції на охорону навколишнього природного середовища,Київська,Збереження біорізноманіття та середовища існування,Усього,Річна,2024,602900.0
Капітальні інвестиції на охорону навколишнього природного середовища,Київська,Збереження біорізноманіття та середовища існування,Усього,Річна,2025,6352500.0
Капітальні інвестиції на охорону навколишнього природного середовища,Київська,"Захист і реабілітацію ґрунту, підземних  і поверхневих вод",Усього,Річна,2021,46200.0
Капітальні інвестиції на охорону навколишнього природного середовища,Київська,"Захист і реабілітацію ґрунту, підземних  і поверхневих вод",Усього,Річна,2022,7496300.0
Капітальні інвестиції на охорону навколишнього природного середовища,Київська,"Захист і реабілітацію ґрунту, підземних  і поверхневих вод",Усього,Річна,2023,4588900.0
Капітальні інвестиції на охорону навколишнього природного середовища,Київська,"Захист і реабілітацію ґрунту, підземних  і поверхневих вод",Усього,Річна,2024,5321200.0
Капітальні інвестиції на охорону навколишнього природного середовища,Київська,"Захист і реабілітацію ґрунту, підземних  і поверхневих вод",Усього,Річна,2025,6760300.0
Капітальні інвестиції на охорону навколишнього природного середовища,Київська,Очищення зворотних вод,Усього,Річна,2021,78680300.0
Капітальні інвестиції на охорону навколишнього природного середовища,Київська,Очищення зворотних вод,Усього,Річна,2022,57001600.0
Капітальні інвестиції на охорону навколишнього природного середовища,Київська,Очищення зворотних вод,Усього,Річна,2023,60894100.0
Капітальні інвестиції на охорону навколишнього природного середовища,Київська,Очищення зворотних вод,Усього,Річна,2024,107931100.0
Капітальні інвестиції на охорону навколишнього природного середовища,Київська,Очищення зворотних вод,Усього,Річна,2025,77491500.0
Капітальні інвестиції на охорону навколишнього природного середовища,Київська,Охорона атмосферного повітря і проблеми зміни клімату,Усього,Річна,2021,21511700.0
Капітальні інвестиції на охорону навколишнього природного середовища,Київська,Охорона атмосферного повітря і проблеми зміни клімату,Усього,Річна,2022,13843700.0
Капітальні інвестиції на охорону навколишнього природного середовища,Київська,Охорона атмосферного повітря і проблеми зміни клімату,Усього,Річна,2023,50611000.0
Капітальні інвестиції на охорону навколишнього природного середовища,Київська,Охорона атмосферного повітря і проблеми зміни клімату,Усього,Річна,2024,9811100.0
Капітальні інвестиції на охорону навколишнього природного середовища,Київська,Охорона атмосферного повітря і проблеми зміни клімату,Усього,Річна,2025,45772100.0
Капітальні інвестиції на охорону навколишнього природного середовища,Кіровоградська,"Захист і реабілітацію ґрунту, підземних  і поверхневих вод",Усього,Річна,2021,12413500.0
Капітальні інвестиції на охорону навколишнього природного середовища,Кіровоградська,"Захист і реабілітацію ґрунту, підземних  і поверхневих вод",Усього,Річна,2022,684000.0
Капітальні інвестиції на охорону навколишнього природного середовища,Кіровоградська,"Захист і реабілітацію ґрунту, підземних  і поверхневих вод",Усього,Річна,2023,263700.0
Капітальні інвестиції на охорону навколишнього природного середовища,Кіровоградська,"Захист і реабілітацію ґрунту, підземних  і поверхневих вод",Усього,Річна,2024,5700100.0
Капітальні інвестиції на охорону навколишнього природного середовища,Кіровоградська,Поводження з відходами,Усього,Річна,2021,4749500.0
Капітальні інвестиції на охорону навколишнього природного середовища,Кіровоградська,Поводження з відходами,Усього,Річна,2022,4070900.0
Капітальні інвестиції на охорону навколишнього природного середовища,Кіровоградська,Поводження з відходами,Усього,Річна,2023,3694000.0
Капітальні інвестиції на охорону навколишнього природного середовища,Кіровоградська,Поводження з відходами,Усього,Річна,2024,6966100.0
Капітальні інвестиції на охорону навколишнього природного середовища,Кіровоградська,Поводження з відходами,Усього,Річна,2025,3735800.0
Капітальні інвестиції на охорону навколишнього природного середовища,Кіровоградська,Збереження біорізноманіття та середовища існування,Усього,Річна,2021,1596900.0
Капітальні інвестиції на охорону навколишнього природного середовища,Кіровоградська,Збереження біорізноманіття та середовища існування,Усього,Річна,2022,3641400.0
Капітальні інвестиції на охорону навколишнього природного середовища,Кіровоградська,Збереження біорізноманіття та середовища існування,Усього,Річна,2023,144900.0
Капітальні інвестиції на охорону навколишнього природного середовища,Кіровоградська,Збереження біорізноманіття та середовища існування,Усього,Річна,2024,201400.0
Капітальні інвестиції на охорону навколишнього природного середовища,Кіровоградська,Збереження біорізноманіття та середовища існування,Усього,Річна,2025,93000.0
Капітальні інвестиції на охорону навколишнього природного середовища,Кіровоградська,Очищення зворотних вод,Усього,Річна,2021,146609500.0
Капітальні інвестиції на охорону навколишнього природного середовища,Кіровоградська,Очищення зворотних вод,Усього,Річна,2022,119924700.0
Капітальні інвестиції на охорону навколишнього природного середовища,Кіровоградська,Очищення зворотних вод,Усього,Річна,2023,137789800.0
Капітальні інвестиції на охорону навколишнього природного середовища,Кіровоградська,Очищення зворотних вод,Усього,Річна,2024,119854000.0
Капітальні інвестиції на охорону навколишнього природного середовища,Кіровоградська,Очищення зворотних вод,Усього,Річна,2025,199823500.0
Капітальні інвестиції на охорону навколишнього природного середовища,Кіровоградська,Охорона атмосферного повітря і проблеми зміни клімату,Усього,Річна,2022,176400.0
Капітальні інвестиції на охорону навколишнього природного середовища,Кіровоградська,Охорона атмосферного повітря і проблеми зміни клімату,Усього,Річна,2023,239600.0
Капітальні інвестиції на охорону навколишнього природного середовища,Кіровоградська,Охорона атмосферного повітря і проблеми зміни клімату,Усього,Річна,2024,297900.0
Капітальні інвестиції на охорону навколишнього природного середовища,Кіровоградська,Охорона атмосферного повітря і проблеми зміни клімату,Усього,Річна,2025,535500.0
Капітальні інвестиції на охорону навколишнього природного середовища,Кіровоградська,Науково-дослідні роботи природоохоронного спрямування,Усього,Річна,2023,75000.0
Капітальні інвестиції на охорону навколишнього природного середовища,Луганська,Очищення зворотних вод,Усього,Річна,2021,2743200.0
Капітальні інвестиції на охорону навколишнього природного середовища,Луганська,Збереження біорізноманіття та середовища існування,Усього,Річна,2021,8372700.000000001
Капітальні інвестиції на охорону навколишнього природного середовища,Луганська,Збереження біорізноманіття та середовища існування,Усього,Річна,2022,84000.0
Капітальні інвестиції на охорону навколишнього природного середовища,Луганська,Збереження біорізноманіття та середовища існування,Усього,Річна,2023,109100.0
Капітальні інвестиції на охорону навколишнього природного середовища,Луганська,Збереження біорізноманіття та середовища існування,Усього,Річна,2024,79900.0
Капітальні інвестиції на охорону навколишнього природного середовища,Луганська,Збереження біорізноманіття та середовища існування,Усього,Річна,2025,51800.0
Капітальні інвестиції на охорону навколишнього природного середовища,Луганська,Охорона атмосферного повітря і проблеми зміни клімату,Усього,Річна,2021,13002000.0
Капітальні інвестиції на охорону навколишнього природного середовища,Луганська,Інші напрями природоохоронної діяльності,Усього,Річна,2021,24000.0
Капітальні інвестиції на охорону навколишнього природного середовища,Луганська,Поводження з відходами,Усього,Річна,2021,17730800.0
Капітальні інвестиції на охорону навколишнього природного середовища,Львівська,"Захист і реабілітацію ґрунту, підземних  і поверхневих вод",Усього,Річна,2021,243129300.0
Капітальні інвестиції на охорону навколишнього природного середовища,Львівська,"Захист і реабілітацію ґрунту, підземних  і поверхневих вод",Усього,Річна,2022,115561900.0
Капітальні інвестиції на охорону навколишнього природного середовища,Львівська,"Захист і реабілітацію ґрунту, підземних  і поверхневих вод",Усього,Річна,2023,19048500.0
Капітальні інвестиції на охорону навколишнього природного середовища,Львівська,"Захист і реабілітацію ґрунту, підземних  і поверхневих вод",Усього,Річна,2024,109339800.0
Капітальні інвестиції на охорону навколишнього природного середовища,Львівська,"Захист і реабілітацію ґрунту, підземних  і поверхневих вод",Усього,Річна,2025,317818600.0
Капітальні інвестиції на охорону навколишнього природного середовища,Львівська,Поводження з відходами,Усього,Річна,2021,184731900.0
Капітальні інвестиції на охорону навколишнього природного середовища,Львівська,Поводження з відходами,Усього,Річна,2022,92063600.0
Капітальні інвестиції на охорону навколишнього природного середовища,Львівська,Поводження з відходами,Усього,Річна,2023,172297700.0
Капітальні інвестиції на охорону навколишнього природного середовища,Львівська,Поводження з відходами,Усього,Річна,2024,469579100.0
Капітальні інвестиції на охорону навколишнього природного середовища,Львівська,Поводження з відходами,Усього,Річна,2025,530883199.99999994
Капітальні інвестиції на охорону навколишнього природного середовища,Львівська,Охорона атмосферного повітря і проблеми зміни клімату,Усього,Річна,2021,50835800.0
Капітальні інвестиції на охорону навколишнього природного середовища,Львівська,Охорона атмосферного повітря і проблеми зміни клімату,Усього,Річна,2022,19734500.0
Капітальні інвестиції на охорону навколишнього природного середовища,Львівська,Охорона атмосферного повітря і проблеми зміни клімату,Усього,Річна,2023,13829800.0
Капітальні інвестиції на охорону навколишнього природного середовища,Львівська,Охорона атмосферного повітря і проблеми зміни клімату,Усього,Річна,2024,7703700.0
Капітальні інвестиції на охорону навколишнього природного середовища,Львівська,Охорона атмосферного повітря і проблеми зміни клімату,Усього,Річна,2025,313903300.0
Капітальні інвестиції на охорону навколишнього природного середовища,Львівська,Очищення зворотних вод,Усього,Річна,2021,140470500.0
Капітальні інвестиції на охорону навколишнього природного середовища,Львівська,Очищення зворотних вод,Усього,Річна,2022,90112900.0
Капітальні інвестиції на охорону навколишнього природного середовища,Львівська,Очищення зворотних вод,Усього,Річна,2023,126203900.0
Капітальні інвестиції на охорону навколишнього природного середовища,Львівська,Очищення зворотних вод,Усього,Річна,2024,100263200.0
Капітальні інвестиції на охорону навколишнього природного середовища,Львівська,Очищення зворотних вод,Усього,Річна,2025,172221500.0
Капітальні інвестиції на охорону навколишнього природного середовища,Львівська,Науково-дослідні роботи природоохоронного спрямування,Усього,Річна,2021,8300.0
Капітальні інвестиції на охорону навколишнього природного середовища,Львівська,Науково-дослідні роботи природоохоронного спрямування,Усього,Річна,2022,140000.0
Капітальні інвестиції на охорону навколишнього природного середовища,Львівська,Науково-дослідні роботи природоохоронного спрямування,Усього,Річна,2023,3300.0
Капітальні інвестиції на охорону навколишнього природного середовища,Львівська,Науково-дослідні роботи природоохоронного спрямування,Усього,Річна,2024,403200.0
Капітальні інвестиції на охорону навколишнього природного середовища,Львівська,Радіаційна безпека,Усього,Річна,2022,21900.0
Капітальні інвестиції на охорону навколишнього природного середовища,Львівська,Радіаційна безпека,Усього,Річна,2023,61000.0
Капітальні інвестиції на охорону навколишнього природного середовища,Львівська,Радіаційна безпека,Усього,Річна,2024,102000.0
Капітальні інвестиції на охорону навколишнього природного середовища,Львівська,Радіаційна безпека,Усього,Річна,2025,77000.0
Капітальні інвестиції на охорону навколишнього природного середовища,Львівська,Інші напрями природоохоронної діяльності,Усього,Річна,2021,8098600.0
Капітальні інвестиції на охорону навколишнього природного середовища,Львівська,Інші напрями природоохоронної діяльності,Усього,Річна,2022,2901400.0
Капітальні інвестиції на охорону навколишнього природного середовища,Львівська,Інші напрями природоохоронної діяльності,Усього,Річна,2023,147300.0
Капітальні інвестиції на охорону навколишнього природного середовища,Львівська,Інші напрями природоохоронної діяльності,Усього,Річна,2024,42200.0
Капітальні інвестиції на охорону навколишнього природного середовища,Львівська,Інші напрями природоохоронної діяльності,Усього,Річна,2025,656900.0
Капітальні інвестиції на охорону навколишнього природного середовища,Львівська,Зниження шумового та вібраційного впливу,Усього,Річна,2021,426900.0
Капітальні інвестиції на охорону навколишнього природного середовища,Львівська,Зниження шумового та вібраційного впливу,Усього,Річна,2022,3454500.0
Капітальні інвестиції на охорону навколишнього природного середовища,Львівська,Зниження шумового та вібраційного впливу,Усього,Річна,2023,1708700.0
Капітальні інвестиції на охорону навколишнього природного середовища,Львівська,Збереження біорізноманіття та середовища існування,Усього,Річна,2021,11705600.0
Капітальні інвестиції на охорону навколишнього природного середовища,Львівська,Збереження біорізноманіття та середовища існування,Усього,Річна,2022,2918100.0
Капітальні інвестиції на охорону навколишнього природного середовища,Львівська,Збереження біорізноманіття та середовища існування,Усього,Річна,2023,1175400.0
Капітальні інвестиції на охорону навколишнього природного середовища,Львівська,Збереження біорізноманіття та середовища існування,Усього,Річна,2024,1236500.0
Капітальні інвестиції на охорону навколишнього природного середовища,Львівська,Збереження біорізноманіття та середовища існування,Усього,Річна,2025,1632100.0
Капітальні інвестиції на охорону навколишнього природного середовища,Миколаївська,Інші напрями природоохоронної діяльності,Усього,Річна,2021,276500.0
Капітальні інвестиції на охорону навколишнього природного середовища,Миколаївська,Інші напрями природоохоронної діяльності,Усього,Річна,2022,191200.0
Капітальні інвестиції на охорону навколишнього природного середовища,Миколаївська,Інші напрями природоохоронної діяльності,Усього,Річна,2023,108800.0
Капітальні інвестиції на охорону навколишнього природного середовища,Миколаївська,Збереження біорізноманіття та середовища існування,Усього,Річна,2021,576500.0
Капітальні інвестиції на охорону навколишнього природного середовища,Миколаївська,Збереження біорізноманіття та середовища існування,Усього,Річна,2022,1374300.0
Капітальні інвестиції на охорону навколишнього природного середовища,Миколаївська,Збереження біорізноманіття та середовища існування,Усього,Річна,2023,3198200.0
Капітальні інвестиції на охорону навколишнього природного середовища,Миколаївська,Збереження біорізноманіття та середовища існування,Усього,Річна,2024,2000.0
Капітальні інвестиції на охорону навколишнього природного середовища,Миколаївська,Поводження з відходами,Усього,Річна,2021,187657100.0
Капітальні інвестиції на охорону навколишнього природного середовища,Миколаївська,Поводження з відходами,Усього,Річна,2022,47993100.0
Капітальні інвестиції на охорону навколишнього природного середовища,Миколаївська,Поводження з відходами,Усього,Річна,2023,49506800.0
Капітальні інвестиції на охорону навколишнього природного середовища,Миколаївська,Поводження з відходами,Усього,Річна,2024,146416400.0
Капітальні інвестиції на охорону навколишнього природного середовища,Миколаївська,Поводження з відходами,Усього,Річна,2025,14399700.0
Капітальні інвестиції на охорону навколишнього природного середовища,Миколаївська,Очищення зворотних вод,Усього,Річна,2021,41316800.0
Капітальні інвестиції на охорону навколишнього природного середовища,Миколаївська,Очищення зворотних вод,Усього,Річна,2022,55898500.0
Капітальні інвестиції на охорону навколишнього природного середовища,Миколаївська,Очищення зворотних вод,Усього,Річна,2023,25597100.0
Капітальні інвестиції на охорону навколишнього природного середовища,Миколаївська,Очищення зворотних вод,Усього,Річна,2024,37327800.0
Капітальні інвестиції на охорону навколишнього природного середовища,Миколаївська,Очищення зворотних вод,Усього,Річна,2025,29455600.0
Капітальні інвестиції на охорону навколишнього природного середовища,Миколаївська,Охорона атмосферного повітря і проблеми зміни клімату,Усього,Річна,2021,233561700.0
Капітальні інвестиції на охорону навколишнього природного середовища,Миколаївська,Охорона атмосферного повітря і проблеми зміни клімату,Усього,Річна,2022,11301800.0
Капітальні інвестиції на охорону навколишнього природного середовища,Миколаївська,Охорона атмосферного повітря і проблеми зміни клімату,Усього,Річна,2023,2353600.0
Капітальні інвестиції на охорону навколишнього природного середовища,Миколаївська,Охорона атмосферного повітря і проблеми зміни клімату,Усього,Річна,2024,458400.0
Капітальні інвестиції на охорону навколишнього природного середовища,Миколаївська,Охорона атмосферного повітря і проблеми зміни клімату,Усього,Річна,2025,512900.0
Капітальні інвестиції на охорону навколишнього природного середовища,Одеська,Очищення зворотних вод,Усього,Річна,2021,7112900.0
Капітальні інвестиції на охорону навколишнього природного середовища,Одеська,Очищення зворотних вод,Усього,Річна,2022,2535300.0
Капітальні інвестиції на охорону навколишнього природного середовища,Одеська,Очищення зворотних вод,Усього,Річна,2023,22105900.0
Капітальні інвестиції на охорону навколишнього природного середовища,Одеська,Очищення зворотних вод,Усього,Річна,2024,10017300.0
Капітальні інвестиції на охорону навколишнього природного середовища,Одеська,Очищення зворотних вод,Усього,Річна,2025,6437300.0
Капітальні інвестиції на охорону навколишнього природного середовища,Одеська,Інші напрями природоохоронної діяльності,Усього,Річна,2023,72500.0
Капітальні інвестиції на охорону навколишнього природного середовища,Одеська,Інші напрями природоохоронної діяльності,Усього,Річна,2024,518000.0
Капітальні інвестиції на охорону навколишнього природного середовища,Одеська,Інші напрями природоохоронної діяльності,Усього,Річна,2025,811000.0
Капітальні інвестиції на охорону навколишнього природного середовища,Одеська,Науково-дослідні роботи природоохоронного спрямування,Усього,Річна,2021,117800.0
Капітальні інвестиції на охорону навколишнього природного середовища,Одеська,Науково-дослідні роботи природоохоронного спрямування,Усього,Річна,2022,28500.0
Капітальні інвестиції на охорону навколишнього природного середовища,Одеська,Науково-дослідні роботи природоохоронного спрямування,Усього,Річна,2023,41500.0
Капітальні інвестиції на охорону навколишнього природного середовища,Одеська,Науково-дослідні роботи природоохоронного спрямування,Усього,Річна,2024,780900.0
Капітальні інвестиції на охорону навколишнього природного середовища,Одеська,Науково-дослідні роботи природоохоронного спрямування,Усього,Річна,2025,153900.0
Капітальні інвестиції на охорону навколишнього природного середовища,Одеська,Зниження шумового та вібраційного впливу,Усього,Річна,2021,48183500.0
Капітальні інвестиції на охорону навколишнього природного середовища,Одеська,Зниження шумового та вібраційного впливу,Усього,Річна,2022,41474600.0
Капітальні інвестиції на охорону навколишнього природного середовища,Одеська,"Захист і реабілітацію ґрунту, підземних  і поверхневих вод",Усього,Річна,2021,18176700.0
Капітальні інвестиції на охорону навколишнього природного середовища,Одеська,"Захист і реабілітацію ґрунту, підземних  і поверхневих вод",Усього,Річна,2022,8225500.0
Капітальні інвестиції на охорону навколишнього природного середовища,Одеська,"Захист і реабілітацію ґрунту, підземних  і поверхневих вод",Усього,Річна,2023,3472100.0
Капітальні інвестиції на охорону навколишнього природного середовища,Одеська,"Захист і реабілітацію ґрунту, підземних  і поверхневих вод",Усього,Річна,2024,77600.0
Капітальні інвестиції на охорону навколишнього природного середовища,Одеська,"Захист і реабілітацію ґрунту, підземних  і поверхневих вод",Усього,Річна,2025,3641600.0
Капітальні інвестиції на охорону навколишнього природного середовища,Одеська,Охорона атмосферного повітря і проблеми зміни клімату,Усього,Річна,2021,9579800.0
Капітальні інвестиції на охорону навколишнього природного середовища,Одеська,Охорона атмосферного повітря і проблеми зміни клімату,Усього,Річна,2022,12521000.0
Капітальні інвестиції на охорону навколишнього природного середовища,Одеська,Охорона атмосферного повітря і проблеми зміни клімату,Усього,Річна,2023,6913100.0
Капітальні інвестиції на охорону навколишнього природного середовища,Одеська,Охорона атмосферного повітря і проблеми зміни клімату,Усього,Річна,2024,7486700.0
Капітальні інвестиції на охорону навколишнього природного середовища,Одеська,Охорона атмосферного повітря і проблеми зміни клімату,Усього,Річна,2025,8361200.000000001
Капітальні інвестиції на охорону навколишнього природного середовища,Одеська,Радіаційна безпека,Усього,Річна,2024,3100.0
Капітальні інвестиції на охорону навколишнього природного середовища,Одеська,Збереження біорізноманіття та середовища існування,Усього,Річна,2021,72400.0
Капітальні інвестиції на охорону навколишнього природного середовища,Одеська,Збереження біорізноманіття та середовища існування,Усього,Річна,2022,33700.0
Капітальні інвестиції на охорону навколишнього природного середовища,Одеська,Збереження біорізноманіття та середовища існування,Усього,Річна,2023,942600.0
Капітальні інвестиції на охорону навколишнього природного середовища,Одеська,Збереження біорізноманіття та середовища існування,Усього,Річна,2025,170900.0
Капітальні інвестиції на охорону навколишнього природного середовища,Одеська,Поводження з відходами,Усього,Річна,2021,9170700.0
Капітальні інвестиції на охорону навколишнього природного середовища,Одеська,Поводження з відходами,Усього,Річна,2022,2386900.0
Капітальні інвестиції на охорону навколишнього природного середовища,Одеська,Поводження з відходами,Усього,Річна,2023,14980400.0
Капітальні інвестиції на охорону навколишнього природного середовища,Одеська,Поводження з відходами,Усього,Річна,2024,36093300.0
Капітальні інвестиції на охорону навколишнього природного середовища,Одеська,Поводження з відходами,Усього,Річна,2025,25945200.0
Капітальні інвестиції на охорону навколишнього природного середовища,Полтавська,Інші напрями природоохоронної діяльності,Усього,Річна,2023,30000.0
Капітальні інвестиції на охорону навколишнього природного середовища,Полтавська,Інші напрями природоохоронної діяльності,Усього,Річна,2024,675900.0
Капітальні інвестиції на охорону навколишнього природного середовища,Полтавська,Інші напрями природоохоронної діяльності,Усього,Річна,2025,743500.0
Капітальні інвестиції на охорону навколишнього природного середовища,Полтавська,Очищення зворотних вод,Усього,Річна,2021,46511900.0
Капітальні інвестиції на охорону навколишнього природного середовища,Полтавська,Очищення зворотних вод,Усього,Річна,2022,47379400.0
Капітальні інвестиції на охорону навколишнього природного середовища,Полтавська,Очищення зворотних вод,Усього,Річна,2023,79420400.0
Капітальні інвестиції на охорону навколишнього природного середовища,Полтавська,Очищення зворотних вод,Усього,Річна,2024,100218700.0
Капітальні інвестиції на охорону навколишнього природного середовища,Полтавська,Очищення зворотних вод,Усього,Річна,2025,65685399.99999999
Капітальні інвестиції на охорону навколишнього природного середовища,Полтавська,Охорона атмосферного повітря і проблеми зміни клімату,Усього,Річна,2021,26764700.0
Капітальні інвестиції на охорону навколишнього природного середовища,Полтавська,Охорона атмосферного повітря і проблеми зміни клімату,Усього,Річна,2022,48961100.0
Капітальні інвестиції на охорону навколишнього природного середовища,Полтавська,Охорона атмосферного повітря і проблеми зміни клімату,Усього,Річна,2023,20108000.0
Капітальні інвестиції на охорону навколишнього природного середовища,Полтавська,Охорона атмосферного повітря і проблеми зміни клімату,Усього,Річна,2024,49179600.0
Капітальні інвестиції на охорону навколишнього природного середовища,Полтавська,Охорона атмосферного повітря і проблеми зміни клімату,Усього,Річна,2025,13376500.0
Капітальні інвестиції на охорону навколишнього природного середовища,Полтавська,Збереження біорізноманіття та середовища існування,Усього,Річна,2021,1436100.0
Капітальні інвестиції на охорону навколишнього природного середовища,Полтавська,Збереження біорізноманіття та середовища існування,Усього,Річна,2022,13300.0
Капітальні інвестиції на охорону навколишнього природного середовища,Полтавська,Збереження біорізноманіття та середовища існування,Усього,Річна,2023,20200.0
Капітальні інвестиції на охорону навколишнього природного середовища,Полтавська,Збереження біорізноманіття та середовища існування,Усього,Річна,2024,78000.0
Капітальні інвестиції на охорону навколишнього природного середовища,Полтавська,Збереження біорізноманіття та середовища існування,Усього,Річна,2025,48000.0
Капітальні інвестиції на охорону навколишнього природного середовища,Полтавська,Поводження з відходами,Усього,Річна,2021,130847800.0
Капітальні інвестиції на охорону навколишнього природного середовища,Полтавська,Поводження з відходами,Усього,Річна,2022,128907600.0
Капітальні інвестиції на охорону навколишнього природного середовища,Полтавська,Поводження з відходами,Усього,Річна,2023,65073500.0
Капітальні інвестиції на охорону навколишнього природного середовища,Полтавська,Поводження з відходами,Усього,Річна,2024,71176800.0
Капітальні інвестиції на охорону навколишнього природного середовища,Полтавська,Поводження з відходами,Усього,Річна,2025,45505800.0
Капітальні інвестиції на охорону навколишнього природного середовища,Полтавська,"Захист і реабілітацію ґрунту, підземних  і поверхневих вод",Усього,Річна,2021,1066500.0
Капітальні інвестиції на охорону навколишнього природного середовища,Полтавська,"Захист і реабілітацію ґрунту, підземних  і поверхневих вод",Усього,Річна,2022,324800.0
Капітальні інвестиції на охорону навколишнього природного середовища,Полтавська,"Захист і реабілітацію ґрунту, підземних  і поверхневих вод",Усього,Річна,2023,783800.0
Капітальні інвестиції на охорону навколишнього природного середовища,Полтавська,"Захист і реабілітацію ґрунту, підземних  і поверхневих вод",Усього,Річна,2024,747400.0
Капітальні інвестиції на охорону навколишнього природного середовища,Полтавська,"Захист і реабілітацію ґрунту, підземних  і поверхневих вод",Усього,Річна,2025,1782900.0
Капітальні інвестиції на охорону навколишнього природного середовища,Полтавська,Науково-дослідні роботи природоохоронного спрямування,Усього,Річна,2021,2288100.0
Капітальні інвестиції на охорону навколишнього природного середовища,Полтавська,Науково-дослідні роботи природоохоронного спрямування,Усього,Річна,2022,820000.0
Капітальні інвестиції на охорону навколишнього природного середовища,Полтавська,Науково-дослідні роботи природоохоронного спрямування,Усього,Річна,2023,923500.0
Капітальні інвестиції на охорону навколишнього природного середовища,Полтавська,Науково-дослідні роботи природоохоронного спрямування,Усього,Річна,2024,57000.0
Капітальні інвестиції на охорону навколишнього природного середовища,Полтавська,Науково-дослідні роботи природоохоронного спрямування,Усього,Річна,2025,748600.0
Капітальні інвестиції на охорону навколишнього природного середовища,Рівненська,Збереження біорізноманіття та середовища існування,Усього,Річна,2021,1785900.0
Капітальні інвестиції на охорону навколишнього природного середовища,Рівненська,Збереження біорізноманіття та середовища існування,Усього,Річна,2022,760100.0
Капітальні інвестиції на охорону навколишнього природного середовища,Рівненська,Збереження біорізноманіття та середовища існування,Усього,Річна,2023,1016700.0
Капітальні інвестиції на охорону навколишнього природного середовища,Рівненська,Збереження біорізноманіття та середовища існування,Усього,Річна,2024,8048900.0
Капітальні інвестиції на охорону навколишнього природного середовища,Рівненська,Збереження біорізноманіття та середовища існування,Усього,Річна,2025,15715000.0
Капітальні інвестиції на охорону навколишнього природного середовища,Рівненська,Зниження шумового та вібраційного впливу,Усього,Річна,2021,300000.0
Капітальні інвестиції на охорону навколишнього природного середовища,Рівненська,Зниження шумового та вібраційного впливу,Усього,Річна,2022,300000.0
Капітальні інвестиції на охорону навколишнього природного середовища,Рівненська,Зниження шумового та вібраційного впливу,Усього,Річна,2023,325000.0
Капітальні інвестиції на охорону навколишнього природного середовища,Рівненська,Зниження шумового та вібраційного впливу,Усього,Річна,2024,275000.0
Капітальні інвестиції на охорону навколишнього природного середовища,Рівненська,Зниження шумового та вібраційного впливу,Усього,Річна,2025,300000.0
Капітальні інвестиції на охорону навколишнього природного середовища,Рівненська,Охорона атмосферного повітря і проблеми зміни клімату,Усього,Річна,2021,4918400.0
Капітальні інвестиції на охорону навколишнього природного середовища,Рівненська,Охорона атмосферного повітря і проблеми зміни клімату,Усього,Річна,2022,6074300.0
Капітальні інвестиції на охорону навколишнього природного середовища,Рівненська,Охорона атмосферного повітря і проблеми зміни клімату,Усього,Річна,2023,146509700.0
Капітальні інвестиції на охорону навколишнього природного середовища,Рівненська,Охорона атмосферного повітря і проблеми зміни клімату,Усього,Річна,2024,106134400.0
Капітальні інвестиції на охорону навколишнього природного середовища,Рівненська,Охорона атмосферного повітря і проблеми зміни клімату,Усього,Річна,2025,3663800.0
Капітальні інвестиції на охорону навколишнього природного середовища,Рівненська,Очищення зворотних вод,Усього,Річна,2021,23816300.0
Капітальні інвестиції на охорону навколишнього природного середовища,Рівненська,Очищення зворотних вод,Усього,Річна,2022,16881300.0
Капітальні інвестиції на охорону навколишнього природного середовища,Рівненська,Очищення зворотних вод,Усього,Річна,2023,273902700.0
Капітальні інвестиції на охорону навколишнього природного середовища,Рівненська,Очищення зворотних вод,Усього,Річна,2024,39213200.0
Капітальні інвестиції на охорону навколишнього природного середовища,Рівненська,Очищення зворотних вод,Усього,Річна,2025,29409200.0
Капітальні інвестиції на охорону навколишнього природного середовища,Рівненська,"Захист і реабілітацію ґрунту, підземних  і поверхневих вод",Усього,Річна,2021,426400.0
Капітальні інвестиції на охорону навколишнього природного середовища,Рівненська,"Захист і реабілітацію ґрунту, підземних  і поверхневих вод",Усього,Річна,2022,1329700.0
Капітальні інвестиції на охорону навколишнього природного середовища,Рівненська,"Захист і реабілітацію ґрунту, підземних  і поверхневих вод",Усього,Річна,2023,139900.0
Капітальні інвестиції на охорону навколишнього природного середовища,Рівненська,"Захист і реабілітацію ґрунту, підземних  і поверхневих вод",Усього,Річна,2024,154500.0
Капітальні інвестиції на охорону навколишнього природного середовища,Рівненська,"Захист і реабілітацію ґрунту, підземних  і поверхневих вод",Усього,Річна,2025,270300.0
Капітальні інвестиції на охорону навколишнього природного середовища,Рівненська,Науково-дослідні роботи природоохоронного спрямування,Усього,Річна,2025,520000.0
Капітальні інвестиції на охорону навколишнього природного середовища,Рівненська,Поводження з відходами,Усього,Річна,2021,16882300.0
Капітальні інвестиції на охорону навколишнього природного середовища,Рівненська,Поводження з відходами,Усього,Річна,2022,3575000.0
Капітальні інвестиції на охорону навколишнього природного середовища,Рівненська,Поводження з відходами,Усього,Річна,2023,12347900.0
Капітальні інвестиції на охорону навколишнього природного середовища,Рівненська,Поводження з відходами,Усього,Річна,2024,12975400.0
Капітальні інвестиції на охорону навколишнього природного середовища,Рівненська,Поводження з відходами,Усього,Річна,2025,51382200.0
Капітальні інвестиції на охорону навколишнього природного середовища,Сумська,Поводження з відходами,Усього,Річна,2021,94619800.0
Капітальні інвестиції на охорону навколишнього природного середовища,Сумська,Поводження з відходами,Усього,Річна,2022,35328000.0
Капітальні інвестиції на охорону навколишнього природного середовища,Сумська,Поводження з відходами,Усього,Річна,2023,21295400.0
Капітальні інвестиції на охорону навколишнього природного середовища,Сумська,Поводження з відходами,Усього,Річна,2024,14358300.0
Капітальні інвестиції на охорону навколишнього природного середовища,Сумська,Поводження з відходами,Усього,Річна,2025,7774700.0
Капітальні інвестиції на охорону навколишнього природного середовища,Сумська,Очищення зворотних вод,Усього,Річна,2021,9379300.0
Капітальні інвестиції на охорону навколишнього природного середовища,Сумська,Очищення зворотних вод,Усього,Річна,2022,18674800.0
Капітальні інвестиції на охорону навколишнього природного середовища,Сумська,Очищення зворотних вод,Усього,Річна,2023,33659200.0
Капітальні інвестиції на охорону навколишнього природного середовища,Сумська,Очищення зворотних вод,Усього,Річна,2024,16947000.0
Капітальні інвестиції на охорону навколишнього природного середовища,Сумська,Очищення зворотних вод,Усього,Річна,2025,798100.0
Капітальні інвестиції на охорону навколишнього природного середовища,Сумська,Збереження біорізноманіття та середовища існування,Усього,Річна,2021,6812100.0
Капітальні інвестиції на охорону навколишнього природного середовища,Сумська,Збереження біорізноманіття та середовища існування,Усього,Річна,2022,3911800.0
Капітальні інвестиції на охорону навколишнього природного середовища,Сумська,Збереження біорізноманіття та середовища існування,Усього,Річна,2023,2990000.0
Капітальні інвестиції на охорону навколишнього природного середовища,Сумська,Збереження біорізноманіття та середовища існування,Усього,Річна,2024,1257300.0
Капітальні інвестиції на охорону навколишнього природного середовища,Сумська,Збереження біорізноманіття та середовища існування,Усього,Річна,2025,88000.0
Капітальні інвестиції на охорону навколишнього природного середовища,Сумська,Охорона атмосферного повітря і проблеми зміни клімату,Усього,Річна,2021,8386500.0
Капітальні інвестиції на охорону навколишнього природного середовища,Сумська,Охорона атмосферного повітря і проблеми зміни клімату,Усього,Річна,2022,6289600.0
Капітальні інвестиції на охорону навколишнього природного середовища,Сумська,Охорона атмосферного повітря і проблеми зміни клімату,Усього,Річна,2023,348800.0
Капітальні інвестиції на охорону навколишнього природного середовища,Сумська,Охорона атмосферного повітря і проблеми зміни клімату,Усього,Річна,2024,1427200.0
Капітальні інвестиції на охорону навколишнього природного середовища,Сумська,Охорона атмосферного повітря і проблеми зміни клімату,Усього,Річна,2025,35000.0
Капітальні інвестиції на охорону навколишнього природного середовища,Сумська,"Захист і реабілітацію ґрунту, підземних  і поверхневих вод",Усього,Річна,2021,4353600.0
Капітальні інвестиції на охорону навколишнього природного середовища,Сумська,"Захист і реабілітацію ґрунту, підземних  і поверхневих вод",Усього,Річна,2022,2540000.0
Капітальні інвестиції на охорону навколишнього природного середовища,Сумська,"Захист і реабілітацію ґрунту, підземних  і поверхневих вод",Усього,Річна,2023,92300.0
Капітальні інвестиції на охорону навколишнього природного середовища,Сумська,"Захист і реабілітацію ґрунту, підземних  і поверхневих вод",Усього,Річна,2024,2808700.0
Капітальні інвестиції на охорону навколишнього природного середовища,Сумська,"Захист і реабілітацію ґрунту, підземних  і поверхневих вод",Усього,Річна,2025,3700.0
Капітальні інвестиції на охорону навколишнього природного середовища,Тернопільська,Радіаційна безпека,Усього,Річна,2022,1100.0
Капітальні інвестиції на охорону навколишнього природного середовища,Тернопільська,Зниження шумового та вібраційного впливу,Усього,Річна,2022,2200.0
Капітальні інвестиції на охорону навколишнього природного середовища,Тернопільська,"Захист і реабілітацію ґрунту, підземних  і поверхневих вод",Усього,Річна,2021,814700.0
Капітальні інвестиції на охорону навколишнього природного середовища,Тернопільська,"Захист і реабілітацію ґрунту, підземних  і поверхневих вод",Усього,Річна,2022,3300.0
Капітальні інвестиції на охорону навколишнього природного середовища,Тернопільська,"Захист і реабілітацію ґрунту, підземних  і поверхневих вод",Усього,Річна,2023,12300.0
Капітальні інвестиції на охорону навколишнього природного середовища,Тернопільська,Поводження з відходами,Усього,Річна,2021,657700.0
Капітальні інвестиції на охорону навколишнього природного середовища,Тернопільська,Поводження з відходами,Усього,Річна,2024,37000.0
Капітальні інвестиції на охорону навколишнього природного середовища,Тернопільська,Поводження з відходами,Усього,Річна,2025,34200.0
Капітальні інвестиції на охорону навколишнього природного середовища,Тернопільська,Очищення зворотних вод,Усього,Річна,2021,6089100.0
Капітальні інвестиції на охорону навколишнього природного середовища,Тернопільська,Очищення зворотних вод,Усього,Річна,2022,3638600.0
Капітальні інвестиції на охорону навколишнього природного середовища,Тернопільська,Очищення зворотних вод,Усього,Річна,2023,41413600.0
Капітальні інвестиції на охорону навколишнього природного середовища,Тернопільська,Очищення зворотних вод,Усього,Річна,2024,16637000.0
Капітальні інвестиції на охорону навколишнього природного середовища,Тернопільська,Очищення зворотних вод,Усього,Річна,2025,11939100.0
Капітальні інвестиції на охорону навколишнього природного середовища,Тернопільська,Охорона атмосферного повітря і проблеми зміни клімату,Усього,Річна,2022,54500.0
Капітальні інвестиції на охорону навколишнього природного середовища,Тернопільська,Охорона атмосферного повітря і проблеми зміни клімату,Усього,Річна,2023,30000.0
Капітальні інвестиції на охорону навколишнього природного середовища,Тернопільська,Охорона атмосферного повітря і проблеми зміни клімату,Усього,Річна,2025,2300.0
Капітальні інвестиції на охорону навколишнього природного середовища,Тернопільська,Збереження біорізноманіття та середовища існування,Усього,Річна,2021,51900.0
Капітальні інвестиції на охорону навколишнього природного середовища,Тернопільська,Збереження біорізноманіття та середовища існування,Усього,Річна,2022,5500.0
Капітальні інвестиції на охорону навколишнього природного середовища,Харківська,Збереження біорізноманіття та середовища існування,Усього,Річна,2021,709007700.0
Капітальні інвестиції на охорону навколишнього природного середовища,Харківська,Збереження біорізноманіття та середовища існування,Усього,Річна,2022,55443400.0
Капітальні інвестиції на охорону навколишнього природного середовища,Харківська,Збереження біорізноманіття та середовища існування,Усього,Річна,2023,208174800.0
Капітальні інвестиції на охорону навколишнього природного середовища,Харківська,Збереження біорізноманіття та середовища існування,Усього,Річна,2024,80388200.0
Капітальні інвестиції на охорону навколишнього природного середовища,Харківська,Збереження біорізноманіття та середовища існування,Усього,Річна,2025,120188600.0
Капітальні інвестиції на охорону навколишнього природного середовища,Харківська,Науково-дослідні роботи природоохоронного спрямування,Усього,Річна,2021,38000.0
Капітальні інвестиції на охорону навколишнього природного середовища,Харківська,Науково-дослідні роботи природоохоронного спрямування,Усього,Річна,2022,5200.0
Капітальні інвестиції на охорону навколишнього природного середовища,Харківська,Науково-дослідні роботи природоохоронного спрямування,Усього,Річна,2023,58500.0
Капітальні інвестиції на охорону навколишнього природного середовища,Харківська,Науково-дослідні роботи природоохоронного спрямування,Усього,Річна,2024,972600.0
Капітальні інвестиції на охорону навколишнього природного середовища,Харківська,Науково-дослідні роботи природоохоронного спрямування,Усього,Річна,2025,234000.0
Капітальні інвестиції на охорону навколишнього природного середовища,Харківська,"Захист і реабілітацію ґрунту, підземних  і поверхневих вод",Усього,Річна,2021,488400.0
Капітальні інвестиції на охорону навколишнього природного середовища,Харківська,"Захист і реабілітацію ґрунту, підземних  і поверхневих вод",Усього,Річна,2022,2100.0
Капітальні інвестиції на охорону навколишнього природного середовища,Харківська,"Захист і реабілітацію ґрунту, підземних  і поверхневих вод",Усього,Річна,2023,40500.0
Капітальні інвестиції на охорону навколишнього природного середовища,Харківська,"Захист і реабілітацію ґрунту, підземних  і поверхневих вод",Усього,Річна,2024,38300.0
Капітальні інвестиції на охорону навколишнього природного середовища,Харківська,"Захист і реабілітацію ґрунту, підземних  і поверхневих вод",Усього,Річна,2025,42400.0
Капітальні інвестиції на охорону навколишнього природного середовища,Харківська,Очищення зворотних вод,Усього,Річна,2021,111231700.0
Капітальні інвестиції на охорону навколишнього природного середовища,Харківська,Очищення зворотних вод,Усього,Річна,2022,32134500.0
Капітальні інвестиції на охорону навколишнього природного середовища,Харківська,Очищення зворотних вод,Усього,Річна,2023,104545600.0
Капітальні інвестиції на охорону навколишнього природного середовища,Харківська,Очищення зворотних вод,Усього,Річна,2024,267064300.0
Капітальні інвестиції на охорону навколишнього природного середовища,Харківська,Очищення зворотних вод,Усього,Річна,2025,368742400.0
Капітальні інвестиції на охорону навколишнього природного середовища,Харківська,Радіаційна безпека,Усього,Річна,2021,220000.0
Капітальні інвестиції на охорону навколишнього природного середовища,Харківська,Радіаційна безпека,Усього,Річна,2025,2005900.0
Капітальні інвестиції на охорону навколишнього природного середовища,Харківська,Поводження з відходами,Усього,Річна,2021,24689600.0
Капітальні інвестиції на охорону навколишнього природного середовища,Харківська,Поводження з відходами,Усього,Річна,2022,10735000.0
Капітальні інвестиції на охорону навколишнього природного середовища,Харківська,Поводження з відходами,Усього,Річна,2023,49183300.0
Капітальні інвестиції на охорону навколишнього природного середовища,Харківська,Поводження з відходами,Усього,Річна,2024,28720000.0
Капітальні інвестиції на охорону навколишнього природного середовища,Харківська,Поводження з відходами,Усього,Річна,2025,110877900.0
Капітальні інвестиції на охорону навколишнього природного середовища,Харківська,Охорона атмосферного повітря і проблеми зміни клімату,Усього,Річна,2021,987880100.0
Капітальні інвестиції на охорону навколишнього природного середовища,Харківська,Охорона атмосферного повітря і проблеми зміни клімату,Усього,Річна,2022,457176100.0
Капітальні інвестиції на охорону навколишнього природного середовища,Харківська,Охорона атмосферного повітря і проблеми зміни клімату,Усього,Річна,2023,43579900.0
Капітальні інвестиції на охорону навколишнього природного середовища,Харківська,Охорона атмосферного повітря і проблеми зміни клімату,Усього,Річна,2024,44666100.0
Капітальні інвестиції на охорону навколишнього природного середовища,Харківська,Охорона атмосферного повітря і проблеми зміни клімату,Усього,Річна,2025,27072800.0
Капітальні інвестиції на охорону навколишнього природного середовища,Харківська,Інші напрями природоохоронної діяльності,Усього,Річна,2021,551800.0
Капітальні інвестиції на охорону навколишнього природного середовища,Харківська,Інші напрями природоохоронної діяльності,Усього,Річна,2022,4100.0
Капітальні інвестиції на охорону навколишнього природного середовища,Харківська,Інші напрями природоохоронної діяльності,Усього,Річна,2023,211400.0
Капітальні інвестиції на охорону навколишнього природного середовища,Харківська,Інші напрями природоохоронної діяльності,Усього,Річна,2024,1024599.9999999999
Капітальні інвестиції на охорону навколишнього природного середовища,Харківська,Інші напрями природоохоронної діяльності,Усього,Річна,2025,90500.0
Капітальні інвестиції на охорону навколишнього природного середовища,Харківська,Зниження шумового та вібраційного впливу,Усього,Річна,2021,15000.0
Капітальні інвестиції на охорону навколишнього природного середовища,Херсонська,"Захист і реабілітацію ґрунту, підземних  і поверхневих вод",Усього,Річна,2021,947100.0
Капітальні інвестиції на охорону навколишнього природного середовища,Херсонська,Науково-дослідні роботи природоохоронного спрямування,Усього,Річна,2021,163800.0
Капітальні інвестиції на охорону навколишнього природного середовища,Херсонська,Поводження з відходами,Усього,Річна,2021,19825500.0
Капітальні інвестиції на охорону навколишнього природного середовища,Херсонська,Поводження з відходами,Усього,Річна,2022,92800.0
Капітальні інвестиції на охорону навколишнього природного середовища,Херсонська,Поводження з відходами,Усього,Річна,2023,104000.0
Капітальні інвестиції на охорону навколишнього природного середовища,Херсонська,Поводження з відходами,Усього,Річна,2024,58300.0
Капітальні інвестиції на охорону навколишнього природного середовища,Херсонська,Охорона атмосферного повітря і проблеми зміни клімату,Усього,Річна,2021,829900.0
Капітальні інвестиції на охорону навколишнього природного середовища,Херсонська,Охорона атмосферного повітря і проблеми зміни клімату,Усього,Річна,2022,56000.0
Капітальні інвестиції на охорону навколишнього природного середовища,Херсонська,Охорона атмосферного повітря і проблеми зміни клімату,Усього,Річна,2023,81800.0
Капітальні інвестиції на охорону навколишнього природного середовища,Херсонська,Охорона атмосферного повітря і проблеми зміни клімату,Усього,Річна,2024,86800.0
Капітальні інвестиції на охорону навколишнього природного середовища,Херсонська,Збереження біорізноманіття та середовища існування,Усього,Річна,2021,170973300.0
Капітальні інвестиції на охорону навколишнього природного середовища,Херсонська,Збереження біорізноманіття та середовища існування,Усього,Річна,2024,5675900.0
Капітальні інвестиції на охорону навколишнього природного середовища,Херсонська,Збереження біорізноманіття та середовища існування,Усього,Річна,2025,1299000.0
Капітальні інвестиції на охорону навколишнього природного середовища,Херсонська,Очищення зворотних вод,Усього,Річна,2021,7358800.0
Капітальні інвестиції на охорону навколишнього природного середовища,Херсонська,Очищення зворотних вод,Усього,Річна,2022,49800.0
Капітальні інвестиції на охорону навколишнього природного середовища,Херсонська,Очищення зворотних вод,Усього,Річна,2023,14940100.0
Капітальні інвестиції на охорону навколишнього природного середовища,Херсонська,Очищення зворотних вод,Усього,Річна,2024,68653900.0
Капітальні інвестиції на охорону навколишнього природного середовища,Хмельницька,Радіаційна безпека,Усього,Річна,2023,22600.0
Капітальні інвестиції на охорону навколишнього природного середовища,Хмельницька,Збереження біорізноманіття та середовища існування,Усього,Річна,2021,1215500.0
Капітальні інвестиції на охорону навколишнього природного середовища,Хмельницька,Збереження біорізноманіття та середовища існування,Усього,Річна,2022,881000.0
Капітальні інвестиції на охорону навколишнього природного середовища,Хмельницька,Збереження біорізноманіття та середовища існування,Усього,Річна,2023,684700.0
Капітальні інвестиції на охорону навколишнього природного середовища,Хмельницька,Збереження біорізноманіття та середовища існування,Усього,Річна,2024,793400.0
Капітальні інвестиції на охорону навколишнього природного середовища,Хмельницька,Збереження біорізноманіття та середовища існування,Усього,Річна,2025,320500.0
Капітальні інвестиції на охорону навколишнього природного середовища,Хмельницька,Очищення зворотних вод,Усього,Річна,2021,23783100.0
Капітальні інвестиції на охорону навколишнього природного середовища,Хмельницька,Очищення зворотних вод,Усього,Річна,2022,24039100.0
Капітальні інвестиції на охорону навколишнього природного середовища,Хмельницька,Очищення зворотних вод,Усього,Річна,2023,32972600.0
Капітальні інвестиції на охорону навколишнього природного середовища,Хмельницька,Очищення зворотних вод,Усього,Річна,2024,35122100.0
Капітальні інвестиції на охорону навколишнього природного середовища,Хмельницька,Очищення зворотних вод,Усього,Річна,2025,27167800.0
Капітальні інвестиції на охорону навколишнього природного середовища,Хмельницька,Поводження з відходами,Усього,Річна,2021,6899000.0
Капітальні інвестиції на охорону навколишнього природного середовища,Хмельницька,Поводження з відходами,Усього,Річна,2022,16127700.0
Капітальні інвестиції на охорону навколишнього природного середовища,Хмельницька,Поводження з відходами,Усього,Річна,2023,39467900.0
Капітальні інвестиції на охорону навколишнього природного середовища,Хмельницька,Поводження з відходами,Усього,Річна,2024,94663900.0
Капітальні інвестиції на охорону навколишнього природного середовища,Хмельницька,Поводження з відходами,Усього,Річна,2025,50238600.0
Капітальні інвестиції на охорону навколишнього природного середовища,Хмельницька,Науково-дослідні роботи природоохоронного спрямування,Усього,Річна,2024,21100.0
Капітальні інвестиції на охорону навколишнього природного середовища,Хмельницька,Науково-дослідні роботи природоохоронного спрямування,Усього,Річна,2025,15900.0
Капітальні інвестиції на охорону навколишнього природного середовища,Хмельницька,Зниження шумового та вібраційного впливу,Усього,Річна,2021,5500.0
Капітальні інвестиції на охорону навколишнього природного середовища,Хмельницька,Інші напрями природоохоронної діяльності,Усього,Річна,2021,295000.0
Капітальні інвестиції на охорону навколишнього природного середовища,Хмельницька,Інші напрями природоохоронної діяльності,Усього,Річна,2025,294900.0
Капітальні інвестиції на охорону навколишнього природного середовища,Хмельницька,"Захист і реабілітацію ґрунту, підземних  і поверхневих вод",Усього,Річна,2023,17524200.0
Капітальні інвестиції на охорону навколишнього природного середовища,Хмельницька,"Захист і реабілітацію ґрунту, підземних  і поверхневих вод",Усього,Річна,2024,7700000.0
Капітальні інвестиції на охорону навколишнього природного середовища,Хмельницька,"Захист і реабілітацію ґрунту, підземних  і поверхневих вод",Усього,Річна,2025,513200.00000000006
Капітальні інвестиції на охорону навколишнього природного середовища,Хмельницька,Охорона атмосферного повітря і проблеми зміни клімату,Усього,Річна,2021,38494500.0
Капітальні інвестиції на охорону навколишнього природного середовища,Хмельницька,Охорона атмосферного повітря і проблеми зміни клімату,Усього,Річна,2022,19929500.0
Капітальні інвестиції на охорону навколишнього природного середовища,Хмельницька,Охорона атмосферного повітря і проблеми зміни клімату,Усього,Річна,2023,15900700.0
Капітальні інвестиції на охорону навколишнього природного середовища,Хмельницька,Охорона атмосферного повітря і проблеми зміни клімату,Усього,Річна,2024,4982000.0
Капітальні інвестиції на охорону навколишнього природного середовища,Хмельницька,Охорона атмосферного повітря і проблеми зміни клімату,Усього,Річна,2025,2717900.0
Капітальні інвестиції на охорону навколишнього природного середовища,Черкаська,Інші напрями природоохоронної діяльності,Усього,Річна,2021,37600.0
Капітальні інвестиції на охорону навколишнього природного середовища,Черкаська,Збереження біорізноманіття та середовища існування,Усього,Річна,2024,298700.0
Капітальні інвестиції на охорону навколишнього природного середовища,Черкаська,Збереження біорізноманіття та середовища існування,Усього,Річна,2025,145500.0
Капітальні інвестиції на охорону навколишнього природного середовища,Черкаська,Очищення зворотних вод,Усього,Річна,2021,9628100.0
Капітальні інвестиції на охорону навколишнього природного середовища,Черкаська,Очищення зворотних вод,Усього,Річна,2022,14146700.0
Капітальні інвестиції на охорону навколишнього природного середовища,Черкаська,Очищення зворотних вод,Усього,Річна,2023,48457300.0
Капітальні інвестиції на охорону навколишнього природного середовища,Черкаська,Очищення зворотних вод,Усього,Річна,2024,46917700.0
Капітальні інвестиції на охорону навколишнього природного середовища,Черкаська,Очищення зворотних вод,Усього,Річна,2025,14753100.0
Капітальні інвестиції на охорону навколишнього природного середовища,Черкаська,Охорона атмосферного повітря і проблеми зміни клімату,Усього,Річна,2021,1172000.0
Капітальні інвестиції на охорону навколишнього природного середовища,Черкаська,Охорона атмосферного повітря і проблеми зміни клімату,Усього,Річна,2022,10439100.0
Капітальні інвестиції на охорону навколишнього природного середовища,Черкаська,Охорона атмосферного повітря і проблеми зміни клімату,Усього,Річна,2023,1124100.0
Капітальні інвестиції на охорону навколишнього природного середовища,Черкаська,Охорона атмосферного повітря і проблеми зміни клімату,Усього,Річна,2024,7323600.0
Капітальні інвестиції на охорону навколишнього природного середовища,Черкаська,Охорона атмосферного повітря і проблеми зміни клімату,Усього,Річна,2025,6357200.0
Капітальні інвестиції на охорону навколишнього природного середовища,Черкаська,Радіаційна безпека,Усього,Річна,2022,2300.0
Капітальні інвестиції на охорону навколишнього природного середовища,Черкаська,"Захист і реабілітацію ґрунту, підземних  і поверхневих вод",Усього,Річна,2022,236600.0
Капітальні інвестиції на охорону навколишнього природного середовища,Черкаська,"Захист і реабілітацію ґрунту, підземних  і поверхневих вод",Усього,Річна,2023,194000.0
Капітальні інвестиції на охорону навколишнього природного середовища,Черкаська,"Захист і реабілітацію ґрунту, підземних  і поверхневих вод",Усього,Річна,2024,653000.0
Капітальні інвестиції на охорону навколишнього природного середовища,Черкаська,Поводження з відходами,Усього,Річна,2021,3378600.0
Капітальні інвестиції на охорону навколишнього природного середовища,Черкаська,Поводження з відходами,Усього,Річна,2022,5025700.0
Капітальні інвестиції на охорону навколишнього природного середовища,Черкаська,Поводження з відходами,Усього,Річна,2023,12746300.0
Капітальні інвестиції на охорону навколишнього природного середовища,Черкаська,Поводження з відходами,Усього,Річна,2024,24051300.0
Капітальні інвестиції на охорону навколишнього природного середовища,Черкаська,Поводження з відходами,Усього,Річна,2025,9911100.0
Капітальні інвестиції на охорону навколишнього природного середовища,Чернівецька,"Захист і реабілітацію ґрунту, підземних  і поверхневих вод",Усього,Річна,2021,25735200.0
Капітальні інвестиції на охорону навколишнього природного середовища,Чернівецька,"Захист і реабілітацію ґрунту, підземних  і поверхневих вод",Усього,Річна,2022,2213200.0
Капітальні інвестиції на охорону навколишнього природного середовища,Чернівецька,"Захист і реабілітацію ґрунту, підземних  і поверхневих вод",Усього,Річна,2023,18154700.0
Капітальні інвестиції на охорону навколишнього природного середовища,Чернівецька,"Захист і реабілітацію ґрунту, підземних  і поверхневих вод",Усього,Річна,2024,12815300.0
Капітальні інвестиції на охорону навколишнього природного середовища,Чернівецька,"Захист і реабілітацію ґрунту, підземних  і поверхневих вод",Усього,Річна,2025,25023400.0
Капітальні інвестиції на охорону навколишнього природного середовища,Чернівецька,Науково-дослідні роботи природоохоронного спрямування,Усього,Річна,2025,92600.0
Капітальні інвестиції на охорону навколишнього природного середовища,Чернівецька,Охорона атмосферного повітря і проблеми зміни клімату,Усього,Річна,2021,61600.0
Капітальні інвестиції на охорону навколишнього природного середовища,Чернівецька,Охорона атмосферного повітря і проблеми зміни клімату,Усього,Річна,2022,1241700.0
Капітальні інвестиції на охорону навколишнього природного середовища,Чернівецька,Охорона атмосферного повітря і проблеми зміни клімату,Усього,Річна,2023,965800.0
Капітальні інвестиції на охорону навколишнього природного середовища,Чернівецька,Охорона атмосферного повітря і проблеми зміни клімату,Усього,Річна,2024,927500.0
Капітальні інвестиції на охорону навколишнього природного середовища,Чернівецька,Охорона атмосферного повітря і проблеми зміни клімату,Усього,Річна,2025,3016200.0
Капітальні інвестиції на охорону навколишнього природного середовища,Чернівецька,Поводження з відходами,Усього,Річна,2021,2928800.0
Капітальні інвестиції на охорону навколишнього природного середовища,Чернівецька,Поводження з відходами,Усього,Річна,2022,7038500.0
Капітальні інвестиції на охорону навколишнього природного середовища,Чернівецька,Поводження з відходами,Усього,Річна,2023,5016900.0
Капітальні інвестиції на охорону навколишнього природного середовища,Чернівецька,Поводження з відходами,Усього,Річна,2024,14636000.0
Капітальні інвестиції на охорону навколишнього природного середовища,Чернівецька,Поводження з відходами,Усього,Річна,2025,19464400.0
Капітальні інвестиції на охорону навколишнього природного середовища,Чернівецька,Очищення зворотних вод,Усього,Річна,2021,4214100.0
Капітальні інвестиції на охорону навколишнього природного середовища,Чернівецька,Очищення зворотних вод,Усього,Річна,2022,9382100.0
Капітальні інвестиції на охорону навколишнього природного середовища,Чернівецька,Очищення зворотних вод,Усього,Річна,2023,14087300.0
Капітальні інвестиції на охорону навколишнього природного середовища,Чернівецька,Очищення зворотних вод,Усього,Річна,2024,14004800.0
Капітальні інвестиції на охорону навколишнього природного середовища,Чернівецька,Очищення зворотних вод,Усього,Річна,2025,11503100.0
Капітальні інвестиції на охорону навколишнього природного середовища,Чернівецька,Збереження біорізноманіття та середовища існування,Усього,Річна,2021,4677400.0
Капітальні інвестиції на охорону навколишнього природного середовища,Чернівецька,Збереження біорізноманіття та середовища існування,Усього,Річна,2022,4705800.0
Капітальні інвестиції на охорону навколишнього природного середовища,Чернівецька,Збереження біорізноманіття та середовища існування,Усього,Річна,2023,554500.0
Капітальні інвестиції на охорону навколишнього природного середовища,Чернівецька,Збереження біорізноманіття та середовища існування,Усього,Річна,2024,580900.0
Капітальні інвестиції на охорону навколишнього природного середовища,Чернівецька,Збереження біорізноманіття та середовища існування,Усього,Річна,2025,3279800.0
Капітальні інвестиції на охорону навколишнього природного середовища,Чернігівська,Збереження біорізноманіття та середовища існування,Усього,Річна,2021,1183100.0
Капітальні інвестиції на охорону навколишнього природного середовища,Чернігівська,Збереження біорізноманіття та середовища існування,Усього,Річна,2022,243800.0
Капітальні інвестиції на охорону навколишнього природного середовища,Чернігівська,Збереження біорізноманіття та середовища існування,Усього,Річна,2023,532200.0
Капітальні інвестиції на охорону навколишнього природного середовища,Чернігівська,Збереження біорізноманіття та середовища існування,Усього,Річна,2024,418200.0
Капітальні інвестиції на охорону навколишнього природного середовища,Чернігівська,Збереження біорізноманіття та середовища існування,Усього,Річна,2025,1100300.0
Капітальні інвестиції на охорону навколишнього природного середовища,Чернігівська,Очищення зворотних вод,Усього,Річна,2021,20044000.0
Капітальні інвестиції на охорону навколишнього природного середовища,Чернігівська,Очищення зворотних вод,Усього,Річна,2022,12176600.0
Капітальні інвестиції на охорону навколишнього природного середовища,Чернігівська,Очищення зворотних вод,Усього,Річна,2023,89491900.0
Капітальні інвестиції на охорону навколишнього природного середовища,Чернігівська,Очищення зворотних вод,Усього,Річна,2024,37089300.0
Капітальні інвестиції на охорону навколишнього природного середовища,Чернігівська,Очищення зворотних вод,Усього,Річна,2025,30013600.0
Капітальні інвестиції на охорону навколишнього природного середовища,Чернігівська,"Захист і реабілітацію ґрунту, підземних  і поверхневих вод",Усього,Річна,2021,11196500.0
Капітальні інвестиції на охорону навколишнього природного середовища,Чернігівська,"Захист і реабілітацію ґрунту, підземних  і поверхневих вод",Усього,Річна,2022,10904900.0
Капітальні інвестиції на охорону навколишнього природного середовища,Чернігівська,"Захист і реабілітацію ґрунту, підземних  і поверхневих вод",Усього,Річна,2023,1868800.0
Капітальні інвестиції на охорону навколишнього природного середовища,Чернігівська,"Захист і реабілітацію ґрунту, підземних  і поверхневих вод",Усього,Річна,2024,681800.0
Капітальні інвестиції на охорону навколишнього природного середовища,Чернігівська,"Захист і реабілітацію ґрунту, підземних  і поверхневих вод",Усього,Річна,2025,2339300.0
Капітальні інвестиції на охорону навколишнього природного середовища,Чернігівська,Охорона атмосферного повітря і проблеми зміни клімату,Усього,Річна,2021,62800.0
Капітальні інвестиції на охорону навколишнього природного середовища,Чернігівська,Охорона атмосферного повітря і проблеми зміни клімату,Усього,Річна,2022,41200.0
Капітальні інвестиції на охорону навколишнього природного середовища,Чернігівська,Охорона атмосферного повітря і проблеми зміни клімату,Усього,Річна,2023,573000.0
Капітальні інвестиції на охорону навколишнього природного середовища,Чернігівська,Охорона атмосферного повітря і проблеми зміни клімату,Усього,Річна,2024,161700.0
Капітальні інвестиції на охорону навколишнього природного середовища,Чернігівська,Охорона атмосферного повітря і проблеми зміни клімату,Усього,Річна,2025,54316700.0
Капітальні інвестиції на охорону навколишнього природного середовища,Чернігівська,Поводження з відходами,Усього,Річна,2021,2191700.0
Капітальні інвестиції на охорону навколишнього природного середовища,Чернігівська,Поводження з відходами,Усього,Річна,2022,3001400.0
Капітальні інвестиції на охорону навколишнього природного середовища,Чернігівська,Поводження з відходами,Усього,Річна,2023,5134200.0
Капітальні інвестиції на охорону навколишнього природного середовища,Чернігівська,Поводження з відходами,Усього,Річна,2024,16171100.0
Капітальні інвестиції на охорону навколишнього природного середовища,Чернігівська,Поводження з відходами,Усього,Річна,2025,5632900.0
Капітальні інвестиції на охорону навколишнього природного середовища,Київ,Радіаційна безпека,Усього,Річна,2021,160848800.0
Капітальні інвестиції на охорону навколишнього природного середовища,Київ,Радіаційна безпека,Усього,Річна,2022,809300.0
Капітальні інвестиції на охорону навколишнього природного середовища,Київ,Радіаційна безпека,Усього,Річна,2023,138222600.0
Капітальні інвестиції на охорону навколишнього природного середовища,Київ,Радіаційна безпека,Усього,Річна,2024,7817200.0
Капітальні інвестиції на охорону навколишнього природного середовища,Київ,Очищення зворотних вод,Усього,Річна,2021,424718300.0
Капітальні інвестиції на охорону навколишнього природного середовища,Київ,Очищення зворотних вод,Усього,Річна,2022,92991200.0
Капітальні інвестиції на охорону навколишнього природного середовища,Київ,Очищення зворотних вод,Усього,Річна,2023,253896800.0
Капітальні інвестиції на охорону навколишнього природного середовища,Київ,Очищення зворотних вод,Усього,Річна,2024,317815900.0
Капітальні інвестиції на охорону навколишнього природного середовища,Київ,Очищення зворотних вод,Усього,Річна,2025,385522000.0
Капітальні інвестиції на охорону навколишнього природного середовища,Київ,Збереження біорізноманіття та середовища існування,Усього,Річна,2021,32052600.0
Капітальні інвестиції на охорону навколишнього природного середовища,Київ,Збереження біорізноманіття та середовища існування,Усього,Річна,2022,9883600.0
Капітальні інвестиції на охорону навколишнього природного середовища,Київ,Збереження біорізноманіття та середовища існування,Усього,Річна,2023,51517400.0
Капітальні інвестиції на охорону навколишнього природного середовища,Київ,Збереження біорізноманіття та середовища існування,Усього,Річна,2024,98749800.0
Капітальні інвестиції на охорону навколишнього природного середовища,Київ,Збереження біорізноманіття та середовища існування,Усього,Річна,2025,49674300.0
Капітальні інвестиції на охорону навколишнього природного середовища,Київ,Поводження з відходами,Усього,Річна,2021,147385600.0
Капітальні інвестиції на охорону навколишнього природного середовища,Київ,Поводження з відходами,Усього,Річна,2022,117477300.0
Капітальні інвестиції на охорону навколишнього природного середовища,Київ,Поводження з відходами,Усього,Річна,2023,239298900.0
Капітальні інвестиції на охорону навколишнього природного середовища,Київ,Поводження з відходами,Усього,Річна,2024,94756800.0
Капітальні інвестиції на охорону навколишнього природного середовища,Київ,Поводження з відходами,Усього,Річна,2025,175128400.0
Капітальні інвестиції на охорону навколишнього природного середовища,Київ,Охорона атмосферного повітря і проблеми зміни клімату,Усього,Річна,2021,360996800.0
Капітальні інвестиції на охорону навколишнього природного середовища,Київ,Охорона атмосферного повітря і проблеми зміни клімату,Усього,Річна,2022,281169100.0
Капітальні інвестиції на охорону навколишнього природного середовища,Київ,Охорона атмосферного повітря і проблеми зміни клімату,Усього,Річна,2023,306992600.0
Капітальні інвестиції на охорону навколишнього природного середовища,Київ,Охорона атмосферного повітря і проблеми зміни клімату,Усього,Річна,2024,277181200.0
Капітальні інвестиції на охорону навколишнього природного середовища,Київ,Охорона атмосферного повітря і проблеми зміни клімату,Усього,Річна,2025,257479200.0
Капітальні інвестиції на охорону навколишнього природного середовища,Київ,Зниження шумового та вібраційного впливу,Усього,Річна,2021,1100.0
Капітальні інвестиції на охорону навколишнього природного середовища,Київ,Зниження шумового та вібраційного впливу,Усього,Річна,2025,181500.0
Капітальні інвестиції на охорону навколишнього природного середовища,Київ,Інші напрями природоохоронної діяльності,Усього,Річна,2021,1914200.0
Капітальні інвестиції на охорону навколишнього природного середовища,Київ,Інші напрями природоохоронної діяльності,Усього,Річна,2022,1695000.0
Капітальні інвестиції на охорону навколишнього природного середовища,Київ,Інші напрями природоохоронної діяльності,Усього,Річна,2023,2138500.0
Капітальні інвестиції на охорону навколишнього природного середовища,Київ,Інші напрями природоохоронної діяльності,Усього,Річна,2024,967600.0
Капітальні інвестиції на охорону навколишнього природного середовища,Київ,Інші напрями природоохоронної діяльності,Усього,Річна,2025,67800.0
Капітальні інвестиції на охорону навколишнього природного середовища,Київ,Науково-дослідні роботи природоохоронного спрямування,Усього,Річна,2021,3309300.0
Капітальні інвестиції на охорону навколишнього природного середовища,Київ,Науково-дослідні роботи природоохоронного спрямування,Усього,Річна,2022,2365600.0
Капітальні інвестиції на охорону навколишнього природного середовища,Київ,Науково-дослідні роботи природоохоронного спрямування,Усього,Річна,2023,6400200.0
Капітальні інвестиції на охорону навколишнього природного середовища,Київ,Науково-дослідні роботи природоохоронного спрямування,Усього,Річна,2024,4482900.0
Капітальні інвестиції на охорону навколишнього природного середовища,Київ,Науково-дослідні роботи природоохоронного спрямування,Усього,Річна,2025,507700.0
Капітальні інвестиції на охорону навколишнього природного середовища,Київ,"Захист і реабілітацію ґрунту, підземних  і поверхневих вод",Усього,Річна,2021,63999300.0
Капітальні інвестиції на охорону навколишнього природного середовища,Київ,"Захист і реабілітацію ґрунту, підземних  і поверхневих вод",Усього,Річна,2022,46798600.0
Капітальні інвестиції на охорону навколишнього природного середовища,Київ,"Захист і реабілітацію ґрунту, підземних  і поверхневих вод",Усього,Річна,2023,414177900.0
Капітальні інвестиції на охорону навколишнього природного середовища,Київ,"Захист і реабілітацію ґрунту, підземних  і поверхневих вод",Усього,Річна,2024,89429700.0
Капітальні інвестиції на охорону навколишнього природного середовища,Київ,"Захист і реабілітацію ґрунту, підземних  і поверхневих вод",Усього,Річна,2025,121181900.0
Поточні витрати на охорону навколишнього природного середовища,Вінницька,Поводження з відходами,Усього,Річна,2021,138414800.0
Поточні витрати на охорону навколишнього природного середовища,Вінницька,Поводження з відходами,Усього,Річна,2022,161762300.0
Поточні витрати на охорону навколишнього природного середовища,Вінницька,Поводження з відходами,Усього,Річна,2023,162850900.0
Поточні витрати на охорону навколишнього природного середовища,Вінницька,Поводження з відходами,Усього,Річна,2024,178491900.0
Поточні витрати на охорону навколишнього природного середовища,Вінницька,Поводження з відходами,Усього,Річна,2025,183259600.0
Поточні витрати на охорону навколишнього природного середовища,Вінницька,Радіаційна безпека,Усього,Річна,2021,32500.0
Поточні витрати на охорону навколишнього природного середовища,Вінницька,Радіаційна безпека,Усього,Річна,2022,30600.0
Поточні витрати на охорону навколишнього природного середовища,Вінницька,Радіаційна безпека,Усього,Річна,2023,34300.0
Поточні витрати на охорону навколишнього природного середовища,Вінницька,Радіаційна безпека,Усього,Річна,2025,38300.0
Поточні витрати на охорону навколишнього природного середовища,Вінницька,Збереження біорізноманіття та середовища існування,Усього,Річна,2021,3756800.0
Поточні витрати на охорону навколишнього природного середовища,Вінницька,Збереження біорізноманіття та середовища існування,Усього,Річна,2022,7768000.0
Поточні витрати на охорону навколишнього природного середовища,Вінницька,Збереження біорізноманіття та середовища існування,Усього,Річна,2023,1014700.0
Поточні витрати на охорону навколишнього природного середовища,Вінницька,Збереження біорізноманіття та середовища існування,Усього,Річна,2024,22124400.0
Поточні витрати на охорону навколишнього природного середовища,Вінницька,Збереження біорізноманіття та середовища існування,Усього,Річна,2025,1230200.0
Поточні витрати на охорону навколишнього природного середовища,Вінницька,Очищення зворотних вод,Усього,Річна,2021,204351000.0
Поточні витрати на охорону навколишнього природного середовища,Вінницька,Очищення зворотних вод,Усього,Річна,2022,267088300.0
Поточні витрати на охорону навколишнього природного середовища,Вінницька,Очищення зворотних вод,Усього,Річна,2023,292827100.0
Поточні витрати на охорону навколишнього природного середовища,Вінницька,Очищення зворотних вод,Усього,Річна,2024,337082700.0
Поточні витрати на охорону навколишнього природного середовища,Вінницька,Очищення зворотних вод,Усього,Річна,2025,378007600.0
Поточні витрати на охорону навколишнього природного середовища,Вінницька,Науково-дослідні роботи природоохоронного спрямування,Усього,Річна,2021,7400.0
Поточні витрати на охорону навколишнього природного середовища,Вінницька,Науково-дослідні роботи природоохоронного спрямування,Усього,Річна,2023,40000.0
Поточні витрати на охорону навколишнього природного середовища,Вінницька,Науково-дослідні роботи природоохоронного спрямування,Усього,Річна,2024,93700.0
Поточні витрати на охорону навколишнього природного середовища,Вінницька,Науково-дослідні роботи природоохоронного спрямування,Усього,Річна,2025,677500.0
Поточні витрати на охорону навколишнього природного середовища,Вінницька,"Захист і реабілітацію ґрунту, підземних  і поверхневих вод",Усього,Річна,2021,3743400.0
Поточні витрати на охорону навколишнього природного середовища,Вінницька,"Захист і реабілітацію ґрунту, підземних  і поверхневих вод",Усього,Річна,2022,5530800.0
Поточні витрати на охорону навколишнього природного середовища,Вінницька,"Захист і реабілітацію ґрунту, підземних  і поверхневих вод",Усього,Річна,2023,658767600.0
Поточні витрати на охорону навколишнього природного середовища,Вінницька,"Захист і реабілітацію ґрунту, підземних  і поверхневих вод",Усього,Річна,2024,514000.0
Поточні витрати на охорону навколишнього природного середовища,Вінницька,"Захист і реабілітацію ґрунту, підземних  і поверхневих вод",Усього,Річна,2025,1582600.0
Поточні витрати на охорону навколишнього природного середовища,Вінницька,Охорона атмосферного повітря і проблеми зміни клімату,Усього,Річна,2021,6865000.0
Поточні витрати на охорону навколишнього природного середовища,Вінницька,Охорона атмосферного повітря і проблеми зміни клімату,Усього,Річна,2022,11746500.0
Поточні витрати на охорону навколишнього природного середовища,Вінницька,Охорона атмосферного повітря і проблеми зміни клімату,Усього,Річна,2023,57898300.0
Поточні витрати на охорону навколишнього природного середовища,Вінницька,Охорона атмосферного повітря і проблеми зміни клімату,Усього,Річна,2024,40390300.0
Поточні витрати на охорону навколишнього природного середовища,Вінницька,Охорона атмосферного повітря і проблеми зміни клімату,Усього,Річна,2025,48620400.0
Поточні витрати на охорону навколишнього природного середовища,Вінницька,Інші напрями природоохоронної діяльності,Усього,Річна,2021,310500.0
Поточні витрати на охорону навколишнього природного середовища,Вінницька,Інші напрями природоохоронної діяльності,Усього,Річна,2022,267300.0
Поточні витрати на охорону навколишнього природного середовища,Вінницька,Інші напрями природоохоронної діяльності,Усього,Річна,2025,50500.0
Поточні витрати на охорону навколишнього природного середовища,Вінницька,Зниження шумового та вібраційного впливу,Усього,Річна,2021,129199.99999999999
Поточні витрати на охорону навколишнього природного середовища,Вінницька,Зниження шумового та вібраційного впливу,Усього,Річна,2022,130199.99999999999
Поточні витрати на охорону навколишнього природного середовища,Вінницька,Зниження шумового та вібраційного впливу,Усього,Річна,2023,71900.0
Поточні витрати на охорону навколишнього природного середовища,Вінницька,Зниження шумового та вібраційного впливу,Усього,Річна,2024,189600.0
Поточні витрати на охорону навколишнього природного середовища,Вінницька,Зниження шумового та вібраційного впливу,Усього,Річна,2025,80700.0
Поточні витрати на охорону навколишнього природного середовища,Волинська,Очищення зворотних вод,Усього,Річна,2021,204606500.0
Поточні витрати на охорону навколишнього природного середовища,Волинська,Очищення зворотних вод,Усього,Річна,2022,235403900.0
Поточні витрати на охорону навколишнього природного середовища,Волинська,Очищення зворотних вод,Усього,Річна,2023,283456100.0
Поточні витрати на охорону навколишнього природного середовища,Волинська,Очищення зворотних вод,Усього,Річна,2024,288082500.0
Поточні витрати на охорону навколишнього природного середовища,Волинська,Очищення зворотних вод,Усього,Річна,2025,296549800.0
Поточні витрати на охорону навколишнього природного середовища,Волинська,Збереження біорізноманіття та середовища існування,Усього,Річна,2021,69673300.0
Поточні витрати на охорону навколишнього природного середовища,Волинська,Збереження біорізноманіття та середовища існування,Усього,Річна,2022,69957900.0
Поточні витрати на охорону навколишнього природного середовища,Волинська,Збереження біорізноманіття та середовища існування,Усього,Річна,2023,53778800.0
Поточні витрати на охорону навколишнього природного середовища,Волинська,Збереження біорізноманіття та середовища існування,Усього,Річна,2024,80318300.0
Поточні витрати на охорону навколишнього природного середовища,Волинська,Збереження біорізноманіття та середовища існування,Усього,Річна,2025,75783800.0
Поточні витрати на охорону навколишнього природного середовища,Волинська,Поводження з відходами,Усього,Річна,2021,68683000.0
Поточні витрати на охорону навколишнього природного середовища,Волинська,Поводження з відходами,Усього,Річна,2022,109391200.0
Поточні витрати на охорону навколишнього природного середовища,Волинська,Поводження з відходами,Усього,Річна,2023,136165900.0
Поточні витрати на охорону навколишнього природного середовища,Волинська,Поводження з відходами,Усього,Річна,2024,200208500.0
Поточні витрати на охорону навколишнього природного середовища,Волинська,Поводження з відходами,Усього,Річна,2025,220059700.0
Поточні витрати на охорону навколишнього природного середовища,Волинська,Радіаційна безпека,Усього,Річна,2021,3800.0
Поточні витрати на охорону навколишнього природного середовища,Волинська,Радіаційна безпека,Усього,Річна,2022,7300.0
Поточні витрати на охорону навколишнього природного середовища,Волинська,Радіаційна безпека,Усього,Річна,2023,4000.0
Поточні витрати на охорону навколишнього природного середовища,Волинська,Радіаційна безпека,Усього,Річна,2024,7700.0
Поточні витрати на охорону навколишнього природного середовища,Волинська,Радіаційна безпека,Усього,Річна,2025,3500.0
Поточні витрати на охорону навколишнього природного середовища,Волинська,Зниження шумового та вібраційного впливу,Усього,Річна,2021,33700.0
Поточні витрати на охорону навколишнього природного середовища,Волинська,Зниження шумового та вібраційного впливу,Усього,Річна,2022,92000.0
Поточні витрати на охорону навколишнього природного середовища,Волинська,Зниження шумового та вібраційного впливу,Усього,Річна,2023,79400.0
Поточні витрати на охорону навколишнього природного середовища,Волинська,Зниження шумового та вібраційного впливу,Усього,Річна,2024,40500.0
Поточні витрати на охорону навколишнього природного середовища,Волинська,Зниження шумового та вібраційного впливу,Усього,Річна,2025,96200.0
Поточні витрати на охорону навколишнього природного середовища,Волинська,Охорона атмосферного повітря і проблеми зміни клімату,Усього,Річна,2021,3387600.0
Поточні витрати на охорону навколишнього природного середовища,Волинська,Охорона атмосферного повітря і проблеми зміни клімату,Усього,Річна,2022,2590400.0
Поточні витрати на охорону навколишнього природного середовища,Волинська,Охорона атмосферного повітря і проблеми зміни клімату,Усього,Річна,2023,3233500.0
Поточні витрати на охорону навколишнього природного середовища,Волинська,Охорона атмосферного повітря і проблеми зміни клімату,Усього,Річна,2024,3319800.0
Поточні витрати на охорону навколишнього природного середовища,Волинська,Охорона атмосферного повітря і проблеми зміни клімату,Усього,Річна,2025,7243600.0
Поточні витрати на охорону навколишнього природного середовища,Волинська,Інші напрями природоохоронної діяльності,Усього,Річна,2021,24900.0
Поточні витрати на охорону навколишнього природного середовища,Волинська,Інші напрями природоохоронної діяльності,Усього,Річна,2022,390000.0
Поточні витрати на охорону навколишнього природного середовища,Волинська,Інші напрями природоохоронної діяльності,Усього,Річна,2023,108400.0
Поточні витрати на охорону навколишнього природного середовища,Волинська,Інші напрями природоохоронної діяльності,Усього,Річна,2024,55600.0
Поточні витрати на охорону навколишнього природного середовища,Волинська,Інші напрями природоохоронної діяльності,Усього,Річна,2025,393400.0
Поточні витрати на охорону навколишнього природного середовища,Волинська,Науково-дослідні роботи природоохоронного спрямування,Усього,Річна,2021,1439800.0
Поточні витрати на охорону навколишнього природного середовища,Волинська,Науково-дослідні роботи природоохоронного спрямування,Усього,Річна,2022,1668100.0
Поточні витрати на охорону навколишнього природного середовища,Волинська,Науково-дослідні роботи природоохоронного спрямування,Усього,Річна,2023,2362100.0
Поточні витрати на охорону навколишнього природного середовища,Волинська,Науково-дослідні роботи природоохоронного спрямування,Усього,Річна,2024,2762700.0
Поточні витрати на охорону навколишнього природного середовища,Волинська,Науково-дослідні роботи природоохоронного спрямування,Усього,Річна,2025,2750100.0
Поточні витрати на охорону навколишнього природного середовища,Волинська,"Захист і реабілітацію ґрунту, підземних  і поверхневих вод",Усього,Річна,2021,6234800.0
Поточні витрати на охорону навколишнього природного середовища,Волинська,"Захист і реабілітацію ґрунту, підземних  і поверхневих вод",Усього,Річна,2022,81300.0
Поточні витрати на охорону навколишнього природного середовища,Волинська,"Захист і реабілітацію ґрунту, підземних  і поверхневих вод",Усього,Річна,2023,1035200.0
Поточні витрати на охорону навколишнього природного середовища,Волинська,"Захист і реабілітацію ґрунту, підземних  і поверхневих вод",Усього,Річна,2024,485700.0
Поточні витрати на охорону навколишнього природного середовища,Волинська,"Захист і реабілітацію ґрунту, підземних  і поверхневих вод",Усього,Річна,2025,80400.0
Поточні витрати на охорону навколишнього природного середовища,Дніпропетровська,Охорона атмосферного повітря і проблеми зміни клімату,Усього,Річна,2021,1082350500.0
Поточні витрати на охорону навколишнього природного середовища,Дніпропетровська,Охорона атмосферного повітря і проблеми зміни клімату,Усього,Річна,2022,840142300.0
Поточні витрати на охорону навколишнього природного середовища,Дніпропетровська,Охорона атмосферного повітря і проблеми зміни клімату,Усього,Річна,2023,647112300.0
Поточні витрати на охорону навколишнього природного середовища,Дніпропетровська,Охорона атмосферного повітря і проблеми зміни клімату,Усього,Річна,2024,605619300.0
Поточні витрати на охорону навколишнього природного середовища,Дніпропетровська,Охорона атмосферного повітря і проблеми зміни клімату,Усього,Річна,2025,886520300.0
Поточні витрати на охорону навколишнього природного середовища,Дніпропетровська,Зниження шумового та вібраційного впливу,Усього,Річна,2021,622900.0
Поточні витрати на охорону навколишнього природного середовища,Дніпропетровська,Зниження шумового та вібраційного впливу,Усього,Річна,2022,360000.0
Поточні витрати на охорону навколишнього природного середовища,Дніпропетровська,Зниження шумового та вібраційного впливу,Усього,Річна,2023,359600.0
Поточні витрати на охорону навколишнього природного середовища,Дніпропетровська,Зниження шумового та вібраційного впливу,Усього,Річна,2024,2005500.0
Поточні витрати на охорону навколишнього природного середовища,Дніпропетровська,Зниження шумового та вібраційного впливу,Усього,Річна,2025,629900.0
Поточні витрати на охорону навколишнього природного середовища,Дніпропетровська,Поводження з відходами,Усього,Річна,2021,6454081300.0
Поточні витрати на охорону навколишнього природного середовища,Дніпропетровська,Поводження з відходами,Усього,Річна,2022,3288342200.0
Поточні витрати на охорону навколишнього природного середовища,Дніпропетровська,Поводження з відходами,Усього,Річна,2023,4076848600.0
Поточні витрати на охорону навколишнього природного середовища,Дніпропетровська,Поводження з відходами,Усього,Річна,2024,5094581500.0
Поточні витрати на охорону навколишнього природного середовища,Дніпропетровська,Поводження з відходами,Усього,Річна,2025,6299636700.0
Поточні витрати на охорону навколишнього природного середовища,Дніпропетровська,Радіаційна безпека,Усього,Річна,2021,8262100.0
Поточні витрати на охорону навколишнього природного середовища,Дніпропетровська,Радіаційна безпека,Усього,Річна,2022,3010100.0
Поточні витрати на охорону навколишнього природного середовища,Дніпропетровська,Радіаційна безпека,Усього,Річна,2023,4644500.0
Поточні витрати на охорону навколишнього природного середовища,Дніпропетровська,Радіаційна безпека,Усього,Річна,2024,6276200.0
Поточні витрати на охорону навколишнього природного середовища,Дніпропетровська,Радіаційна безпека,Усього,Річна,2025,7109300.0
Поточні витрати на охорону навколишнього природного середовища,Дніпропетровська,Збереження біорізноманіття та середовища існування,Усього,Річна,2021,31228100.0
Поточні витрати на охорону навколишнього природного середовища,Дніпропетровська,Збереження біорізноманіття та середовища існування,Усього,Річна,2022,30785100.0
Поточні витрати на охорону навколишнього природного середовища,Дніпропетровська,Збереження біорізноманіття та середовища існування,Усього,Річна,2023,19510500.0
Поточні витрати на охорону навколишнього природного середовища,Дніпропетровська,Збереження біорізноманіття та середовища існування,Усього,Річна,2024,21923500.0
Поточні витрати на охорону навколишнього природного середовища,Дніпропетровська,Збереження біорізноманіття та середовища існування,Усього,Річна,2025,22033500.0
Поточні витрати на охорону навколишнього природного середовища,Дніпропетровська,Очищення зворотних вод,Усього,Річна,2021,2594310000.0
Поточні витрати на охорону навколишнього природного середовища,Дніпропетровська,Очищення зворотних вод,Усього,Річна,2022,1927224200.0
Поточні витрати на охорону навколишнього природного середовища,Дніпропетровська,Очищення зворотних вод,Усього,Річна,2023,2254681800.0
Поточні витрати на охорону навколишнього природного середовища,Дніпропетровська,Очищення зворотних вод,Усього,Річна,2024,3211776200.0
Поточні витрати на охорону навколишнього природного середовища,Дніпропетровська,Очищення зворотних вод,Усього,Річна,2025,3535565200.0
Поточні витрати на охорону навколишнього природного середовища,Дніпропетровська,Науково-дослідні роботи природоохоронного спрямування,Усього,Річна,2021,23006800.0
Поточні витрати на охорону навколишнього природного середовища,Дніпропетровська,Науково-дослідні роботи природоохоронного спрямування,Усього,Річна,2022,23210800.0
Поточні витрати на охорону навколишнього природного середовища,Дніпропетровська,Науково-дослідні роботи природоохоронного спрямування,Усього,Річна,2023,15923700.0
Поточні витрати на охорону навколишнього природного середовища,Дніпропетровська,Науково-дослідні роботи природоохоронного спрямування,Усього,Річна,2024,17006800.0
Поточні витрати на охорону навколишнього природного середовища,Дніпропетровська,Науково-дослідні роботи природоохоронного спрямування,Усього,Річна,2025,15152800.0
Поточні витрати на охорону навколишнього природного середовища,Дніпропетровська,Інші напрями природоохоронної діяльності,Усього,Річна,2021,118512700.0
Поточні витрати на охорону навколишнього природного середовища,Дніпропетровська,Інші напрями природоохоронної діяльності,Усього,Річна,2022,65625500.0
Поточні витрати на охорону навколишнього природного середовища,Дніпропетровська,Інші напрями природоохоронної діяльності,Усього,Річна,2023,72217000.0
Поточні витрати на охорону навколишнього природного середовища,Дніпропетровська,Інші напрями природоохоронної діяльності,Усього,Річна,2024,87428800.0
Поточні витрати на охорону навколишнього природного середовища,Дніпропетровська,Інші напрями природоохоронної діяльності,Усього,Річна,2025,140596600.0
Поточні витрати на охорону навколишнього природного середовища,Дніпропетровська,"Захист і реабілітацію ґрунту, підземних  і поверхневих вод",Усього,Річна,2021,685481100.0
Поточні витрати на охорону навколишнього природного середовища,Дніпропетровська,"Захист і реабілітацію ґрунту, підземних  і поверхневих вод",Усього,Річна,2022,647234000.0
Поточні витрати на охорону навколишнього природного середовища,Дніпропетровська,"Захист і реабілітацію ґрунту, підземних  і поверхневих вод",Усього,Річна,2023,729886800.0
Поточні витрати на охорону навколишнього природного середовища,Дніпропетровська,"Захист і реабілітацію ґрунту, підземних  і поверхневих вод",Усього,Річна,2024,893103100.0
Поточні витрати на охорону навколишнього природного середовища,Дніпропетровська,"Захист і реабілітацію ґрунту, підземних  і поверхневих вод",Усього,Річна,2025,833105500.0
Поточні витрати на охорону навколишнього природного середовища,Донецька,Інші напрями природоохоронної діяльності,Усього,Річна,2021,16056000.0
Поточні витрати на охорону навколишнього природного середовища,Донецька,Інші напрями природоохоронної діяльності,Усього,Річна,2022,1435400.0
Поточні витрати на охорону навколишнього природного середовища,Донецька,Інші напрями природоохоронної діяльності,Усього,Річна,2023,1366000.0
Поточні витрати на охорону навколишнього природного середовища,Донецька,Інші напрями природоохоронної діяльності,Усього,Річна,2024,187500.0
Поточні витрати на охорону навколишнього природного середовища,Донецька,Інші напрями природоохоронної діяльності,Усього,Річна,2025,103200.0
Поточні витрати на охорону навколишнього природного середовища,Донецька,Радіаційна безпека,Усього,Річна,2021,620000.0
Поточні витрати на охорону навколишнього природного середовища,Донецька,Радіаційна безпека,Усього,Річна,2022,61200.0
Поточні витрати на охорону навколишнього природного середовища,Донецька,Радіаційна безпека,Усього,Річна,2023,127500.0
Поточні витрати на охорону навколишнього природного середовища,Донецька,Радіаційна безпека,Усього,Річна,2024,57000.0
Поточні витрати на охорону навколишнього природного середовища,Донецька,Радіаційна безпека,Усього,Річна,2025,10700.0
Поточні витрати на охорону навколишнього природного середовища,Донецька,Зниження шумового та вібраційного впливу,Усього,Річна,2021,371700.0
Поточні витрати на охорону навколишнього природного середовища,Донецька,Зниження шумового та вібраційного впливу,Усього,Річна,2022,13600.0
Поточні витрати на охорону навколишнього природного середовища,Донецька,Зниження шумового та вібраційного впливу,Усього,Річна,2023,32400.0
Поточні витрати на охорону навколишнього природного середовища,Донецька,Зниження шумового та вібраційного впливу,Усього,Річна,2024,28300.0
Поточні витрати на охорону навколишнього природного середовища,Донецька,Зниження шумового та вібраційного впливу,Усього,Річна,2025,9300.0
Поточні витрати на охорону навколишнього природного середовища,Донецька,Поводження з відходами,Усього,Річна,2021,433029700.0
Поточні витрати на охорону навколишнього природного середовища,Донецька,Поводження з відходами,Усього,Річна,2022,182537100.0
Поточні витрати на охорону навколишнього природного середовища,Донецька,Поводження з відходами,Усього,Річна,2023,265446400.00000003
Поточні витрати на охорону навколишнього природного середовища,Донецька,Поводження з відходами,Усього,Річна,2024,227574000.0
Поточні витрати на охорону навколишнього природного середовища,Донецька,Поводження з відходами,Усього,Річна,2025,144968600.0
Поточні витрати на охорону навколишнього природного середовища,Донецька,Охорона атмосферного повітря і проблеми зміни клімату,Усього,Річна,2021,139356500.0
Поточні витрати на охорону навколишнього природного середовища,Донецька,Охорона атмосферного повітря і проблеми зміни клімату,Усього,Річна,2022,20805600.0
Поточні витрати на охорону навколишнього природного середовища,Донецька,Охорона атмосферного повітря і проблеми зміни клімату,Усього,Річна,2023,14566800.0
Поточні витрати на охорону навколишнього природного середовища,Донецька,Охорона атмосферного повітря і проблеми зміни клімату,Усього,Річна,2024,2086100.0
Поточні витрати на охорону навколишнього природного середовища,Донецька,Охорона атмосферного повітря і проблеми зміни клімату,Усього,Річна,2025,524500.0
Поточні витрати на охорону навколишнього природного середовища,Донецька,Збереження біорізноманіття та середовища існування,Усього,Річна,2021,5684700.0
Поточні витрати на охорону навколишнього природного середовища,Донецька,Збереження біорізноманіття та середовища існування,Усього,Річна,2022,1073300.0
Поточні витрати на охорону навколишнього природного середовища,Донецька,Збереження біорізноманіття та середовища існування,Усього,Річна,2023,5673000.0
Поточні витрати на охорону навколишнього природного середовища,Донецька,Збереження біорізноманіття та середовища існування,Усього,Річна,2024,35000.0
Поточні витрати на охорону навколишнього природного середовища,Донецька,Збереження біорізноманіття та середовища існування,Усього,Річна,2025,150000.0
Поточні витрати на охорону навколишнього природного середовища,Донецька,Очищення зворотних вод,Усього,Річна,2021,649913000.0
Поточні витрати на охорону навколишнього природного середовища,Донецька,Очищення зворотних вод,Усього,Річна,2022,228346800.0
Поточні витрати на охорону навколишнього природного середовища,Донецька,Очищення зворотних вод,Усього,Річна,2023,340385300.0
Поточні витрати на охорону навколишнього природного середовища,Донецька,Очищення зворотних вод,Усього,Річна,2024,258568900.0
Поточні витрати на охорону навколишнього природного середовища,Донецька,Очищення зворотних вод,Усього,Річна,2025,107291900.0
Поточні витрати на охорону навколишнього природного середовища,Донецька,"Захист і реабілітацію ґрунту, підземних  і поверхневих вод",Усього,Річна,2021,147054500.0
Поточні витрати на охорону навколишнього природного середовища,Донецька,"Захист і реабілітацію ґрунту, підземних  і поверхневих вод",Усього,Річна,2022,11768300.0
Поточні витрати на охорону навколишнього природного середовища,Донецька,"Захист і реабілітацію ґрунту, підземних  і поверхневих вод",Усього,Річна,2023,13534100.0
Поточні витрати на охорону навколишнього природного середовища,Донецька,"Захист і реабілітацію ґрунту, підземних  і поверхневих вод",Усього,Річна,2024,27514400.0
Поточні витрати на охорону навколишнього природного середовища,Донецька,"Захист і реабілітацію ґрунту, підземних  і поверхневих вод",Усього,Річна,2025,10477900.0
Поточні витрати на охорону навколишнього природного середовища,Донецька,Науково-дослідні роботи природоохоронного спрямування,Усього,Річна,2021,4517100.0
Поточні витрати на охорону навколишнього природного середовища,Донецька,Науково-дослідні роботи природоохоронного спрямування,Усього,Річна,2022,57200.0
Поточні витрати на охорону навколишнього природного середовища,Донецька,Науково-дослідні роботи природоохоронного спрямування,Усього,Річна,2023,441500.0
Поточні витрати на охорону навколишнього природного середовища,Донецька,Науково-дослідні роботи природоохоронного спрямування,Усього,Річна,2024,1682100.0
Поточні витрати на охорону навколишнього природного середовища,Житомирська,Поводження з відходами,Усього,Річна,2021,109265100.0
Поточні витрати на охорону навколишнього природного середовища,Житомирська,Поводження з відходами,Усього,Річна,2022,119971900.0
Поточні витрати на охорону навколишнього природного середовища,Житомирська,Поводження з відходами,Усього,Річна,2023,197201900.0
Поточні витрати на охорону навколишнього природного середовища,Житомирська,Поводження з відходами,Усього,Річна,2024,242959800.0
Поточні витрати на охорону навколишнього природного середовища,Житомирська,Поводження з відходами,Усього,Річна,2025,267303099.99999997
Поточні витрати на охорону навколишнього природного середовища,Житомирська,Очищення зворотних вод,Усього,Річна,2021,100103300.0
Поточні витрати на охорону навколишнього природного середовища,Житомирська,Очищення зворотних вод,Усього,Річна,2022,103047500.0
Поточні витрати на охорону навколишнього природного середовища,Житомирська,Очищення зворотних вод,Усього,Річна,2023,115410400.0
Поточні витрати на охорону навколишнього природного середовища,Житомирська,Очищення зворотних вод,Усього,Річна,2024,132223299.99999999
Поточні витрати на охорону навколишнього природного середовища,Житомирська,Очищення зворотних вод,Усього,Річна,2025,143812000.0
Поточні витрати на охорону навколишнього природного середовища,Житомирська,Охорона атмосферного повітря і проблеми зміни клімату,Усього,Річна,2021,25017400.0
Поточні витрати на охорону навколишнього природного середовища,Житомирська,Охорона атмосферного повітря і проблеми зміни клімату,Усього,Річна,2022,23514900.0
Поточні витрати на охорону навколишнього природного середовища,Житомирська,Охорона атмосферного повітря і проблеми зміни клімату,Усього,Річна,2023,17514400.0
Поточні витрати на охорону навколишнього природного середовища,Житомирська,Охорона атмосферного повітря і проблеми зміни клімату,Усього,Річна,2024,18127800.0
Поточні витрати на охорону навколишнього природного середовища,Житомирська,Охорона атмосферного повітря і проблеми зміни клімату,Усього,Річна,2025,27201100.0
Поточні витрати на охорону навколишнього природного середовища,Житомирська,Збереження біорізноманіття та середовища існування,Усього,Річна,2021,43073100.0
Поточні витрати на охорону навколишнього природного середовища,Житомирська,Збереження біорізноманіття та середовища існування,Усього,Річна,2022,23766200.0
Поточні витрати на охорону навколишнього природного середовища,Житомирська,Збереження біорізноманіття та середовища існування,Усього,Річна,2023,25368900.0
Поточні витрати на охорону навколишнього природного середовища,Житомирська,Збереження біорізноманіття та середовища існування,Усього,Річна,2024,28334100.0
Поточні витрати на охорону навколишнього природного середовища,Житомирська,Збереження біорізноманіття та середовища існування,Усього,Річна,2025,14794400.0
Поточні витрати на охорону навколишнього природного середовища,Житомирська,Радіаційна безпека,Усього,Річна,2021,125200.0
Поточні витрати на охорону навколишнього природного середовища,Житомирська,Радіаційна безпека,Усього,Річна,2022,73100.0
Поточні витрати на охорону навколишнього природного середовища,Житомирська,Радіаційна безпека,Усього,Річна,2023,192900.0
Поточні витрати на охорону навколишнього природного середовища,Житомирська,Радіаційна безпека,Усього,Річна,2024,172900.0
Поточні витрати на охорону навколишнього природного середовища,Житомирська,Радіаційна безпека,Усього,Річна,2025,144400.0
Поточні витрати на охорону навколишнього природного середовища,Житомирська,Зниження шумового та вібраційного впливу,Усього,Річна,2021,105100.0
Поточні витрати на охорону навколишнього природного середовища,Житомирська,Зниження шумового та вібраційного впливу,Усього,Річна,2022,105600.0
Поточні витрати на охорону навколишнього природного середовища,Житомирська,Зниження шумового та вібраційного впливу,Усього,Річна,2023,95300.0
Поточні витрати на охорону навколишнього природного середовища,Житомирська,Зниження шумового та вібраційного впливу,Усього,Річна,2024,70200.0
Поточні витрати на охорону навколишнього природного середовища,Житомирська,Зниження шумового та вібраційного впливу,Усього,Річна,2025,93800.0
Поточні витрати на охорону навколишнього природного середовища,Житомирська,"Захист і реабілітацію ґрунту, підземних  і поверхневих вод",Усього,Річна,2021,4822200.0
Поточні витрати на охорону навколишнього природного середовища,Житомирська,"Захист і реабілітацію ґрунту, підземних  і поверхневих вод",Усього,Річна,2022,12866800.0
Поточні витрати на охорону навколишнього природного середовища,Житомирська,"Захист і реабілітацію ґрунту, підземних  і поверхневих вод",Усього,Річна,2023,24516500.0
Поточні витрати на охорону навколишнього природного середовища,Житомирська,"Захист і реабілітацію ґрунту, підземних  і поверхневих вод",Усього,Річна,2024,2309900.0
Поточні витрати на охорону навколишнього природного середовища,Житомирська,"Захист і реабілітацію ґрунту, підземних  і поверхневих вод",Усього,Річна,2025,2935700.0
Поточні витрати на охорону навколишнього природного середовища,Житомирська,Інші напрями природоохоронної діяльності,Усього,Річна,2021,432700.0
Поточні витрати на охорону навколишнього природного середовища,Житомирська,Інші напрями природоохоронної діяльності,Усього,Річна,2022,212400.0
Поточні витрати на охорону навколишнього природного середовища,Житомирська,Інші напрями природоохоронної діяльності,Усього,Річна,2023,418200.0
Поточні витрати на охорону навколишнього природного середовища,Житомирська,Інші напрями природоохоронної діяльності,Усього,Річна,2024,415400.0
Поточні витрати на охорону навколишнього природного середовища,Житомирська,Інші напрями природоохоронної діяльності,Усього,Річна,2025,770800.0
Поточні витрати на охорону навколишнього природного середовища,Житомирська,Науково-дослідні роботи природоохоронного спрямування,Усього,Річна,2022,110000.0
Поточні витрати на охорону навколишнього природного середовища,Житомирська,Науково-дослідні роботи природоохоронного спрямування,Усього,Річна,2023,848200.0
Поточні витрати на охорону навколишнього природного середовища,Житомирська,Науково-дослідні роботи природоохоронного спрямування,Усього,Річна,2024,137200.0
Поточні витрати на охорону навколишнього природного середовища,Житомирська,Науково-дослідні роботи природоохоронного спрямування,Усього,Річна,2025,160600.0
Поточні витрати на охорону навколишнього природного середовища,Закарпатська,Радіаційна безпека,Усього,Річна,2021,1600.0
Поточні витрати на охорону навколишнього природного середовища,Закарпатська,Радіаційна безпека,Усього,Річна,2023,20400.0
Поточні витрати на охорону навколишнього природного середовища,Закарпатська,Радіаційна безпека,Усього,Річна,2024,62300.0
Поточні витрати на охорону навколишнього природного середовища,Закарпатська,Радіаційна безпека,Усього,Річна,2025,86900.0
Поточні витрати на охорону навколишнього природного середовища,Закарпатська,Збереження біорізноманіття та середовища існування,Усього,Річна,2021,91297600.0
Поточні витрати на охорону навколишнього природного середовища,Закарпатська,Збереження біорізноманіття та середовища існування,Усього,Річна,2022,84362400.0
Поточні витрати на охорону навколишнього природного середовища,Закарпатська,Збереження біорізноманіття та середовища існування,Усього,Річна,2023,121105200.0
Поточні витрати на охорону навколишнього природного середовища,Закарпатська,Збереження біорізноманіття та середовища існування,Усього,Річна,2024,160684500.0
Поточні витрати на охорону навколишнього природного середовища,Закарпатська,Збереження біорізноманіття та середовища існування,Усього,Річна,2025,13524600.0
Поточні витрати на охорону навколишнього природного середовища,Закарпатська,Поводження з відходами,Усього,Річна,2021,65130800.0
Поточні витрати на охорону навколишнього природного середовища,Закарпатська,Поводження з відходами,Усього,Річна,2022,85804500.0
Поточні витрати на охорону навколишнього природного середовища,Закарпатська,Поводження з відходами,Усього,Річна,2023,134739600.0
Поточні витрати на охорону навколишнього природного середовища,Закарпатська,Поводження з відходами,Усього,Річна,2024,181968200.0
Поточні витрати на охорону навколишнього природного середовища,Закарпатська,Поводження з відходами,Усього,Річна,2025,207059300.0
Поточні витрати на охорону навколишнього природного середовища,Закарпатська,Очищення зворотних вод,Усього,Річна,2021,87360300.0
Поточні витрати на охорону навколишнього природного середовища,Закарпатська,Очищення зворотних вод,Усього,Річна,2022,97821800.0
Поточні витрати на охорону навколишнього природного середовища,Закарпатська,Очищення зворотних вод,Усього,Річна,2023,175383700.0
Поточні витрати на охорону навколишнього природного середовища,Закарпатська,Очищення зворотних вод,Усього,Річна,2024,209556400.0
Поточні витрати на охорону навколишнього природного середовища,Закарпатська,Очищення зворотних вод,Усього,Річна,2025,241423900.0
Поточні витрати на охорону навколишнього природного середовища,Закарпатська,Науково-дослідні роботи природоохоронного спрямування,Усього,Річна,2021,35400.0
Поточні витрати на охорону навколишнього природного середовища,Закарпатська,Науково-дослідні роботи природоохоронного спрямування,Усього,Річна,2023,17200.0
Поточні витрати на охорону навколишнього природного середовища,Закарпатська,Науково-дослідні роботи природоохоронного спрямування,Усього,Річна,2024,289700.0
Поточні витрати на охорону навколишнього природного середовища,Закарпатська,Науково-дослідні роботи природоохоронного спрямування,Усього,Річна,2025,124700.0
Поточні витрати на охорону навколишнього природного середовища,Закарпатська,Інші напрями природоохоронної діяльності,Усього,Річна,2021,45199500.0
Поточні витрати на охорону навколишнього природного середовища,Закарпатська,Інші напрями природоохоронної діяльності,Усього,Річна,2022,62449900.0
Поточні витрати на охорону навколишнього природного середовища,Закарпатська,Інші напрями природоохоронної діяльності,Усього,Річна,2023,64622300.0
Поточні витрати на охорону навколишнього природного середовища,Закарпатська,Інші напрями природоохоронної діяльності,Усього,Річна,2024,93747000.0
Поточні витрати на охорону навколишнього природного середовища,Закарпатська,Інші напрями природоохоронної діяльності,Усього,Річна,2025,97688800.0
Поточні витрати на охорону навколишнього природного середовища,Закарпатська,Зниження шумового та вібраційного впливу,Усього,Річна,2021,800.0
Поточні витрати на охорону навколишнього природного середовища,Закарпатська,Зниження шумового та вібраційного впливу,Усього,Річна,2022,11000.0
Поточні витрати на охорону навколишнього природного середовища,Закарпатська,"Захист і реабілітацію ґрунту, підземних  і поверхневих вод",Усього,Річна,2021,758600.0
Поточні витрати на охорону навколишнього природного середовища,Закарпатська,"Захист і реабілітацію ґрунту, підземних  і поверхневих вод",Усього,Річна,2022,487200.0
Поточні витрати на охорону навколишнього природного середовища,Закарпатська,"Захист і реабілітацію ґрунту, підземних  і поверхневих вод",Усього,Річна,2023,742500.0
Поточні витрати на охорону навколишнього природного середовища,Закарпатська,"Захист і реабілітацію ґрунту, підземних  і поверхневих вод",Усього,Річна,2024,675600.0
Поточні витрати на охорону навколишнього природного середовища,Закарпатська,"Захист і реабілітацію ґрунту, підземних  і поверхневих вод",Усього,Річна,2025,919300.0
Поточні витрати на охорону навколишнього природного середовища,Закарпатська,Охорона атмосферного повітря і проблеми зміни клімату,Усього,Річна,2021,225400.0
Поточні витрати на охорону навколишнього природного середовища,Закарпатська,Охорона атмосферного повітря і проблеми зміни клімату,Усього,Річна,2022,751900.0
Поточні витрати на охорону навколишнього природного середовища,Закарпатська,Охорона атмосферного повітря і проблеми зміни клімату,Усього,Річна,2023,1135200.0
Поточні витрати на охорону навколишнього природного середовища,Закарпатська,Охорона атмосферного повітря і проблеми зміни клімату,Усього,Річна,2024,406900.0
Поточні витрати на охорону навколишнього природного середовища,Закарпатська,Охорона атмосферного повітря і проблеми зміни клімату,Усього,Річна,2025,388100.0
Поточні витрати на охорону навколишнього природного середовища,Запорізька,Очищення зворотних вод,Усього,Річна,2021,807421000.0
Поточні витрати на охорону навколишнього природного середовища,Запорізька,Очищення зворотних вод,Усього,Річна,2022,635602900.0
Поточні витрати на охорону навколишнього природного середовища,Запорізька,Очищення зворотних вод,Усього,Річна,2023,714115800.0
Поточні витрати на охорону навколишнього природного середовища,Запорізька,Очищення зворотних вод,Усього,Річна,2024,718241300.0
Поточні витрати на охорону навколишнього природного середовища,Запорізька,Очищення зворотних вод,Усього,Річна,2025,883478300.0
Поточні витрати на охорону навколишнього природного середовища,Запорізька,Зниження шумового та вібраційного впливу,Усього,Річна,2021,914400.0
Поточні витрати на охорону навколишнього природного середовища,Запорізька,Зниження шумового та вібраційного впливу,Усього,Річна,2022,679500.0
Поточні витрати на охорону навколишнього природного середовища,Запорізька,Зниження шумового та вібраційного впливу,Усього,Річна,2023,867100.0
Поточні витрати на охорону навколишнього природного середовища,Запорізька,Зниження шумового та вібраційного впливу,Усього,Річна,2024,551000.0
Поточні витрати на охорону навколишнього природного середовища,Запорізька,Зниження шумового та вібраційного впливу,Усього,Річна,2025,306900.0
Поточні витрати на охорону навколишнього природного середовища,Запорізька,Охорона атмосферного повітря і проблеми зміни клімату,Усього,Річна,2021,823900900.0
Поточні витрати на охорону навколишнього природного середовища,Запорізька,Охорона атмосферного повітря і проблеми зміни клімату,Усього,Річна,2022,921428200.0
Поточні витрати на охорону навколишнього природного середовища,Запорізька,Охорона атмосферного повітря і проблеми зміни клімату,Усього,Річна,2023,646533500.0
Поточні витрати на охорону навколишнього природного середовища,Запорізька,Охорона атмосферного повітря і проблеми зміни клімату,Усього,Річна,2024,919664000.0
Поточні витрати на охорону навколишнього природного середовища,Запорізька,Охорона атмосферного повітря і проблеми зміни клімату,Усього,Річна,2025,1042206400.0
Поточні витрати на охорону навколишнього природного середовища,Запорізька,Інші напрями природоохоронної діяльності,Усього,Річна,2021,34448600.0
Поточні витрати на охорону навколишнього природного середовища,Запорізька,Інші напрями природоохоронної діяльності,Усього,Річна,2022,16976800.0
Поточні витрати на охорону навколишнього природного середовища,Запорізька,Інші напрями природоохоронної діяльності,Усього,Річна,2023,16042600.0
Поточні витрати на охорону навколишнього природного середовища,Запорізька,Інші напрями природоохоронної діяльності,Усього,Річна,2024,16439599.999999998
Поточні витрати на охорону навколишнього природного середовища,Запорізька,Інші напрями природоохоронної діяльності,Усього,Річна,2025,19969000.0
Поточні витрати на охорону навколишнього природного середовища,Запорізька,Збереження біорізноманіття та середовища існування,Усього,Річна,2021,29986800.0
Поточні витрати на охорону навколишнього природного середовища,Запорізька,Збереження біорізноманіття та середовища існування,Усього,Річна,2022,14077100.0
Поточні витрати на охорону навколишнього природного середовища,Запорізька,Збереження біорізноманіття та середовища існування,Усього,Річна,2023,9631500.0
Поточні витрати на охорону навколишнього природного середовища,Запорізька,Збереження біорізноманіття та середовища існування,Усього,Річна,2024,11888800.0
Поточні витрати на охорону навколишнього природного середовища,Запорізька,Збереження біорізноманіття та середовища існування,Усього,Річна,2025,11282500.0
Поточні витрати на охорону навколишнього природного середовища,Запорізька,"Захист і реабілітацію ґрунту, підземних  і поверхневих вод",Усього,Річна,2021,500793400.0
Поточні витрати на охорону навколишнього природного середовища,Запорізька,"Захист і реабілітацію ґрунту, підземних  і поверхневих вод",Усього,Річна,2022,1315100.0
Поточні витрати на охорону навколишнього природного середовища,Запорізька,"Захист і реабілітацію ґрунту, підземних  і поверхневих вод",Усього,Річна,2023,14790500.0
Поточні витрати на охорону навколишнього природного середовища,Запорізька,"Захист і реабілітацію ґрунту, підземних  і поверхневих вод",Усього,Річна,2024,15593500.0
Поточні витрати на охорону навколишнього природного середовища,Запорізька,"Захист і реабілітацію ґрунту, підземних  і поверхневих вод",Усього,Річна,2025,106317200.0
Поточні витрати на охорону навколишнього природного середовища,Запорізька,Поводження з відходами,Усього,Річна,2021,523224300.0
Поточні витрати на охорону навколишнього природного середовища,Запорізька,Поводження з відходами,Усього,Річна,2022,305900100.0
Поточні витрати на охорону навколишнього природного середовища,Запорізька,Поводження з відходами,Усього,Річна,2023,348080700.0
Поточні витрати на охорону навколишнього природного середовища,Запорізька,Поводження з відходами,Усього,Річна,2024,374517500.0
Поточні витрати на охорону навколишнього природного середовища,Запорізька,Поводження з відходами,Усього,Річна,2025,431396600.0
Поточні витрати на охорону навколишнього природного середовища,Запорізька,Науково-дослідні роботи природоохоронного спрямування,Усього,Річна,2021,6087800.0
Поточні витрати на охорону навколишнього природного середовища,Запорізька,Науково-дослідні роботи природоохоронного спрямування,Усього,Річна,2022,1043000.0
Поточні витрати на охорону навколишнього природного середовища,Запорізька,Науково-дослідні роботи природоохоронного спрямування,Усього,Річна,2023,2919300.0
Поточні витрати на охорону навколишнього природного середовища,Запорізька,Науково-дослідні роботи природоохоронного спрямування,Усього,Річна,2024,1598200.0
Поточні витрати на охорону навколишнього природного середовища,Запорізька,Науково-дослідні роботи природоохоронного спрямування,Усього,Річна,2025,539300.0
Поточні витрати на охорону навколишнього природного середовища,Запорізька,Радіаційна безпека,Усього,Річна,2021,1885000.0
Поточні витрати на охорону навколишнього природного середовища,Запорізька,Радіаційна безпека,Усього,Річна,2022,114900.0
Поточні витрати на охорону навколишнього природного середовища,Запорізька,Радіаційна безпека,Усього,Річна,2023,137300.0
Поточні витрати на охорону навколишнього природного середовища,Запорізька,Радіаційна безпека,Усього,Річна,2024,205800.0
Поточні витрати на охорону навколишнього природного середовища,Запорізька,Радіаційна безпека,Усього,Річна,2025,211300.0
Поточні витрати на охорону навколишнього природного середовища,Івано-Франківська,Зниження шумового та вібраційного впливу,Усього,Річна,2022,125000.0
Поточні витрати на охорону навколишнього природного середовища,Івано-Франківська,Зниження шумового та вібраційного впливу,Усього,Річна,2023,267500.0
Поточні витрати на охорону навколишнього природного середовища,Івано-Франківська,Зниження шумового та вібраційного впливу,Усього,Річна,2024,339000.0
Поточні витрати на охорону навколишнього природного середовища,Івано-Франківська,Зниження шумового та вібраційного впливу,Усього,Річна,2025,743000.0
Поточні витрати на охорону навколишнього природного середовища,Івано-Франківська,Охорона атмосферного повітря і проблеми зміни клімату,Усього,Річна,2021,145606500.0
Поточні витрати на охорону навколишнього природного середовища,Івано-Франківська,Охорона атмосферного повітря і проблеми зміни клімату,Усього,Річна,2022,63646400.0
Поточні витрати на охорону навколишнього природного середовища,Івано-Франківська,Охорона атмосферного повітря і проблеми зміни клімату,Усього,Річна,2023,218148400.0
Поточні витрати на охорону навколишнього природного середовища,Івано-Франківська,Охорона атмосферного повітря і проблеми зміни клімату,Усього,Річна,2024,276443200.0
Поточні витрати на охорону навколишнього природного середовища,Івано-Франківська,Охорона атмосферного повітря і проблеми зміни клімату,Усього,Річна,2025,323219700.0
Поточні витрати на охорону навколишнього природного середовища,Івано-Франківська,Інші напрями природоохоронної діяльності,Усього,Річна,2021,4322000.0
Поточні витрати на охорону навколишнього природного середовища,Івано-Франківська,Інші напрями природоохоронної діяльності,Усього,Річна,2022,2559200.0
Поточні витрати на охорону навколишнього природного середовища,Івано-Франківська,Інші напрями природоохоронної діяльності,Усього,Річна,2023,457000.0
Поточні витрати на охорону навколишнього природного середовища,Івано-Франківська,Інші напрями природоохоронної діяльності,Усього,Річна,2024,502700.0
Поточні витрати на охорону навколишнього природного середовища,Івано-Франківська,Інші напрями природоохоронної діяльності,Усього,Річна,2025,619800.0
Поточні витрати на охорону навколишнього природного середовища,Івано-Франківська,Збереження біорізноманіття та середовища існування,Усього,Річна,2021,88671300.0
Поточні витрати на охорону навколишнього природного середовища,Івано-Франківська,Збереження біорізноманіття та середовища існування,Усього,Річна,2022,133538100.0
Поточні витрати на охорону навколишнього природного середовища,Івано-Франківська,Збереження біорізноманіття та середовища існування,Усього,Річна,2023,102107300.0
Поточні витрати на охорону навколишнього природного середовища,Івано-Франківська,Збереження біорізноманіття та середовища існування,Усього,Річна,2024,116764500.0
Поточні витрати на охорону навколишнього природного середовища,Івано-Франківська,Збереження біорізноманіття та середовища існування,Усього,Річна,2025,90698600.0
Поточні витрати на охорону навколишнього природного середовища,Івано-Франківська,"Захист і реабілітацію ґрунту, підземних  і поверхневих вод",Усього,Річна,2021,13305000.0
Поточні витрати на охорону навколишнього природного середовища,Івано-Франківська,"Захист і реабілітацію ґрунту, підземних  і поверхневих вод",Усього,Річна,2022,13016400.0
Поточні витрати на охорону навколишнього природного середовища,Івано-Франківська,"Захист і реабілітацію ґрунту, підземних  і поверхневих вод",Усього,Річна,2023,5020700.0
Поточні витрати на охорону навколишнього природного середовища,Івано-Франківська,"Захист і реабілітацію ґрунту, підземних  і поверхневих вод",Усього,Річна,2024,569300.0
Поточні витрати на охорону навколишнього природного середовища,Івано-Франківська,"Захист і реабілітацію ґрунту, підземних  і поверхневих вод",Усього,Річна,2025,1173200.0
Поточні витрати на охорону навколишнього природного середовища,Івано-Франківська,Очищення зворотних вод,Усього,Річна,2021,277418600.0
Поточні витрати на охорону навколишнього природного середовища,Івано-Франківська,Очищення зворотних вод,Усього,Річна,2022,231427900.0
Поточні витрати на охорону навколишнього природного середовища,Івано-Франківська,Очищення зворотних вод,Усього,Річна,2023,280487800.0
Поточні витрати на охорону навколишнього природного середовища,Івано-Франківська,Очищення зворотних вод,Усього,Річна,2024,291396900.0
Поточні витрати на охорону навколишнього природного середовища,Івано-Франківська,Очищення зворотних вод,Усього,Річна,2025,329843100.0
Поточні витрати на охорону навколишнього природного середовища,Івано-Франківська,Науково-дослідні роботи природоохоронного спрямування,Усього,Річна,2021,2718600.0
Поточні витрати на охорону навколишнього природного середовища,Івано-Франківська,Радіаційна безпека,Усього,Річна,2022,7400.0
Поточні витрати на охорону навколишнього природного середовища,Івано-Франківська,Радіаційна безпека,Усього,Річна,2023,10900.0
Поточні витрати на охорону навколишнього природного середовища,Івано-Франківська,Радіаційна безпека,Усього,Річна,2024,65400.00000000001
Поточні витрати на охорону навколишнього природного середовища,Івано-Франківська,Радіаційна безпека,Усього,Річна,2025,59000.0
Поточні витрати на охорону навколишнього природного середовища,Івано-Франківська,Поводження з відходами,Усього,Річна,2021,114373500.0
Поточні витрати на охорону навколишнього природного середовища,Івано-Франківська,Поводження з відходами,Усього,Річна,2022,118808000.0
Поточні витрати на охорону навколишнього природного середовища,Івано-Франківська,Поводження з відходами,Усього,Річна,2023,186240700.0
Поточні витрати на охорону навколишнього природного середовища,Івано-Франківська,Поводження з відходами,Усього,Річна,2024,212805000.0
Поточні витрати на охорону навколишнього природного середовища,Івано-Франківська,Поводження з відходами,Усього,Річна,2025,277364600.0
Поточні витрати на охорону навколишнього природного середовища,Київська,Охорона атмосферного повітря і проблеми зміни клімату,Усього,Річна,2021,45551700.0
Поточні витрати на охорону навколишнього природного середовища,Київська,Охорона атмосферного повітря і проблеми зміни клімату,Усього,Річна,2022,27493000.0
Поточні витрати на охорону навколишнього природного середовища,Київська,Охорона атмосферного повітря і проблеми зміни клімату,Усього,Річна,2023,40099200.0
Поточні витрати на охорону навколишнього природного середовища,Київська,Охорона атмосферного повітря і проблеми зміни клімату,Усього,Річна,2024,97253600.0
Поточні витрати на охорону навколишнього природного середовища,Київська,Охорона атмосферного повітря і проблеми зміни клімату,Усього,Річна,2025,185977600.0
Поточні витрати на охорону навколишнього природного середовища,Київська,Інші напрями природоохоронної діяльності,Усього,Річна,2021,4329300.0
Поточні витрати на охорону навколишнього природного середовища,Київська,Інші напрями природоохоронної діяльності,Усього,Річна,2022,1361200.0
Поточні витрати на охорону навколишнього природного середовища,Київська,Інші напрями природоохоронної діяльності,Усього,Річна,2023,3690300.0
Поточні витрати на охорону навколишнього природного середовища,Київська,Інші напрями природоохоронної діяльності,Усього,Річна,2024,4436900.0
Поточні витрати на охорону навколишнього природного середовища,Київська,Інші напрями природоохоронної діяльності,Усього,Річна,2025,5943300.0
Поточні витрати на охорону навколишнього природного середовища,Київська,Зниження шумового та вібраційного впливу,Усього,Річна,2021,355800.0
Поточні витрати на охорону навколишнього природного середовища,Київська,Зниження шумового та вібраційного впливу,Усього,Річна,2022,15500.0
Поточні витрати на охорону навколишнього природного середовища,Київська,Зниження шумового та вібраційного впливу,Усього,Річна,2023,200500.0
Поточні витрати на охорону навколишнього природного середовища,Київська,Зниження шумового та вібраційного впливу,Усього,Річна,2024,13181700.0
Поточні витрати на охорону навколишнього природного середовища,Київська,Зниження шумового та вібраційного впливу,Усього,Річна,2025,98900.0
Поточні витрати на охорону навколишнього природного середовища,Київська,"Захист і реабілітацію ґрунту, підземних  і поверхневих вод",Усього,Річна,2021,4629200.0
Поточні витрати на охорону навколишнього природного середовища,Київська,"Захист і реабілітацію ґрунту, підземних  і поверхневих вод",Усього,Річна,2022,9542200.0
Поточні витрати на охорону навколишнього природного середовища,Київська,"Захист і реабілітацію ґрунту, підземних  і поверхневих вод",Усього,Річна,2023,14333400.0
Поточні витрати на охорону навколишнього природного середовища,Київська,"Захист і реабілітацію ґрунту, підземних  і поверхневих вод",Усього,Річна,2024,10177500.0
Поточні витрати на охорону навколишнього природного середовища,Київська,"Захист і реабілітацію ґрунту, підземних  і поверхневих вод",Усього,Річна,2025,14655000.0
Поточні витрати на охорону навколишнього природного середовища,Київська,Очищення зворотних вод,Усього,Річна,2021,623711900.0
Поточні витрати на охорону навколишнього природного середовища,Київська,Очищення зворотних вод,Усього,Річна,2022,573980200.0
Поточні витрати на охорону навколишнього природного середовища,Київська,Очищення зворотних вод,Усього,Річна,2023,720623600.0
Поточні витрати на охорону навколишнього природного середовища,Київська,Очищення зворотних вод,Усього,Річна,2024,849144200.0
Поточні витрати на охорону навколишнього природного середовища,Київська,Очищення зворотних вод,Усього,Річна,2025,1020927200.0
Поточні витрати на охорону навколишнього природного середовища,Київська,Науково-дослідні роботи природоохоронного спрямування,Усього,Річна,2021,47300.0
Поточні витрати на охорону навколишнього природного середовища,Київська,Науково-дослідні роботи природоохоронного спрямування,Усього,Річна,2022,136200.0
Поточні витрати на охорону навколишнього природного середовища,Київська,Науково-дослідні роботи природоохоронного спрямування,Усього,Річна,2023,21000.0
Поточні витрати на охорону навколишнього природного середовища,Київська,Науково-дослідні роботи природоохоронного спрямування,Усього,Річна,2024,1469900.0
Поточні витрати на охорону навколишнього природного середовища,Київська,Науково-дослідні роботи природоохоронного спрямування,Усього,Річна,2025,1660600.0
Поточні витрати на охорону навколишнього природного середовища,Київська,Збереження біорізноманіття та середовища існування,Усього,Річна,2021,112538400.0
Поточні витрати на охорону навколишнього природного середовища,Київська,Збереження біорізноманіття та середовища існування,Усього,Річна,2022,82456400.0
Поточні витрати на охорону навколишнього природного середовища,Київська,Збереження біорізноманіття та середовища існування,Усього,Річна,2023,125641600.0
Поточні витрати на охорону навколишнього природного середовища,Київська,Збереження біорізноманіття та середовища існування,Усього,Річна,2024,165259300.0
Поточні витрати на охорону навколишнього природного середовища,Київська,Збереження біорізноманіття та середовища існування,Усього,Річна,2025,229734900.0
Поточні витрати на охорону навколишнього природного середовища,Київська,Поводження з відходами,Усього,Річна,2021,568810900.0
Поточні витрати на охорону навколишнього природного середовища,Київська,Поводження з відходами,Усього,Річна,2022,277694000.0
Поточні витрати на охорону навколишнього природного середовища,Київська,Поводження з відходами,Усього,Річна,2023,494122800.0
Поточні витрати на охорону навколишнього природного середовища,Київська,Поводження з відходами,Усього,Річна,2024,415357500.0
Поточні витрати на охорону навколишнього природного середовища,Київська,Поводження з відходами,Усього,Річна,2025,448562200.0
Поточні витрати на охорону навколишнього природного середовища,Київська,Радіаційна безпека,Усього,Річна,2021,195935400.0
Поточні витрати на охорону навколишнього природного середовища,Київська,Радіаційна безпека,Усього,Річна,2022,133525000.0
Поточні витрати на охорону навколишнього природного середовища,Київська,Радіаційна безпека,Усього,Річна,2023,121929500.0
Поточні витрати на охорону навколишнього природного середовища,Київська,Радіаційна безпека,Усього,Річна,2024,136515000.0
Поточні витрати на охорону навколишнього природного середовища,Київська,Радіаційна безпека,Усього,Річна,2025,155197100.0
Поточні витрати на охорону навколишнього природного середовища,Кіровоградська,Науково-дослідні роботи природоохоронного спрямування,Усього,Річна,2023,184000.0
Поточні витрати на охорону навколишнього природного середовища,Кіровоградська,Науково-дослідні роботи природоохоронного спрямування,Усього,Річна,2024,70200.0
Поточні витрати на охорону навколишнього природного середовища,Кіровоградська,Науково-дослідні роботи природоохоронного спрямування,Усього,Річна,2025,143600.0
Поточні витрати на охорону навколишнього природного середовища,Кіровоградська,Збереження біорізноманіття та середовища існування,Усього,Річна,2021,44022100.0
Поточні витрати на охорону навколишнього природного середовища,Кіровоградська,Збереження біорізноманіття та середовища існування,Усього,Річна,2022,99452500.0
Поточні витрати на охорону навколишнього природного середовища,Кіровоградська,Збереження біорізноманіття та середовища існування,Усього,Річна,2023,10169900.0
Поточні витрати на охорону навколишнього природного середовища,Кіровоградська,Збереження біорізноманіття та середовища існування,Усього,Річна,2024,11598300.0
Поточні витрати на охорону навколишнього природного середовища,Кіровоградська,Збереження біорізноманіття та середовища існування,Усього,Річна,2025,11567100.0
Поточні витрати на охорону навколишнього природного середовища,Кіровоградська,Поводження з відходами,Усього,Річна,2021,27378000.0
Поточні витрати на охорону навколишнього природного середовища,Кіровоградська,Поводження з відходами,Усього,Річна,2022,47256900.0
Поточні витрати на охорону навколишнього природного середовища,Кіровоградська,Поводження з відходами,Усього,Річна,2023,54170700.0
Поточні витрати на охорону навколишнього природного середовища,Кіровоградська,Поводження з відходами,Усього,Річна,2024,78127900.0
Поточні витрати на охорону навколишнього природного середовища,Кіровоградська,Поводження з відходами,Усього,Річна,2025,58789100.0
Поточні витрати на охорону навколишнього природного середовища,Кіровоградська,"Захист і реабілітацію ґрунту, підземних  і поверхневих вод",Усього,Річна,2021,3938100.0
Поточні витрати на охорону навколишнього природного середовища,Кіровоградська,"Захист і реабілітацію ґрунту, підземних  і поверхневих вод",Усього,Річна,2022,3072500.0
Поточні витрати на охорону навколишнього природного середовища,Кіровоградська,"Захист і реабілітацію ґрунту, підземних  і поверхневих вод",Усього,Річна,2023,2160400.0
Поточні витрати на охорону навколишнього природного середовища,Кіровоградська,"Захист і реабілітацію ґрунту, підземних  і поверхневих вод",Усього,Річна,2024,4387300.0
Поточні витрати на охорону навколишнього природного середовища,Кіровоградська,"Захист і реабілітацію ґрунту, підземних  і поверхневих вод",Усього,Річна,2025,8937100.0
Поточні витрати на охорону навколишнього природного середовища,Кіровоградська,Радіаційна безпека,Усього,Річна,2021,105700.0
Поточні витрати на охорону навколишнього природного середовища,Кіровоградська,Радіаційна безпека,Усього,Річна,2022,171700.0
Поточні витрати на охорону навколишнього природного середовища,Кіровоградська,Радіаційна безпека,Усього,Річна,2023,159900.0
Поточні витрати на охорону навколишнього природного середовища,Кіровоградська,Радіаційна безпека,Усього,Річна,2024,117600.0
Поточні витрати на охорону навколишнього природного середовища,Кіровоградська,Радіаційна безпека,Усього,Річна,2025,141100.0
Поточні витрати на охорону навколишнього природного середовища,Кіровоградська,Очищення зворотних вод,Усього,Річна,2021,194867900.0
Поточні витрати на охорону навколишнього природного середовища,Кіровоградська,Очищення зворотних вод,Усього,Річна,2022,207907000.0
Поточні витрати на охорону навколишнього природного середовища,Кіровоградська,Очищення зворотних вод,Усього,Річна,2023,223886700.0
Поточні витрати на охорону навколишнього природного середовища,Кіровоградська,Очищення зворотних вод,Усього,Річна,2024,271335000.0
Поточні витрати на охорону навколишнього природного середовища,Кіровоградська,Очищення зворотних вод,Усього,Річна,2025,314752500.0
Поточні витрати на охорону навколишнього природного середовища,Кіровоградська,Охорона атмосферного повітря і проблеми зміни клімату,Усього,Річна,2021,15146300.0
Поточні витрати на охорону навколишнього природного середовища,Кіровоградська,Охорона атмосферного повітря і проблеми зміни клімату,Усього,Річна,2022,6081400.0
Поточні витрати на охорону навколишнього природного середовища,Кіровоградська,Охорона атмосферного повітря і проблеми зміни клімату,Усього,Річна,2023,8291700.000000001
Поточні витрати на охорону навколишнього природного середовища,Кіровоградська,Охорона атмосферного повітря і проблеми зміни клімату,Усього,Річна,2024,12055400.0
Поточні витрати на охорону навколишнього природного середовища,Кіровоградська,Охорона атмосферного повітря і проблеми зміни клімату,Усього,Річна,2025,13980700.0
Поточні витрати на охорону навколишнього природного середовища,Кіровоградська,Інші напрями природоохоронної діяльності,Усього,Річна,2021,411800.0
Поточні витрати на охорону навколишнього природного середовища,Кіровоградська,Інші напрями природоохоронної діяльності,Усього,Річна,2022,286600.0
Поточні витрати на охорону навколишнього природного середовища,Кіровоградська,Інші напрями природоохоронної діяльності,Усього,Річна,2023,813800.0
Поточні витрати на охорону навколишнього природного середовища,Кіровоградська,Інші напрями природоохоронної діяльності,Усього,Річна,2024,294800.0
Поточні витрати на охорону навколишнього природного середовища,Кіровоградська,Інші напрями природоохоронної діяльності,Усього,Річна,2025,554300.0
Поточні витрати на охорону навколишнього природного середовища,Кіровоградська,Зниження шумового та вібраційного впливу,Усього,Річна,2021,7600.0
Поточні витрати на охорону навколишнього природного середовища,Кіровоградська,Зниження шумового та вібраційного впливу,Усього,Річна,2022,7600.0
Поточні витрати на охорону навколишнього природного середовища,Кіровоградська,Зниження шумового та вібраційного впливу,Усього,Річна,2023,9800.0
Поточні витрати на охорону навколишнього природного середовища,Кіровоградська,Зниження шумового та вібраційного впливу,Усього,Річна,2024,5900.0
Поточні витрати на охорону навколишнього природного середовища,Кіровоградська,Зниження шумового та вібраційного впливу,Усього,Річна,2025,2100.0
Поточні витрати на охорону навколишнього природного середовища,Луганська,Радіаційна безпека,Усього,Річна,2021,12500.0
Поточні витрати на охорону навколишнього природного середовища,Луганська,Збереження біорізноманіття та середовища існування,Усього,Річна,2021,70151400.0
Поточні витрати на охорону навколишнього природного середовища,Луганська,Збереження біорізноманіття та середовища існування,Усього,Річна,2022,2123800.0
Поточні витрати на охорону навколишнього природного середовища,Луганська,Збереження біорізноманіття та середовища існування,Усього,Річна,2023,1306900.0
Поточні витрати на охорону навколишнього природного середовища,Луганська,Збереження біорізноманіття та середовища існування,Усього,Річна,2024,1708300.0
Поточні витрати на охорону навколишнього природного середовища,Луганська,Збереження біорізноманіття та середовища існування,Усього,Річна,2025,1707000.0
Поточні витрати на охорону навколишнього природного середовища,Луганська,"Захист і реабілітацію ґрунту, підземних  і поверхневих вод",Усього,Річна,2021,1302800.0
Поточні витрати на охорону навколишнього природного середовища,Луганська,"Захист і реабілітацію ґрунту, підземних  і поверхневих вод",Усього,Річна,2022,128800.00000000001
Поточні витрати на охорону навколишнього природного середовища,Луганська,Очищення зворотних вод,Усього,Річна,2021,272017700.0
Поточні витрати на охорону навколишнього природного середовища,Луганська,Очищення зворотних вод,Усього,Річна,2022,184200.0
Поточні витрати на охорону навколишнього природного середовища,Луганська,Поводження з відходами,Усього,Річна,2021,70326100.0
Поточні витрати на охорону навколишнього природного середовища,Луганська,Охорона атмосферного повітря і проблеми зміни клімату,Усього,Річна,2021,13410800.0
Поточні витрати на охорону навколишнього природного середовища,Луганська,Охорона атмосферного повітря і проблеми зміни клімату,Усього,Річна,2022,113400.0
Поточні витрати на охорону навколишнього природного середовища,Луганська,Інші напрями природоохоронної діяльності,Усього,Річна,2021,22814600.0
Поточні витрати на охорону навколишнього природного середовища,Луганська,Інші напрями природоохоронної діяльності,Усього,Річна,2022,157000.0
Поточні витрати на охорону навколишнього природного середовища,Львівська,Охорона атмосферного повітря і проблеми зміни клімату,Усього,Річна,2021,44222700.0
Поточні витрати на охорону навколишнього природного середовища,Львівська,Охорона атмосферного повітря і проблеми зміни клімату,Усього,Річна,2022,64129300.0
Поточні витрати на охорону навколишнього природного середовища,Львівська,Охорона атмосферного повітря і проблеми зміни клімату,Усього,Річна,2023,95311700.0
Поточні витрати на охорону навколишнього природного середовища,Львівська,Охорона атмосферного повітря і проблеми зміни клімату,Усього,Річна,2024,71151200.0
Поточні витрати на охорону навколишнього природного середовища,Львівська,Охорона атмосферного повітря і проблеми зміни клімату,Усього,Річна,2025,82222800.0
Поточні витрати на охорону навколишнього природного середовища,Львівська,Зниження шумового та вібраційного впливу,Усього,Річна,2021,119800.0
Поточні витрати на охорону навколишнього природного середовища,Львівська,Зниження шумового та вібраційного впливу,Усього,Річна,2022,36400.0
Поточні витрати на охорону навколишнього природного середовища,Львівська,Зниження шумового та вібраційного впливу,Усього,Річна,2023,69300.0
Поточні витрати на охорону навколишнього природного середовища,Львівська,Зниження шумового та вібраційного впливу,Усього,Річна,2024,642300.0
Поточні витрати на охорону навколишнього природного середовища,Львівська,Зниження шумового та вібраційного впливу,Усього,Річна,2025,630400.0
Поточні витрати на охорону навколишнього природного середовища,Львівська,Інші напрями природоохоронної діяльності,Усього,Річна,2021,6921700.0
Поточні витрати на охорону навколишнього природного середовища,Львівська,Інші напрями природоохоронної діяльності,Усього,Річна,2022,3162800.0
Поточні витрати на охорону навколишнього природного середовища,Львівська,Інші напрями природоохоронної діяльності,Усього,Річна,2023,7058800.0
Поточні витрати на охорону навколишнього природного середовища,Львівська,Інші напрями природоохоронної діяльності,Усього,Річна,2024,7551100.0
Поточні витрати на охорону навколишнього природного середовища,Львівська,Інші напрями природоохоронної діяльності,Усього,Річна,2025,6846400.0
Поточні витрати на охорону навколишнього природного середовища,Львівська,Поводження з відходами,Усього,Річна,2021,350357000.0
Поточні витрати на охорону навколишнього природного середовища,Львівська,Поводження з відходами,Усього,Річна,2022,524528000.0
Поточні витрати на охорону навколишнього природного середовища,Львівська,Поводження з відходами,Усього,Річна,2023,577044300.0
Поточні витрати на охорону навколишнього природного середовища,Львівська,Поводження з відходами,Усього,Річна,2024,715262800.0
Поточні витрати на охорону навколишнього природного середовища,Львівська,Поводження з відходами,Усього,Річна,2025,899596800.0
Поточні витрати на охорону навколишнього природного середовища,Львівська,Радіаційна безпека,Усього,Річна,2021,411200.0
Поточні витрати на охорону навколишнього природного середовища,Львівська,Радіаційна безпека,Усього,Річна,2022,224800.0
Поточні витрати на охорону навколишнього природного середовища,Львівська,Радіаційна безпека,Усього,Річна,2023,142500.0
Поточні витрати на охорону навколишнього природного середовища,Львівська,Радіаційна безпека,Усього,Річна,2024,157500.0
Поточні витрати на охорону навколишнього природного середовища,Львівська,Радіаційна безпека,Усього,Річна,2025,89900.0
Поточні витрати на охорону навколишнього природного середовища,Львівська,"Захист і реабілітацію ґрунту, підземних  і поверхневих вод",Усього,Річна,2021,49517100.0
Поточні витрати на охорону навколишнього природного середовища,Львівська,"Захист і реабілітацію ґрунту, підземних  і поверхневих вод",Усього,Річна,2022,67180800.0
Поточні витрати на охорону навколишнього природного середовища,Львівська,"Захист і реабілітацію ґрунту, підземних  і поверхневих вод",Усього,Річна,2023,72219600.0
Поточні витрати на охорону навколишнього природного середовища,Львівська,"Захист і реабілітацію ґрунту, підземних  і поверхневих вод",Усього,Річна,2024,89988500.0
Поточні витрати на охорону навколишнього природного середовища,Львівська,"Захист і реабілітацію ґрунту, підземних  і поверхневих вод",Усього,Річна,2025,139858300.0
Поточні витрати на охорону навколишнього природного середовища,Львівська,Науково-дослідні роботи природоохоронного спрямування,Усього,Річна,2021,266600.0
Поточні витрати на охорону навколишнього природного середовища,Львівська,Науково-дослідні роботи природоохоронного спрямування,Усього,Річна,2022,971400.0
Поточні витрати на охорону навколишнього природного середовища,Львівська,Науково-дослідні роботи природоохоронного спрямування,Усього,Річна,2023,701500.0
Поточні витрати на охорону навколишнього природного середовища,Львівська,Науково-дослідні роботи природоохоронного спрямування,Усього,Річна,2024,723000.0
Поточні витрати на охорону навколишнього природного середовища,Львівська,Науково-дослідні роботи природоохоронного спрямування,Усього,Річна,2025,3482400.0
Поточні витрати на охорону навколишнього природного середовища,Львівська,Збереження біорізноманіття та середовища існування,Усього,Річна,2021,16032400.0
Поточні витрати на охорону навколишнього природного середовища,Львівська,Збереження біорізноманіття та середовища існування,Усього,Річна,2022,32173300.0
Поточні витрати на охорону навколишнього природного середовища,Львівська,Збереження біорізноманіття та середовища існування,Усього,Річна,2023,29146600.0
Поточні витрати на охорону навколишнього природного середовища,Львівська,Збереження біорізноманіття та середовища існування,Усього,Річна,2024,37613600.0
Поточні витрати на охорону навколишнього природного середовища,Львівська,Збереження біорізноманіття та середовища існування,Усього,Річна,2025,53450300.0
Поточні витрати на охорону навколишнього природного середовища,Львівська,Очищення зворотних вод,Усього,Річна,2021,428321500.0
Поточні витрати на охорону навколишнього природного середовища,Львівська,Очищення зворотних вод,Усього,Річна,2022,600052900.0
Поточні витрати на охорону навколишнього природного середовища,Львівська,Очищення зворотних вод,Усього,Річна,2023,737369200.0
Поточні витрати на охорону навколишнього природного середовища,Львівська,Очищення зворотних вод,Усього,Річна,2024,862124400.0
Поточні витрати на охорону навколишнього природного середовища,Львівська,Очищення зворотних вод,Усього,Річна,2025,966016000.0
Поточні витрати на охорону навколишнього природного середовища,Миколаївська,Збереження біорізноманіття та середовища існування,Усього,Річна,2021,55618000.0
Поточні витрати на охорону навколишнього природного середовища,Миколаївська,Збереження біорізноманіття та середовища існування,Усього,Річна,2022,58814500.0
Поточні витрати на охорону навколишнього природного середовища,Миколаївська,Збереження біорізноманіття та середовища існування,Усього,Річна,2023,62777400.0
Поточні витрати на охорону навколишнього природного середовища,Миколаївська,Збереження біорізноманіття та середовища існування,Усього,Річна,2024,63024200.0
Поточні витрати на охорону навколишнього природного середовища,Миколаївська,Збереження біорізноманіття та середовища існування,Усього,Річна,2025,69239500.0
Поточні витрати на охорону навколишнього природного середовища,Миколаївська,Поводження з відходами,Усього,Річна,2021,247481100.0
Поточні витрати на охорону навколишнього природного середовища,Миколаївська,Поводження з відходами,Усього,Річна,2022,161300000.0
Поточні витрати на охорону навколишнього природного середовища,Миколаївська,Поводження з відходами,Усього,Річна,2023,233845400.0
Поточні витрати на охорону навколишнього природного середовища,Миколаївська,Поводження з відходами,Усього,Річна,2024,240223900.0
Поточні витрати на охорону навколишнього природного середовища,Миколаївська,Поводження з відходами,Усього,Річна,2025,313749500.0
Поточні витрати на охорону навколишнього природного середовища,Миколаївська,Очищення зворотних вод,Усього,Річна,2021,374876200.0
Поточні витрати на охорону навколишнього природного середовища,Миколаївська,Очищення зворотних вод,Усього,Річна,2022,317884000.0
Поточні витрати на охорону навколишнього природного середовища,Миколаївська,Очищення зворотних вод,Усього,Річна,2023,320852700.0
Поточні витрати на охорону навколишнього природного середовища,Миколаївська,Очищення зворотних вод,Усього,Річна,2024,377418500.0
Поточні витрати на охорону навколишнього природного середовища,Миколаївська,Очищення зворотних вод,Усього,Річна,2025,444081000.0
Поточні витрати на охорону навколишнього природного середовища,Миколаївська,Зниження шумового та вібраційного впливу,Усього,Річна,2021,40900.0
Поточні витрати на охорону навколишнього природного середовища,Миколаївська,Зниження шумового та вібраційного впливу,Усього,Річна,2022,10400.0
Поточні витрати на охорону навколишнього природного середовища,Миколаївська,Зниження шумового та вібраційного впливу,Усього,Річна,2023,14400.0
Поточні витрати на охорону навколишнього природного середовища,Миколаївська,Зниження шумового та вібраційного впливу,Усього,Річна,2024,50000.0
Поточні витрати на охорону навколишнього природного середовища,Миколаївська,Зниження шумового та вібраційного впливу,Усього,Річна,2025,28300.0
Поточні витрати на охорону навколишнього природного середовища,Миколаївська,"Захист і реабілітацію ґрунту, підземних  і поверхневих вод",Усього,Річна,2021,38471200.0
Поточні витрати на охорону навколишнього природного середовища,Миколаївська,"Захист і реабілітацію ґрунту, підземних  і поверхневих вод",Усього,Річна,2022,2840100.0
Поточні витрати на охорону навколишнього природного середовища,Миколаївська,"Захист і реабілітацію ґрунту, підземних  і поверхневих вод",Усього,Річна,2023,872400.0
Поточні витрати на охорону навколишнього природного середовища,Миколаївська,"Захист і реабілітацію ґрунту, підземних  і поверхневих вод",Усього,Річна,2024,1854000.0
Поточні витрати на охорону навколишнього природного середовища,Миколаївська,"Захист і реабілітацію ґрунту, підземних  і поверхневих вод",Усього,Річна,2025,2563800.0
Поточні витрати на охорону навколишнього природного середовища,Миколаївська,Охорона атмосферного повітря і проблеми зміни клімату,Усього,Річна,2021,38811300.0
Поточні витрати на охорону навколишнього природного середовища,Миколаївська,Охорона атмосферного повітря і проблеми зміни клімату,Усього,Річна,2022,13802700.0
Поточні витрати на охорону навколишнього природного середовища,Миколаївська,Охорона атмосферного повітря і проблеми зміни клімату,Усього,Річна,2023,17590000.0
Поточні витрати на охорону навколишнього природного середовища,Миколаївська,Охорона атмосферного повітря і проблеми зміни клімату,Усього,Річна,2024,16663700.0
Поточні витрати на охорону навколишнього природного середовища,Миколаївська,Охорона атмосферного повітря і проблеми зміни клімату,Усього,Річна,2025,12673400.0
Поточні витрати на охорону навколишнього природного середовища,Миколаївська,Науково-дослідні роботи природоохоронного спрямування,Усього,Річна,2021,1441300.0
Поточні витрати на охорону навколишнього природного середовища,Миколаївська,Науково-дослідні роботи природоохоронного спрямування,Усього,Річна,2022,1451000.0
Поточні витрати на охорону навколишнього природного середовища,Миколаївська,Науково-дослідні роботи природоохоронного спрямування,Усього,Річна,2023,2892600.0
Поточні витрати на охорону навколишнього природного середовища,Миколаївська,Науково-дослідні роботи природоохоронного спрямування,Усього,Річна,2024,1948800.0
Поточні витрати на охорону навколишнього природного середовища,Миколаївська,Науково-дослідні роботи природоохоронного спрямування,Усього,Річна,2025,2314300.0
Поточні витрати на охорону навколишнього природного середовища,Миколаївська,Інші напрями природоохоронної діяльності,Усього,Річна,2021,13714600.0
Поточні витрати на охорону навколишнього природного середовища,Миколаївська,Інші напрями природоохоронної діяльності,Усього,Річна,2022,6596400.0
Поточні витрати на охорону навколишнього природного середовища,Миколаївська,Інші напрями природоохоронної діяльності,Усього,Річна,2023,6379600.0
Поточні витрати на охорону навколишнього природного середовища,Миколаївська,Інші напрями природоохоронної діяльності,Усього,Річна,2024,7137000.0
Поточні витрати на охорону навколишнього природного середовища,Миколаївська,Інші напрями природоохоронної діяльності,Усього,Річна,2025,7384900.0
Поточні витрати на охорону навколишнього природного середовища,Одеська,Збереження біорізноманіття та середовища існування,Усього,Річна,2021,4208700.0
Поточні витрати на охорону навколишнього природного середовища,Одеська,Збереження біорізноманіття та середовища існування,Усього,Річна,2022,5333900.0
Поточні витрати на охорону навколишнього природного середовища,Одеська,Збереження біорізноманіття та середовища існування,Усього,Річна,2023,5253600.0
Поточні витрати на охорону навколишнього природного середовища,Одеська,Збереження біорізноманіття та середовища існування,Усього,Річна,2024,8015500.0
Поточні витрати на охорону навколишнього природного середовища,Одеська,Збереження біорізноманіття та середовища існування,Усього,Річна,2025,6030200.0
Поточні витрати на охорону навколишнього природного середовища,Одеська,"Захист і реабілітацію ґрунту, підземних  і поверхневих вод",Усього,Річна,2021,8206600.0
Поточні витрати на охорону навколишнього природного середовища,Одеська,"Захист і реабілітацію ґрунту, підземних  і поверхневих вод",Усього,Річна,2022,710600.0
Поточні витрати на охорону навколишнього природного середовища,Одеська,"Захист і реабілітацію ґрунту, підземних  і поверхневих вод",Усього,Річна,2023,1733100.0
Поточні витрати на охорону навколишнього природного середовища,Одеська,"Захист і реабілітацію ґрунту, підземних  і поверхневих вод",Усього,Річна,2024,1835100.0
Поточні витрати на охорону навколишнього природного середовища,Одеська,"Захист і реабілітацію ґрунту, підземних  і поверхневих вод",Усього,Річна,2025,2022600.0
Поточні витрати на охорону навколишнього природного середовища,Одеська,Науково-дослідні роботи природоохоронного спрямування,Усього,Річна,2021,3217300.0
Поточні витрати на охорону навколишнього природного середовища,Одеська,Науково-дослідні роботи природоохоронного спрямування,Усього,Річна,2022,3324200.0
Поточні витрати на охорону навколишнього природного середовища,Одеська,Науково-дослідні роботи природоохоронного спрямування,Усього,Річна,2023,2004300.0
Поточні витрати на охорону навколишнього природного середовища,Одеська,Науково-дослідні роботи природоохоронного спрямування,Усього,Річна,2024,2634500.0
Поточні витрати на охорону навколишнього природного середовища,Одеська,Науково-дослідні роботи природоохоронного спрямування,Усього,Річна,2025,11177300.0
Поточні витрати на охорону навколишнього природного середовища,Одеська,Очищення зворотних вод,Усього,Річна,2021,154344600.0
Поточні витрати на охорону навколишнього природного середовища,Одеська,Очищення зворотних вод,Усього,Річна,2022,198920500.0
Поточні витрати на охорону навколишнього природного середовища,Одеська,Очищення зворотних вод,Усього,Річна,2023,201693700.0
Поточні витрати на охорону навколишнього природного середовища,Одеська,Очищення зворотних вод,Усього,Річна,2024,210628500.0
Поточні витрати на охорону навколишнього природного середовища,Одеська,Очищення зворотних вод,Усього,Річна,2025,318244500.0
Поточні витрати на охорону навколишнього природного середовища,Одеська,Зниження шумового та вібраційного впливу,Усього,Річна,2021,251027900.0
Поточні витрати на охорону навколишнього природного середовища,Одеська,Зниження шумового та вібраційного впливу,Усього,Річна,2022,5146000.0
Поточні витрати на охорону навколишнього природного середовища,Одеська,Зниження шумового та вібраційного впливу,Усього,Річна,2023,434900.0
Поточні витрати на охорону навколишнього природного середовища,Одеська,Зниження шумового та вібраційного впливу,Усього,Річна,2024,17329900.0
Поточні витрати на охорону навколишнього природного середовища,Одеська,Зниження шумового та вібраційного впливу,Усього,Річна,2025,5225200.0
Поточні витрати на охорону навколишнього природного середовища,Одеська,Інші напрями природоохоронної діяльності,Усього,Річна,2021,3942900.0
Поточні витрати на охорону навколишнього природного середовища,Одеська,Інші напрями природоохоронної діяльності,Усього,Річна,2022,3325800.0
Поточні витрати на охорону навколишнього природного середовища,Одеська,Інші напрями природоохоронної діяльності,Усього,Річна,2023,2530300.0
Поточні витрати на охорону навколишнього природного середовища,Одеська,Інші напрями природоохоронної діяльності,Усього,Річна,2024,4077600.0
Поточні витрати на охорону навколишнього природного середовища,Одеська,Інші напрями природоохоронної діяльності,Усього,Річна,2025,4642700.0
Поточні витрати на охорону навколишнього природного середовища,Одеська,Охорона атмосферного повітря і проблеми зміни клімату,Усього,Річна,2021,16930800.0
Поточні витрати на охорону навколишнього природного середовища,Одеська,Охорона атмосферного повітря і проблеми зміни клімату,Усього,Річна,2022,9830100.0
Поточні витрати на охорону навколишнього природного середовища,Одеська,Охорона атмосферного повітря і проблеми зміни клімату,Усього,Річна,2023,11600100.0
Поточні витрати на охорону навколишнього природного середовища,Одеська,Охорона атмосферного повітря і проблеми зміни клімату,Усього,Річна,2024,22438900.0
Поточні витрати на охорону навколишнього природного середовища,Одеська,Охорона атмосферного повітря і проблеми зміни клімату,Усього,Річна,2025,19055400.0
Поточні витрати на охорону навколишнього природного середовища,Одеська,Радіаційна безпека,Усього,Річна,2021,105400.0
Поточні витрати на охорону навколишнього природного середовища,Одеська,Радіаційна безпека,Усього,Річна,2022,40400.0
Поточні витрати на охорону навколишнього природного середовища,Одеська,Радіаційна безпека,Усього,Річна,2023,49700.0
Поточні витрати на охорону навколишнього природного середовища,Одеська,Радіаційна безпека,Усього,Річна,2024,36400.0
Поточні витрати на охорону навколишнього природного середовища,Одеська,Радіаційна безпека,Усього,Річна,2025,27700.0
Поточні витрати на охорону навколишнього природного середовища,Одеська,Поводження з відходами,Усього,Річна,2021,185817800.0
Поточні витрати на охорону навколишнього природного середовища,Одеська,Поводження з відходами,Усього,Річна,2022,251390600.0
Поточні витрати на охорону навколишнього природного середовища,Одеська,Поводження з відходами,Усього,Річна,2023,493867900.0
Поточні витрати на охорону навколишнього природного середовища,Одеська,Поводження з відходами,Усього,Річна,2024,641238600.0
Поточні витрати на охорону навколишнього природного середовища,Одеська,Поводження з відходами,Усього,Річна,2025,839368300.0
Поточні витрати на охорону навколишнього природного середовища,Полтавська,Збереження біорізноманіття та середовища існування,Усього,Річна,2021,41651300.0
Поточні витрати на охорону навколишнього природного середовища,Полтавська,Збереження біорізноманіття та середовища існування,Усього,Річна,2022,48964800.0
Поточні витрати на охорону навколишнього природного середовища,Полтавська,Збереження біорізноманіття та середовища існування,Усього,Річна,2023,14726500.0
Поточні витрати на охорону навколишнього природного середовища,Полтавська,Збереження біорізноманіття та середовища існування,Усього,Річна,2024,17493200.0
Поточні витрати на охорону навколишнього природного середовища,Полтавська,Збереження біорізноманіття та середовища існування,Усього,Річна,2025,28216100.0
Поточні витрати на охорону навколишнього природного середовища,Полтавська,Очищення зворотних вод,Усього,Річна,2021,472248200.0
Поточні витрати на охорону навколишнього природного середовища,Полтавська,Очищення зворотних вод,Усього,Річна,2022,284293800.0
Поточні витрати на охорону навколишнього природного середовища,Полтавська,Очищення зворотних вод,Усього,Річна,2023,334645100.0
Поточні витрати на охорону навколишнього природного середовища,Полтавська,Очищення зворотних вод,Усього,Річна,2024,1281913600.0
Поточні витрати на охорону навколишнього природного середовища,Полтавська,Очищення зворотних вод,Усього,Річна,2025,670568200.0
Поточні витрати на охорону навколишнього природного середовища,Полтавська,Інші напрями природоохоронної діяльності,Усього,Річна,2021,18060600.0
Поточні витрати на охорону навколишнього природного середовища,Полтавська,Інші напрями природоохоронної діяльності,Усього,Річна,2022,8812900.0
Поточні витрати на охорону навколишнього природного середовища,Полтавська,Інші напрями природоохоронної діяльності,Усього,Річна,2023,9777700.0
Поточні витрати на охорону навколишнього природного середовища,Полтавська,Інші напрями природоохоронної діяльності,Усього,Річна,2024,20359600.0
Поточні витрати на охорону навколишнього природного середовища,Полтавська,Інші напрями природоохоронної діяльності,Усього,Річна,2025,19516900.0
Поточні витрати на охорону навколишнього природного середовища,Полтавська,Радіаційна безпека,Усього,Річна,2021,198600.0
Поточні витрати на охорону навколишнього природного середовища,Полтавська,Радіаційна безпека,Усього,Річна,2022,169700.0
Поточні витрати на охорону навколишнього природного середовища,Полтавська,Радіаційна безпека,Усього,Річна,2023,184500.0
Поточні витрати на охорону навколишнього природного середовища,Полтавська,Радіаційна безпека,Усього,Річна,2024,131000.0
Поточні витрати на охорону навколишнього природного середовища,Полтавська,Радіаційна безпека,Усього,Річна,2025,261800.0
Поточні витрати на охорону навколишнього природного середовища,Полтавська,Поводження з відходами,Усього,Річна,2021,181923900.0
Поточні витрати на охорону навколишнього природного середовища,Полтавська,Поводження з відходами,Усього,Річна,2022,226316100.0
Поточні витрати на охорону навколишнього природного середовища,Полтавська,Поводження з відходами,Усього,Річна,2023,263118400.00000003
Поточні витрати на охорону навколишнього природного середовища,Полтавська,Поводження з відходами,Усього,Річна,2024,308134400.0
Поточні витрати на охорону навколишнього природного середовища,Полтавська,Поводження з відходами,Усього,Річна,2025,331131600.0
Поточні витрати на охорону навколишнього природного середовища,Полтавська,Охорона атмосферного повітря і проблеми зміни клімату,Усього,Річна,2021,335943400.0
Поточні витрати на охорону навколишнього природного середовища,Полтавська,Охорона атмосферного повітря і проблеми зміни клімату,Усього,Річна,2022,48653200.0
Поточні витрати на охорону навколишнього природного середовища,Полтавська,Охорона атмосферного повітря і проблеми зміни клімату,Усього,Річна,2023,51785700.0
Поточні витрати на охорону навколишнього природного середовища,Полтавська,Охорона атмосферного повітря і проблеми зміни клімату,Усього,Річна,2024,821183000.0
Поточні витрати на охорону навколишнього природного середовища,Полтавська,Охорона атмосферного повітря і проблеми зміни клімату,Усього,Річна,2025,401631600.0
Поточні витрати на охорону навколишнього природного середовища,Полтавська,Зниження шумового та вібраційного впливу,Усього,Річна,2021,12000.0
Поточні витрати на охорону навколишнього природного середовища,Полтавська,Зниження шумового та вібраційного впливу,Усього,Річна,2022,132100.0
Поточні витрати на охорону навколишнього природного середовища,Полтавська,Зниження шумового та вібраційного впливу,Усього,Річна,2023,175700.0
Поточні витрати на охорону навколишнього природного середовища,Полтавська,Зниження шумового та вібраційного впливу,Усього,Річна,2024,101500.0
Поточні витрати на охорону навколишнього природного середовища,Полтавська,Зниження шумового та вібраційного впливу,Усього,Річна,2025,126000.0
Поточні витрати на охорону навколишнього природного середовища,Полтавська,Науково-дослідні роботи природоохоронного спрямування,Усього,Річна,2021,2991200.0
Поточні витрати на охорону навколишнього природного середовища,Полтавська,Науково-дослідні роботи природоохоронного спрямування,Усього,Річна,2022,4313500.0
Поточні витрати на охорону навколишнього природного середовища,Полтавська,Науково-дослідні роботи природоохоронного спрямування,Усього,Річна,2023,3839100.0
Поточні витрати на охорону навколишнього природного середовища,Полтавська,Науково-дослідні роботи природоохоронного спрямування,Усього,Річна,2024,2814200.0
Поточні витрати на охорону навколишнього природного середовища,Полтавська,Науково-дослідні роботи природоохоронного спрямування,Усього,Річна,2025,4657400.0
Поточні витрати на охорону навколишнього природного середовища,Полтавська,"Захист і реабілітацію ґрунту, підземних  і поверхневих вод",Усього,Річна,2021,13541400.0
Поточні витрати на охорону навколишнього природного середовища,Полтавська,"Захист і реабілітацію ґрунту, підземних  і поверхневих вод",Усього,Річна,2022,3731900.0
Поточні витрати на охорону навколишнього природного середовища,Полтавська,"Захист і реабілітацію ґрунту, підземних  і поверхневих вод",Усього,Річна,2023,4497700.0
Поточні витрати на охорону навколишнього природного середовища,Полтавська,"Захист і реабілітацію ґрунту, підземних  і поверхневих вод",Усього,Річна,2024,6467800.0
Поточні витрати на охорону навколишнього природного середовища,Полтавська,"Захист і реабілітацію ґрунту, підземних  і поверхневих вод",Усього,Річна,2025,11503300.0
Поточні витрати на охорону навколишнього природного середовища,Рівненська,Очищення зворотних вод,Усього,Річна,2021,520231400.0
Поточні витрати на охорону навколишнього природного середовища,Рівненська,Очищення зворотних вод,Усього,Річна,2022,458033700.0
Поточні витрати на охорону навколишнього природного середовища,Рівненська,Очищення зворотних вод,Усього,Річна,2023,584458600.0
Поточні витрати на охорону навколишнього природного середовища,Рівненська,Очищення зворотних вод,Усього,Річна,2024,708927100.0
Поточні витрати на охорону навколишнього природного середовища,Рівненська,Очищення зворотних вод,Усього,Річна,2025,935952200.0
Поточні витрати на охорону навколишнього природного середовища,Рівненська,Збереження біорізноманіття та середовища існування,Усього,Річна,2021,29774500.0
Поточні витрати на охорону навколишнього природного середовища,Рівненська,Збереження біорізноманіття та середовища існування,Усього,Річна,2022,26341700.0
Поточні витрати на охорону навколишнього природного середовища,Рівненська,Збереження біорізноманіття та середовища існування,Усього,Річна,2023,27098500.0
Поточні витрати на охорону навколишнього природного середовища,Рівненська,Збереження біорізноманіття та середовища існування,Усього,Річна,2024,55855100.0
Поточні витрати на охорону навколишнього природного середовища,Рівненська,Збереження біорізноманіття та середовища існування,Усього,Річна,2025,68665800.0
Поточні витрати на охорону навколишнього природного середовища,Рівненська,Інші напрями природоохоронної діяльності,Усього,Річна,2021,1019000.0
Поточні витрати на охорону навколишнього природного середовища,Рівненська,Інші напрями природоохоронної діяльності,Усього,Річна,2022,883800.0
Поточні витрати на охорону навколишнього природного середовища,Рівненська,Інші напрями природоохоронної діяльності,Усього,Річна,2023,861600.0
Поточні витрати на охорону навколишнього природного середовища,Рівненська,Інші напрями природоохоронної діяльності,Усього,Річна,2024,1242000.0
Поточні витрати на охорону навколишнього природного середовища,Рівненська,Інші напрями природоохоронної діяльності,Усього,Річна,2025,1638700.0
Поточні витрати на охорону навколишнього природного середовища,Рівненська,Охорона атмосферного повітря і проблеми зміни клімату,Усього,Річна,2021,2932200.0
Поточні витрати на охорону навколишнього природного середовища,Рівненська,Охорона атмосферного повітря і проблеми зміни клімату,Усього,Річна,2022,4444500.0
Поточні витрати на охорону навколишнього природного середовища,Рівненська,Охорона атмосферного повітря і проблеми зміни клімату,Усього,Річна,2023,5859500.0
Поточні витрати на охорону навколишнього природного середовища,Рівненська,Охорона атмосферного повітря і проблеми зміни клімату,Усього,Річна,2024,8026700.0
Поточні витрати на охорону навколишнього природного середовища,Рівненська,Охорона атмосферного повітря і проблеми зміни клімату,Усього,Річна,2025,13431700.0
Поточні витрати на охорону навколишнього природного середовища,Рівненська,Зниження шумового та вібраційного впливу,Усього,Річна,2021,48600.0
Поточні витрати на охорону навколишнього природного середовища,Рівненська,Зниження шумового та вібраційного впливу,Усього,Річна,2022,82800.0
Поточні витрати на охорону навколишнього природного середовища,Рівненська,Зниження шумового та вібраційного впливу,Усього,Річна,2023,8900.0
Поточні витрати на охорону навколишнього природного середовища,Рівненська,Зниження шумового та вібраційного впливу,Усього,Річна,2024,18200.0
Поточні витрати на охорону навколишнього природного середовища,Рівненська,Зниження шумового та вібраційного впливу,Усього,Річна,2025,12100.0
Поточні витрати на охорону навколишнього природного середовища,Рівненська,Радіаційна безпека,Усього,Річна,2021,37900.0
Поточні витрати на охорону навколишнього природного середовища,Рівненська,Радіаційна безпека,Усього,Річна,2022,77800.0
Поточні витрати на охорону навколишнього природного середовища,Рівненська,Радіаційна безпека,Усього,Річна,2023,19700.0
Поточні витрати на охорону навколишнього природного середовища,Рівненська,Радіаційна безпека,Усього,Річна,2024,100000.0
Поточні витрати на охорону навколишнього природного середовища,Рівненська,Радіаційна безпека,Усього,Річна,2025,31700.0
Поточні витрати на охорону навколишнього природного середовища,Рівненська,Поводження з відходами,Усього,Річна,2021,114481800.0
Поточні витрати на охорону навколишнього природного середовища,Рівненська,Поводження з відходами,Усього,Річна,2022,126985100.0
Поточні витрати на охорону навколишнього природного середовища,Рівненська,Поводження з відходами,Усього,Річна,2023,157927800.0
Поточні витрати на охорону навколишнього природного середовища,Рівненська,Поводження з відходами,Усього,Річна,2024,175107300.0
Поточні витрати на охорону навколишнього природного середовища,Рівненська,Поводження з відходами,Усього,Річна,2025,186770500.0
Поточні витрати на охорону навколишнього природного середовища,Рівненська,Науково-дослідні роботи природоохоронного спрямування,Усього,Річна,2021,5254400.0
Поточні витрати на охорону навколишнього природного середовища,Рівненська,Науково-дослідні роботи природоохоронного спрямування,Усього,Річна,2022,6148700.0
Поточні витрати на охорону навколишнього природного середовища,Рівненська,Науково-дослідні роботи природоохоронного спрямування,Усього,Річна,2023,6494900.0
Поточні витрати на охорону навколишнього природного середовища,Рівненська,Науково-дослідні роботи природоохоронного спрямування,Усього,Річна,2024,9968400.0
Поточні витрати на охорону навколишнього природного середовища,Рівненська,Науково-дослідні роботи природоохоронного спрямування,Усього,Річна,2025,11641800.0
Поточні витрати на охорону навколишнього природного середовища,Рівненська,"Захист і реабілітацію ґрунту, підземних  і поверхневих вод",Усього,Річна,2021,2305300.0
Поточні витрати на охорону навколишнього природного середовища,Рівненська,"Захист і реабілітацію ґрунту, підземних  і поверхневих вод",Усього,Річна,2022,3379300.0
Поточні витрати на охорону навколишнього природного середовища,Рівненська,"Захист і реабілітацію ґрунту, підземних  і поверхневих вод",Усього,Річна,2023,4675700.0
Поточні витрати на охорону навколишнього природного середовища,Рівненська,"Захист і реабілітацію ґрунту, підземних  і поверхневих вод",Усього,Річна,2024,5125300.0
Поточні витрати на охорону навколишнього природного середовища,Рівненська,"Захист і реабілітацію ґрунту, підземних  і поверхневих вод",Усього,Річна,2025,5476500.0
Поточні витрати на охорону навколишнього природного середовища,Сумська,Очищення зворотних вод,Усього,Річна,2021,282687800.0
Поточні витрати на охорону навколишнього природного середовища,Сумська,Очищення зворотних вод,Усього,Річна,2022,262186099.99999997
Поточні витрати на охорону навколишнього природного середовища,Сумська,Очищення зворотних вод,Усього,Річна,2023,287418900.0
Поточні витрати на охорону навколишнього природного середовища,Сумська,Очищення зворотних вод,Усього,Річна,2024,280701200.0
Поточні витрати на охорону навколишнього природного середовища,Сумська,Очищення зворотних вод,Усього,Річна,2025,256325300.0
Поточні витрати на охорону навколишнього природного середовища,Сумська,Охорона атмосферного повітря і проблеми зміни клімату,Усього,Річна,2021,239147400.0
Поточні витрати на охорону навколишнього природного середовища,Сумська,Охорона атмосферного повітря і проблеми зміни клімату,Усього,Річна,2022,57046600.0
Поточні витрати на охорону навколишнього природного середовища,Сумська,Охорона атмосферного повітря і проблеми зміни клімату,Усього,Річна,2023,100766500.0
Поточні витрати на охорону навколишнього природного середовища,Сумська,Охорона атмосферного повітря і проблеми зміни клімату,Усього,Річна,2024,51688100.0
Поточні витрати на охорону навколишнього природного середовища,Сумська,Охорона атмосферного повітря і проблеми зміни клімату,Усього,Річна,2025,26820400.0
Поточні витрати на охорону навколишнього природного середовища,Сумська,Поводження з відходами,Усього,Річна,2021,198302500.0
Поточні витрати на охорону навколишнього природного середовища,Сумська,Поводження з відходами,Усього,Річна,2022,229466400.0
Поточні витрати на охорону навколишнього природного середовища,Сумська,Поводження з відходами,Усього,Річна,2023,287414700.0
Поточні витрати на охорону навколишнього природного середовища,Сумська,Поводження з відходами,Усього,Річна,2024,325242000.0
Поточні витрати на охорону навколишнього природного середовища,Сумська,Поводження з відходами,Усього,Річна,2025,303435400.0
Поточні витрати на охорону навколишнього природного середовища,Сумська,Науково-дослідні роботи природоохоронного спрямування,Усього,Річна,2021,105200.0
Поточні витрати на охорону навколишнього природного середовища,Сумська,Науково-дослідні роботи природоохоронного спрямування,Усього,Річна,2022,257399.99999999997
Поточні витрати на охорону навколишнього природного середовища,Сумська,Науково-дослідні роботи природоохоронного спрямування,Усього,Річна,2023,144600.0
Поточні витрати на охорону навколишнього природного середовища,Сумська,Науково-дослідні роботи природоохоронного спрямування,Усього,Річна,2024,403100.0
Поточні витрати на охорону навколишнього природного середовища,Сумська,Науково-дослідні роботи природоохоронного спрямування,Усього,Річна,2025,697600.0
Поточні витрати на охорону навколишнього природного середовища,Сумська,Інші напрями природоохоронної діяльності,Усього,Річна,2021,1261800.0
Поточні витрати на охорону навколишнього природного середовища,Сумська,Інші напрями природоохоронної діяльності,Усього,Річна,2022,949300.0
Поточні витрати на охорону навколишнього природного середовища,Сумська,Інші напрями природоохоронної діяльності,Усього,Річна,2023,931200.0
Поточні витрати на охорону навколишнього природного середовища,Сумська,Інші напрями природоохоронної діяльності,Усього,Річна,2024,664700.0
Поточні витрати на охорону навколишнього природного середовища,Сумська,Інші напрями природоохоронної діяльності,Усього,Річна,2025,555200.0
Поточні витрати на охорону навколишнього природного середовища,Сумська,Радіаційна безпека,Усього,Річна,2021,7200.0
Поточні витрати на охорону навколишнього природного середовища,Сумська,Радіаційна безпека,Усього,Річна,2022,8700.0
Поточні витрати на охорону навколишнього природного середовища,Сумська,Радіаційна безпека,Усього,Річна,2023,8800.0
Поточні витрати на охорону навколишнього природного середовища,Сумська,Радіаційна безпека,Усього,Річна,2024,51300.0
Поточні витрати на охорону навколишнього природного середовища,Сумська,Радіаційна безпека,Усього,Річна,2025,71200.0
Поточні витрати на охорону навколишнього природного середовища,Сумська,Збереження біорізноманіття та середовища існування,Усього,Річна,2021,36354900.0
Поточні витрати на охорону навколишнього природного середовища,Сумська,Збереження біорізноманіття та середовища існування,Усього,Річна,2022,41654800.0
Поточні витрати на охорону навколишнього природного середовища,Сумська,Збереження біорізноманіття та середовища існування,Усього,Річна,2023,17556600.0
Поточні витрати на охорону навколишнього природного середовища,Сумська,Збереження біорізноманіття та середовища існування,Усього,Річна,2024,37207200.0
Поточні витрати на охорону навколишнього природного середовища,Сумська,Збереження біорізноманіття та середовища існування,Усього,Річна,2025,38079000.0
Поточні витрати на охорону навколишнього природного середовища,Сумська,Зниження шумового та вібраційного впливу,Усього,Річна,2021,9100.0
Поточні витрати на охорону навколишнього природного середовища,Сумська,Зниження шумового та вібраційного впливу,Усього,Річна,2022,2000.0
Поточні витрати на охорону навколишнього природного середовища,Сумська,Зниження шумового та вібраційного впливу,Усього,Річна,2023,4200.0
Поточні витрати на охорону навколишнього природного середовища,Сумська,Зниження шумового та вібраційного впливу,Усього,Річна,2024,2200.0
Поточні витрати на охорону навколишнього природного середовища,Сумська,Зниження шумового та вібраційного впливу,Усього,Річна,2025,1200.0
Поточні витрати на охорону навколишнього природного середовища,Сумська,"Захист і реабілітацію ґрунту, підземних  і поверхневих вод",Усього,Річна,2021,1642500.0
Поточні витрати на охорону навколишнього природного середовища,Сумська,"Захист і реабілітацію ґрунту, підземних  і поверхневих вод",Усього,Річна,2022,1316900.0
Поточні витрати на охорону навколишнього природного середовища,Сумська,"Захист і реабілітацію ґрунту, підземних  і поверхневих вод",Усього,Річна,2023,4169899.9999999995
Поточні витрати на охорону навколишнього природного середовища,Сумська,"Захист і реабілітацію ґрунту, підземних  і поверхневих вод",Усього,Річна,2024,3246400.0
Поточні витрати на охорону навколишнього природного середовища,Сумська,"Захист і реабілітацію ґрунту, підземних  і поверхневих вод",Усього,Річна,2025,6866100.0
Поточні витрати на охорону навколишнього природного середовища,Тернопільська,Зниження шумового та вібраційного впливу,Усього,Річна,2023,4800.0
Поточні витрати на охорону навколишнього природного середовища,Тернопільська,Зниження шумового та вібраційного впливу,Усього,Річна,2024,3200.0
Поточні витрати на охорону навколишнього природного середовища,Тернопільська,Зниження шумового та вібраційного впливу,Усього,Річна,2025,3000.0
Поточні витрати на охорону навколишнього природного середовища,Тернопільська,Збереження біорізноманіття та середовища існування,Усього,Річна,2021,12729300.0
Поточні витрати на охорону навколишнього природного середовища,Тернопільська,Збереження біорізноманіття та середовища існування,Усього,Річна,2022,12768700.0
Поточні витрати на охорону навколишнього природного середовища,Тернопільська,Збереження біорізноманіття та середовища існування,Усього,Річна,2023,11206300.0
Поточні витрати на охорону навколишнього природного середовища,Тернопільська,Збереження біорізноманіття та середовища існування,Усього,Річна,2024,14739000.0
Поточні витрати на охорону навколишнього природного середовища,Тернопільська,Збереження біорізноманіття та середовища існування,Усього,Річна,2025,13846300.0
Поточні витрати на охорону навколишнього природного середовища,Тернопільська,Інші напрями природоохоронної діяльності,Усього,Річна,2022,1300.0
Поточні витрати на охорону навколишнього природного середовища,Тернопільська,Очищення зворотних вод,Усього,Річна,2021,7693700.0
Поточні витрати на охорону навколишнього природного середовища,Тернопільська,Очищення зворотних вод,Усього,Річна,2022,9063800.0
Поточні витрати на охорону навколишнього природного середовища,Тернопільська,Очищення зворотних вод,Усього,Річна,2023,15365800.0
Поточні витрати на охорону навколишнього природного середовища,Тернопільська,Очищення зворотних вод,Усього,Річна,2024,16105000.0
Поточні витрати на охорону навколишнього природного середовища,Тернопільська,Очищення зворотних вод,Усього,Річна,2025,18712600.0
Поточні витрати на охорону навколишнього природного середовища,Тернопільська,Охорона атмосферного повітря і проблеми зміни клімату,Усього,Річна,2021,903500.0
Поточні витрати на охорону навколишнього природного середовища,Тернопільська,Охорона атмосферного повітря і проблеми зміни клімату,Усього,Річна,2022,954300.0
Поточні витрати на охорону навколишнього природного середовища,Тернопільська,Охорона атмосферного повітря і проблеми зміни клімату,Усього,Річна,2023,1277000.0
Поточні витрати на охорону навколишнього природного середовища,Тернопільська,Охорона атмосферного повітря і проблеми зміни клімату,Усього,Річна,2024,1754900.0
Поточні витрати на охорону навколишнього природного середовища,Тернопільська,Охорона атмосферного повітря і проблеми зміни клімату,Усього,Річна,2025,1304600.0
Поточні витрати на охорону навколишнього природного середовища,Тернопільська,"Захист і реабілітацію ґрунту, підземних  і поверхневих вод",Усього,Річна,2021,1078400.0
Поточні витрати на охорону навколишнього природного середовища,Тернопільська,"Захист і реабілітацію ґрунту, підземних  і поверхневих вод",Усього,Річна,2022,459800.0
Поточні витрати на охорону навколишнього природного середовища,Тернопільська,"Захист і реабілітацію ґрунту, підземних  і поверхневих вод",Усього,Річна,2023,340500.0
Поточні витрати на охорону навколишнього природного середовища,Тернопільська,"Захист і реабілітацію ґрунту, підземних  і поверхневих вод",Усього,Річна,2024,373400.0
Поточні витрати на охорону навколишнього природного середовища,Тернопільська,"Захист і реабілітацію ґрунту, підземних  і поверхневих вод",Усього,Річна,2025,453500.0
Поточні витрати на охорону навколишнього природного середовища,Тернопільська,Науково-дослідні роботи природоохоронного спрямування,Усього,Річна,2024,84000.0
Поточні витрати на охорону навколишнього природного середовища,Тернопільська,Науково-дослідні роботи природоохоронного спрямування,Усього,Річна,2025,43200.0
Поточні витрати на охорону навколишнього природного середовища,Тернопільська,Радіаційна безпека,Усього,Річна,2023,1500.0
Поточні витрати на охорону навколишнього природного середовища,Тернопільська,Радіаційна безпека,Усього,Річна,2024,3100.0
Поточні витрати на охорону навколишнього природного середовища,Тернопільська,Радіаційна безпека,Усього,Річна,2025,15200.0
Поточні витрати на охорону навколишнього природного середовища,Тернопільська,Поводження з відходами,Усього,Річна,2021,26311800.0
Поточні витрати на охорону навколишнього природного середовища,Тернопільська,Поводження з відходами,Усього,Річна,2022,20805400.0
Поточні витрати на охорону навколишнього природного середовища,Тернопільська,Поводження з відходами,Усього,Річна,2023,73729800.0
Поточні витрати на охорону навколишнього природного середовища,Тернопільська,Поводження з відходами,Усього,Річна,2024,47951200.0
Поточні витрати на охорону навколишнього природного середовища,Тернопільська,Поводження з відходами,Усього,Річна,2025,60711400.0
Поточні витрати на охорону навколишнього природного середовища,Харківська,Радіаційна безпека,Усього,Річна,2021,1196000.0
Поточні витрати на охорону навколишнього природного середовища,Харківська,Радіаційна безпека,Усього,Річна,2022,193200.0
Поточні витрати на охорону навколишнього природного середовища,Харківська,Радіаційна безпека,Усього,Річна,2023,428700.0
Поточні витрати на охорону навколишнього природного середовища,Харківська,Радіаційна безпека,Усього,Річна,2024,177800.0
Поточні витрати на охорону навколишнього природного середовища,Харківська,Радіаційна безпека,Усього,Річна,2025,9200.0
Поточні витрати на охорону навколишнього природного середовища,Харківська,Інші напрями природоохоронної діяльності,Усього,Річна,2021,5192500.0
Поточні витрати на охорону навколишнього природного середовища,Харківська,Інші напрями природоохоронної діяльності,Усього,Річна,2022,1790900.0
Поточні витрати на охорону навколишнього природного середовища,Харківська,Інші напрями природоохоронної діяльності,Усього,Річна,2023,2736100.0
Поточні витрати на охорону навколишнього природного середовища,Харківська,Інші напрями природоохоронної діяльності,Усього,Річна,2024,3891700.0
Поточні витрати на охорону навколишнього природного середовища,Харківська,Інші напрями природоохоронної діяльності,Усього,Річна,2025,4774400.0
Поточні витрати на охорону навколишнього природного середовища,Харківська,Науково-дослідні роботи природоохоронного спрямування,Усього,Річна,2021,41749300.0
Поточні витрати на охорону навколишнього природного середовища,Харківська,Науково-дослідні роботи природоохоронного спрямування,Усього,Річна,2022,36115400.0
Поточні витрати на охорону навколишнього природного середовища,Харківська,Науково-дослідні роботи природоохоронного спрямування,Усього,Річна,2023,41705000.0
Поточні витрати на охорону навколишнього природного середовища,Харківська,Науково-дослідні роботи природоохоронного спрямування,Усього,Річна,2024,35954500.0
Поточні витрати на охорону навколишнього природного середовища,Харківська,Науково-дослідні роботи природоохоронного спрямування,Усього,Річна,2025,43788900.0
Поточні витрати на охорону навколишнього природного середовища,Харківська,Збереження біорізноманіття та середовища існування,Усього,Річна,2021,117277600.0
Поточні витрати на охорону навколишнього природного середовища,Харківська,Збереження біорізноманіття та середовища існування,Усього,Річна,2022,84645500.0
Поточні витрати на охорону навколишнього природного середовища,Харківська,Збереження біорізноманіття та середовища існування,Усього,Річна,2023,113863600.0
Поточні витрати на охорону навколишнього природного середовища,Харківська,Збереження біорізноманіття та середовища існування,Усього,Річна,2024,106781000.0
Поточні витрати на охорону навколишнього природного середовища,Харківська,Збереження біорізноманіття та середовища існування,Усього,Річна,2025,125036800.0
Поточні витрати на охорону навколишнього природного середовища,Харківська,Зниження шумового та вібраційного впливу,Усього,Річна,2021,87100.0
Поточні витрати на охорону навколишнього природного середовища,Харківська,Зниження шумового та вібраційного впливу,Усього,Річна,2022,8400.0
Поточні витрати на охорону навколишнього природного середовища,Харківська,Зниження шумового та вібраційного впливу,Усього,Річна,2023,24300.0
Поточні витрати на охорону навколишнього природного середовища,Харківська,Зниження шумового та вібраційного впливу,Усього,Річна,2024,55800.0
Поточні витрати на охорону навколишнього природного середовища,Харківська,Зниження шумового та вібраційного впливу,Усього,Річна,2025,64400.00000000001
Поточні витрати на охорону навколишнього природного середовища,Харківська,"Захист і реабілітацію ґрунту, підземних  і поверхневих вод",Усього,Річна,2021,1525500.0
Поточні витрати на охорону навколишнього природного середовища,Харківська,"Захист і реабілітацію ґрунту, підземних  і поверхневих вод",Усього,Річна,2022,289100.0
Поточні витрати на охорону навколишнього природного середовища,Харківська,"Захист і реабілітацію ґрунту, підземних  і поверхневих вод",Усього,Річна,2023,1034700.0
Поточні витрати на охорону навколишнього природного середовища,Харківська,"Захист і реабілітацію ґрунту, підземних  і поверхневих вод",Усього,Річна,2024,2440000.0
Поточні витрати на охорону навколишнього природного середовища,Харківська,"Захист і реабілітацію ґрунту, підземних  і поверхневих вод",Усього,Річна,2025,1616500.0
Поточні витрати на охорону навколишнього природного середовища,Харківська,Поводження з відходами,Усього,Річна,2021,574704200.0
Поточні витрати на охорону навколишнього природного середовища,Харківська,Поводження з відходами,Усього,Річна,2022,738931800.0
Поточні витрати на охорону навколишнього природного середовища,Харківська,Поводження з відходами,Усього,Річна,2023,756700000.0
Поточні витрати на охорону навколишнього природного середовища,Харківська,Поводження з відходами,Усього,Річна,2024,799086200.0
Поточні витрати на охорону навколишнього природного середовища,Харківська,Поводження з відходами,Усього,Річна,2025,985862500.0
Поточні витрати на охорону навколишнього природного середовища,Харківська,Очищення зворотних вод,Усього,Річна,2021,690942800.0
Поточні витрати на охорону навколишнього природного середовища,Харківська,Очищення зворотних вод,Усього,Річна,2022,537202400.0
Поточні витрати на охорону навколишнього природного середовища,Харківська,Очищення зворотних вод,Усього,Річна,2023,805989400.0
Поточні витрати на охорону навколишнього природного середовища,Харківська,Очищення зворотних вод,Усього,Річна,2024,986973600.0
Поточні витрати на охорону навколишнього природного середовища,Харківська,Очищення зворотних вод,Усього,Річна,2025,923131800.0
Поточні витрати на охорону навколишнього природного середовища,Харківська,Охорона атмосферного повітря і проблеми зміни клімату,Усього,Річна,2021,35553300.0
Поточні витрати на охорону навколишнього природного середовища,Харківська,Охорона атмосферного повітря і проблеми зміни клімату,Усього,Річна,2022,112023300.0
Поточні витрати на охорону навколишнього природного середовища,Харківська,Охорона атмосферного повітря і проблеми зміни клімату,Усього,Річна,2023,24201700.0
Поточні витрати на охорону навколишнього природного середовища,Харківська,Охорона атмосферного повітря і проблеми зміни клімату,Усього,Річна,2024,34421900.0
Поточні витрати на охорону навколишнього природного середовища,Харківська,Охорона атмосферного повітря і проблеми зміни клімату,Усього,Річна,2025,26316800.0
Поточні витрати на охорону навколишнього природного середовища,Херсонська,Зниження шумового та вібраційного впливу,Усього,Річна,2023,22500.0
Поточні витрати на охорону навколишнього природного середовища,Херсонська,Зниження шумового та вібраційного впливу,Усього,Річна,2024,32000.0
Поточні витрати на охорону навколишнього природного середовища,Херсонська,Зниження шумового та вібраційного впливу,Усього,Річна,2025,40800.0
Поточні витрати на охорону навколишнього природного середовища,Херсонська,Охорона атмосферного повітря і проблеми зміни клімату,Усього,Річна,2021,19593800.0
Поточні витрати на охорону навколишнього природного середовища,Херсонська,Охорона атмосферного повітря і проблеми зміни клімату,Усього,Річна,2023,11200.0
Поточні витрати на охорону навколишнього природного середовища,Херсонська,Охорона атмосферного повітря і проблеми зміни клімату,Усього,Річна,2024,6914200.0
Поточні витрати на охорону навколишнього природного середовища,Херсонська,Охорона атмосферного повітря і проблеми зміни клімату,Усього,Річна,2025,28100.0
Поточні витрати на охорону навколишнього природного середовища,Херсонська,Інші напрями природоохоронної діяльності,Усього,Річна,2021,409300.0
Поточні витрати на охорону навколишнього природного середовища,Херсонська,Інші напрями природоохоронної діяльності,Усього,Річна,2025,15900.0
Поточні витрати на охорону навколишнього природного середовища,Херсонська,Науково-дослідні роботи природоохоронного спрямування,Усього,Річна,2021,11239700.0
Поточні витрати на охорону навколишнього природного середовища,Херсонська,Науково-дослідні роботи природоохоронного спрямування,Усього,Річна,2022,3027800.0
Поточні витрати на охорону навколишнього природного середовища,Херсонська,Науково-дослідні роботи природоохоронного спрямування,Усього,Річна,2024,1857700.0
Поточні витрати на охорону навколишнього природного середовища,Херсонська,Науково-дослідні роботи природоохоронного спрямування,Усього,Річна,2025,1832100.0
Поточні витрати на охорону навколишнього природного середовища,Херсонська,Радіаційна безпека,Усього,Річна,2021,400.0
Поточні витрати на охорону навколишнього природного середовища,Херсонська,Радіаційна безпека,Усього,Річна,2022,3300.0
Поточні витрати на охорону навколишнього природного середовища,Херсонська,Радіаційна безпека,Усього,Річна,2023,3300.0
Поточні витрати на охорону навколишнього природного середовища,Херсонська,Радіаційна безпека,Усього,Річна,2024,4000.0
Поточні витрати на охорону навколишнього природного середовища,Херсонська,Радіаційна безпека,Усього,Річна,2025,4000.0
Поточні витрати на охорону навколишнього природного середовища,Херсонська,Очищення зворотних вод,Усього,Річна,2021,122396900.0
Поточні витрати на охорону навколишнього природного середовища,Херсонська,Очищення зворотних вод,Усього,Річна,2022,1396300.0
Поточні витрати на охорону навколишнього природного середовища,Херсонська,Очищення зворотних вод,Усього,Річна,2023,108336300.0
Поточні витрати на охорону навколишнього природного середовища,Херсонська,Очищення зворотних вод,Усього,Річна,2024,128360500.0
Поточні витрати на охорону навколишнього природного середовища,Херсонська,Очищення зворотних вод,Усього,Річна,2025,120185700.0
Поточні витрати на охорону навколишнього природного середовища,Херсонська,"Захист і реабілітацію ґрунту, підземних  і поверхневих вод",Усього,Річна,2021,1166900.0
Поточні витрати на охорону навколишнього природного середовища,Херсонська,"Захист і реабілітацію ґрунту, підземних  і поверхневих вод",Усього,Річна,2023,57300.0
Поточні витрати на охорону навколишнього природного середовища,Херсонська,"Захист і реабілітацію ґрунту, підземних  і поверхневих вод",Усього,Річна,2024,48650600.0
Поточні витрати на охорону навколишнього природного середовища,Херсонська,"Захист і реабілітацію ґрунту, підземних  і поверхневих вод",Усього,Річна,2025,107200.0
Поточні витрати на охорону навколишнього природного середовища,Херсонська,Збереження біорізноманіття та середовища існування,Усього,Річна,2021,60305100.0
Поточні витрати на охорону навколишнього природного середовища,Херсонська,Збереження біорізноманіття та середовища існування,Усього,Річна,2022,34927400.0
Поточні витрати на охорону навколишнього природного середовища,Херсонська,Збереження біорізноманіття та середовища існування,Усього,Річна,2024,17789000.0
Поточні витрати на охорону навколишнього природного середовища,Херсонська,Збереження біорізноманіття та середовища існування,Усього,Річна,2025,17434700.0
Поточні витрати на охорону навколишнього природного середовища,Херсонська,Поводження з відходами,Усього,Річна,2021,10209200.0
Поточні витрати на охорону навколишнього природного середовища,Херсонська,Поводження з відходами,Усього,Річна,2022,1527700.0
Поточні витрати на охорону навколишнього природного середовища,Херсонська,Поводження з відходами,Усього,Річна,2023,1419100.0
Поточні витрати на охорону навколишнього природного середовища,Херсонська,Поводження з відходами,Усього,Річна,2024,8605600.0
Поточні витрати на охорону навколишнього природного середовища,Херсонська,Поводження з відходами,Усього,Річна,2025,10828400.0
Поточні витрати на охорону навколишнього природного середовища,Хмельницька,"Захист і реабілітацію ґрунту, підземних  і поверхневих вод",Усього,Річна,2021,8099100.0
Поточні витрати на охорону навколишнього природного середовища,Хмельницька,"Захист і реабілітацію ґрунту, підземних  і поверхневих вод",Усього,Річна,2022,7863500.0
Поточні витрати на охорону навколишнього природного середовища,Хмельницька,"Захист і реабілітацію ґрунту, підземних  і поверхневих вод",Усього,Річна,2023,6260400.0
Поточні витрати на охорону навколишнього природного середовища,Хмельницька,"Захист і реабілітацію ґрунту, підземних  і поверхневих вод",Усього,Річна,2024,5700400.0
Поточні витрати на охорону навколишнього природного середовища,Хмельницька,"Захист і реабілітацію ґрунту, підземних  і поверхневих вод",Усього,Річна,2025,10943500.0
Поточні витрати на охорону навколишнього природного середовища,Хмельницька,Поводження з відходами,Усього,Річна,2021,155299900.0
Поточні витрати на охорону навколишнього природного середовища,Хмельницька,Поводження з відходами,Усього,Річна,2022,179619700.0
Поточні витрати на охорону навколишнього природного середовища,Хмельницька,Поводження з відходами,Усього,Річна,2023,202639600.0
Поточні витрати на охорону навколишнього природного середовища,Хмельницька,Поводження з відходами,Усього,Річна,2024,242350700.0
Поточні витрати на охорону навколишнього природного середовища,Хмельницька,Поводження з відходами,Усього,Річна,2025,268887200.0
Поточні витрати на охорону навколишнього природного середовища,Хмельницька,Зниження шумового та вібраційного впливу,Усього,Річна,2021,11800.0
Поточні витрати на охорону навколишнього природного середовища,Хмельницька,Зниження шумового та вібраційного впливу,Усього,Річна,2022,15500.0
Поточні витрати на охорону навколишнього природного середовища,Хмельницька,Зниження шумового та вібраційного впливу,Усього,Річна,2023,50300.0
Поточні витрати на охорону навколишнього природного середовища,Хмельницька,Зниження шумового та вібраційного впливу,Усього,Річна,2024,61700.0
Поточні витрати на охорону навколишнього природного середовища,Хмельницька,Зниження шумового та вібраційного впливу,Усього,Річна,2025,44000.0
Поточні витрати на охорону навколишнього природного середовища,Хмельницька,Очищення зворотних вод,Усього,Річна,2021,200363500.0
Поточні витрати на охорону навколишнього природного середовища,Хмельницька,Очищення зворотних вод,Усього,Річна,2022,253991300.0
Поточні витрати на охорону навколишнього природного середовища,Хмельницька,Очищення зворотних вод,Усього,Річна,2023,305257400.0
Поточні витрати на охорону навколишнього природного середовища,Хмельницька,Очищення зворотних вод,Усього,Річна,2024,403386800.0
Поточні витрати на охорону навколишнього природного середовища,Хмельницька,Очищення зворотних вод,Усього,Річна,2025,456746500.0
Поточні витрати на охорону навколишнього природного середовища,Хмельницька,Охорона атмосферного повітря і проблеми зміни клімату,Усього,Річна,2021,9241500.0
Поточні витрати на охорону навколишнього природного середовища,Хмельницька,Охорона атмосферного повітря і проблеми зміни клімату,Усього,Річна,2022,8213799.999999999
Поточні витрати на охорону навколишнього природного середовища,Хмельницька,Охорона атмосферного повітря і проблеми зміни клімату,Усього,Річна,2023,9823000.0
Поточні витрати на охорону навколишнього природного середовища,Хмельницька,Охорона атмосферного повітря і проблеми зміни клімату,Усього,Річна,2024,7716500.0
Поточні витрати на охорону навколишнього природного середовища,Хмельницька,Охорона атмосферного повітря і проблеми зміни клімату,Усього,Річна,2025,14243500.0
Поточні витрати на охорону навколишнього природного середовища,Хмельницька,Радіаційна безпека,Усього,Річна,2021,295700.0
Поточні витрати на охорону навколишнього природного середовища,Хмельницька,Радіаційна безпека,Усього,Річна,2022,227600.0
Поточні витрати на охорону навколишнього природного середовища,Хмельницька,Радіаційна безпека,Усього,Річна,2023,343900.0
Поточні витрати на охорону навколишнього природного середовища,Хмельницька,Радіаційна безпека,Усього,Річна,2024,365200.0
Поточні витрати на охорону навколишнього природного середовища,Хмельницька,Радіаційна безпека,Усього,Річна,2025,388300.0
Поточні витрати на охорону навколишнього природного середовища,Хмельницька,Науково-дослідні роботи природоохоронного спрямування,Усього,Річна,2023,83300.0
Поточні витрати на охорону навколишнього природного середовища,Хмельницька,Науково-дослідні роботи природоохоронного спрямування,Усього,Річна,2024,93700.0
Поточні витрати на охорону навколишнього природного середовища,Хмельницька,Науково-дослідні роботи природоохоронного спрямування,Усього,Річна,2025,26500.0
Поточні витрати на охорону навколишнього природного середовища,Хмельницька,Збереження біорізноманіття та середовища існування,Усього,Річна,2021,12142200.0
Поточні витрати на охорону навколишнього природного середовища,Хмельницька,Збереження біорізноманіття та середовища існування,Усього,Річна,2022,14057800.0
Поточні витрати на охорону навколишнього природного середовища,Хмельницька,Збереження біорізноманіття та середовища існування,Усього,Річна,2023,15191300.0
Поточні витрати на охорону навколишнього природного середовища,Хмельницька,Збереження біорізноманіття та середовища існування,Усього,Річна,2024,28433300.0
Поточні витрати на охорону навколишнього природного середовища,Хмельницька,Збереження біорізноманіття та середовища існування,Усього,Річна,2025,33093100.0
Поточні витрати на охорону навколишнього природного середовища,Хмельницька,Інші напрями природоохоронної діяльності,Усього,Річна,2021,414000.0
Поточні витрати на охорону навколишнього природного середовища,Хмельницька,Інші напрями природоохоронної діяльності,Усього,Річна,2022,443300.0
Поточні витрати на охорону навколишнього природного середовища,Хмельницька,Інші напрями природоохоронної діяльності,Усього,Річна,2023,492700.0
Поточні витрати на охорону навколишнього природного середовища,Хмельницька,Інші напрями природоохоронної діяльності,Усього,Річна,2024,1353000.0
Поточні витрати на охорону навколишнього природного середовища,Хмельницька,Інші напрями природоохоронної діяльності,Усього,Річна,2025,455100.0
Поточні витрати на охорону навколишнього природного середовища,Черкаська,Очищення зворотних вод,Усього,Річна,2021,170302600.0
Поточні витрати на охорону навколишнього природного середовища,Черкаська,Очищення зворотних вод,Усього,Річна,2022,250406400.0
Поточні витрати на охорону навколишнього природного середовища,Черкаська,Очищення зворотних вод,Усього,Річна,2023,299252300.0
Поточні витрати на охорону навколишнього природного середовища,Черкаська,Очищення зворотних вод,Усього,Річна,2024,353724900.0
Поточні витрати на охорону навколишнього природного середовища,Черкаська,Очищення зворотних вод,Усього,Річна,2025,404466200.0
Поточні витрати на охорону навколишнього природного середовища,Черкаська,Науково-дослідні роботи природоохоронного спрямування,Усього,Річна,2021,484900.0
Поточні витрати на охорону навколишнього природного середовища,Черкаська,Науково-дослідні роботи природоохоронного спрямування,Усього,Річна,2022,26800.0
Поточні витрати на охорону навколишнього природного середовища,Черкаська,Науково-дослідні роботи природоохоронного спрямування,Усього,Річна,2024,12600.0
Поточні витрати на охорону навколишнього природного середовища,Черкаська,Науково-дослідні роботи природоохоронного спрямування,Усього,Річна,2025,208200.0
Поточні витрати на охорону навколишнього природного середовища,Черкаська,Інші напрями природоохоронної діяльності,Усього,Річна,2021,648300.0
Поточні витрати на охорону навколишнього природного середовища,Черкаська,Інші напрями природоохоронної діяльності,Усього,Річна,2022,784200.0
Поточні витрати на охорону навколишнього природного середовища,Черкаська,Інші напрями природоохоронної діяльності,Усього,Річна,2023,1057500.0
Поточні витрати на охорону навколишнього природного середовища,Черкаська,Інші напрями природоохоронної діяльності,Усього,Річна,2024,1054800.0
Поточні витрати на охорону навколишнього природного середовища,Черкаська,Інші напрями природоохоронної діяльності,Усього,Річна,2025,1252600.0
Поточні витрати на охорону навколишнього природного середовища,Черкаська,Радіаційна безпека,Усього,Річна,2021,23500.0
Поточні витрати на охорону навколишнього природного середовища,Черкаська,Радіаційна безпека,Усього,Річна,2022,11000.0
Поточні витрати на охорону навколишнього природного середовища,Черкаська,Радіаційна безпека,Усього,Річна,2023,10600.0
Поточні витрати на охорону навколишнього природного середовища,Черкаська,Радіаційна безпека,Усього,Річна,2024,29800.0
Поточні витрати на охорону навколишнього природного середовища,Черкаська,Радіаційна безпека,Усього,Річна,2025,20800.0
Поточні витрати на охорону навколишнього природного середовища,Черкаська,Збереження біорізноманіття та середовища існування,Усього,Річна,2021,5563700.0
Поточні витрати на охорону навколишнього природного середовища,Черкаська,Збереження біорізноманіття та середовища існування,Усього,Річна,2022,5818300.0
Поточні витрати на охорону навколишнього природного середовища,Черкаська,Збереження біорізноманіття та середовища існування,Усього,Річна,2023,3942400.0
Поточні витрати на охорону навколишнього природного середовища,Черкаська,Збереження біорізноманіття та середовища існування,Усього,Річна,2024,11877500.0
Поточні витрати на охорону навколишнього природного середовища,Черкаська,Збереження біорізноманіття та середовища існування,Усього,Річна,2025,6036100.0
Поточні витрати на охорону навколишнього природного середовища,Черкаська,Зниження шумового та вібраційного впливу,Усього,Річна,2021,23500.0
Поточні витрати на охорону навколишнього природного середовища,Черкаська,Зниження шумового та вібраційного впливу,Усього,Річна,2022,4200.0
Поточні витрати на охорону навколишнього природного середовища,Черкаська,Зниження шумового та вібраційного впливу,Усього,Річна,2023,9600.0
Поточні витрати на охорону навколишнього природного середовища,Черкаська,Зниження шумового та вібраційного впливу,Усього,Річна,2024,12100.0
Поточні витрати на охорону навколишнього природного середовища,Черкаська,Зниження шумового та вібраційного впливу,Усього,Річна,2025,157800.0
Поточні витрати на охорону навколишнього природного середовища,Черкаська,"Захист і реабілітацію ґрунту, підземних  і поверхневих вод",Усього,Річна,2021,2083400.0
Поточні витрати на охорону навколишнього природного середовища,Черкаська,"Захист і реабілітацію ґрунту, підземних  і поверхневих вод",Усього,Річна,2022,948900.0
Поточні витрати на охорону навколишнього природного середовища,Черкаська,"Захист і реабілітацію ґрунту, підземних  і поверхневих вод",Усього,Річна,2023,5068600.0
Поточні витрати на охорону навколишнього природного середовища,Черкаська,"Захист і реабілітацію ґрунту, підземних  і поверхневих вод",Усього,Річна,2024,9660900.0
Поточні витрати на охорону навколишнього природного середовища,Черкаська,"Захист і реабілітацію ґрунту, підземних  і поверхневих вод",Усього,Річна,2025,13100200.0
Поточні витрати на охорону навколишнього природного середовища,Черкаська,Поводження з відходами,Усього,Річна,2021,86937000.0
Поточні витрати на охорону навколишнього природного середовища,Черкаська,Поводження з відходами,Усього,Річна,2022,85974400.0
Поточні витрати на охорону навколишнього природного середовища,Черкаська,Поводження з відходами,Усього,Річна,2023,242224800.0
Поточні витрати на охорону навколишнього природного середовища,Черкаська,Поводження з відходами,Усього,Річна,2024,233487900.0
Поточні витрати на охорону навколишнього природного середовища,Черкаська,Поводження з відходами,Усього,Річна,2025,252854400.0
Поточні витрати на охорону навколишнього природного середовища,Черкаська,Охорона атмосферного повітря і проблеми зміни клімату,Усього,Річна,2021,6353200.0
Поточні витрати на охорону навколишнього природного середовища,Черкаська,Охорона атмосферного повітря і проблеми зміни клімату,Усього,Річна,2022,3988900.0
Поточні витрати на охорону навколишнього природного середовища,Черкаська,Охорона атмосферного повітря і проблеми зміни клімату,Усього,Річна,2023,6467600.0
Поточні витрати на охорону навколишнього природного середовища,Черкаська,Охорона атмосферного повітря і проблеми зміни клімату,Усього,Річна,2024,7250700.0
Поточні витрати на охорону навколишнього природного середовища,Черкаська,Охорона атмосферного повітря і проблеми зміни клімату,Усього,Річна,2025,13694500.0
Поточні витрати на охорону навколишнього природного середовища,Чернівецька,Інші напрями природоохоронної діяльності,Усього,Річна,2021,160200.0
Поточні витрати на охорону навколишнього природного середовища,Чернівецька,Інші напрями природоохоронної діяльності,Усього,Річна,2022,185200.0
Поточні витрати на охорону навколишнього природного середовища,Чернівецька,Інші напрями природоохоронної діяльності,Усього,Річна,2023,232600.0
Поточні витрати на охорону навколишнього природного середовища,Чернівецька,Інші напрями природоохоронної діяльності,Усього,Річна,2024,386200.0
Поточні витрати на охорону навколишнього природного середовища,Чернівецька,Інші напрями природоохоронної діяльності,Усього,Річна,2025,417500.0
Поточні витрати на охорону навколишнього природного середовища,Чернівецька,Зниження шумового та вібраційного впливу,Усього,Річна,2021,1200.0
Поточні витрати на охорону навколишнього природного середовища,Чернівецька,Зниження шумового та вібраційного впливу,Усього,Річна,2022,11000.0
Поточні витрати на охорону навколишнього природного середовища,Чернівецька,Зниження шумового та вібраційного впливу,Усього,Річна,2024,17300.0
Поточні витрати на охорону навколишнього природного середовища,Чернівецька,Охорона атмосферного повітря і проблеми зміни клімату,Усього,Річна,2021,9647000.0
Поточні витрати на охорону навколишнього природного середовища,Чернівецька,Охорона атмосферного повітря і проблеми зміни клімату,Усього,Річна,2022,14167900.0
Поточні витрати на охорону навколишнього природного середовища,Чернівецька,Охорона атмосферного повітря і проблеми зміни клімату,Усього,Річна,2023,14693400.0
Поточні витрати на охорону навколишнього природного середовища,Чернівецька,Охорона атмосферного повітря і проблеми зміни клімату,Усього,Річна,2024,15940600.0
Поточні витрати на охорону навколишнього природного середовища,Чернівецька,Охорона атмосферного повітря і проблеми зміни клімату,Усього,Річна,2025,12601800.0
Поточні витрати на охорону навколишнього природного середовища,Чернівецька,"Захист і реабілітацію ґрунту, підземних  і поверхневих вод",Усього,Річна,2021,16100.000000000002
Поточні витрати на охорону навколишнього природного середовища,Чернівецька,"Захист і реабілітацію ґрунту, підземних  і поверхневих вод",Усього,Річна,2022,84100.0
Поточні витрати на охорону навколишнього природного середовища,Чернівецька,"Захист і реабілітацію ґрунту, підземних  і поверхневих вод",Усього,Річна,2023,45700.0
Поточні витрати на охорону навколишнього природного середовища,Чернівецька,"Захист і реабілітацію ґрунту, підземних  і поверхневих вод",Усього,Річна,2024,283200.0
Поточні витрати на охорону навколишнього природного середовища,Чернівецька,"Захист і реабілітацію ґрунту, підземних  і поверхневих вод",Усього,Річна,2025,463100.0
Поточні витрати на охорону навколишнього природного середовища,Чернівецька,Збереження біорізноманіття та середовища існування,Усього,Річна,2021,13157500.0
Поточні витрати на охорону навколишнього природного середовища,Чернівецька,Збереження біорізноманіття та середовища існування,Усього,Річна,2022,14490700.0
Поточні витрати на охорону навколишнього природного середовища,Чернівецька,Збереження біорізноманіття та середовища існування,Усього,Річна,2023,19719000.0
Поточні витрати на охорону навколишнього природного середовища,Чернівецька,Збереження біорізноманіття та середовища існування,Усього,Річна,2024,20725000.0
Поточні витрати на охорону навколишнього природного середовища,Чернівецька,Збереження біорізноманіття та середовища існування,Усього,Річна,2025,21402600.0
Поточні витрати на охорону навколишнього природного середовища,Чернівецька,Очищення зворотних вод,Усього,Річна,2021,111503300.0
Поточні витрати на охорону навколишнього природного середовища,Чернівецька,Очищення зворотних вод,Усього,Річна,2022,105624900.0
Поточні витрати на охорону навколишнього природного середовища,Чернівецька,Очищення зворотних вод,Усього,Річна,2023,104779700.0
Поточні витрати на охорону навколишнього природного середовища,Чернівецька,Очищення зворотних вод,Усього,Річна,2024,95485300.0
Поточні витрати на охорону навколишнього природного середовища,Чернівецька,Очищення зворотних вод,Усього,Річна,2025,112847300.0
Поточні витрати на охорону навколишнього природного середовища,Чернівецька,Поводження з відходами,Усього,Річна,2021,48796800.0
Поточні витрати на охорону навколишнього природного середовища,Чернівецька,Поводження з відходами,Усього,Річна,2022,61487600.0
Поточні витрати на охорону навколишнього природного середовища,Чернівецька,Поводження з відходами,Усього,Річна,2023,47773400.0
Поточні витрати на охорону навколишнього природного середовища,Чернівецька,Поводження з відходами,Усього,Річна,2024,110440900.0
Поточні витрати на охорону навколишнього природного середовища,Чернівецька,Поводження з відходами,Усього,Річна,2025,149442200.0
Поточні витрати на охорону навколишнього природного середовища,Чернігівська,Інші напрями природоохоронної діяльності,Усього,Річна,2021,6730300.0
Поточні витрати на охорону навколишнього природного середовища,Чернігівська,Інші напрями природоохоронної діяльності,Усього,Річна,2022,6210800.0
Поточні витрати на охорону навколишнього природного середовища,Чернігівська,Інші напрями природоохоронної діяльності,Усього,Річна,2023,7067200.0
Поточні витрати на охорону навколишнього природного середовища,Чернігівська,Інші напрями природоохоронної діяльності,Усього,Річна,2024,9075100.0
Поточні витрати на охорону навколишнього природного середовища,Чернігівська,Інші напрями природоохоронної діяльності,Усього,Річна,2025,10048000.0
Поточні витрати на охорону навколишнього природного середовища,Чернігівська,Збереження біорізноманіття та середовища існування,Усього,Річна,2021,64671400.0
Поточні витрати на охорону навколишнього природного середовища,Чернігівська,Збереження біорізноманіття та середовища існування,Усього,Річна,2022,32845199.999999996
Поточні витрати на охорону навколишнього природного середовища,Чернігівська,Збереження біорізноманіття та середовища існування,Усього,Річна,2023,32908900.0
Поточні витрати на охорону навколишнього природного середовища,Чернігівська,Збереження біорізноманіття та середовища існування,Усього,Річна,2024,39961300.0
Поточні витрати на охорону навколишнього природного середовища,Чернігівська,Збереження біорізноманіття та середовища існування,Усього,Річна,2025,45907600.0
Поточні витрати на охорону навколишнього природного середовища,Чернігівська,Зниження шумового та вібраційного впливу,Усього,Річна,2023,5800.0
Поточні витрати на охорону навколишнього природного середовища,Чернігівська,Зниження шумового та вібраційного впливу,Усього,Річна,2025,3800.0
Поточні витрати на охорону навколишнього природного середовища,Чернігівська,Очищення зворотних вод,Усього,Річна,2021,188703900.0
Поточні витрати на охорону навколишнього природного середовища,Чернігівська,Очищення зворотних вод,Усього,Річна,2022,192535300.0
Поточні витрати на охорону навколишнього природного середовища,Чернігівська,Очищення зворотних вод,Усього,Річна,2023,241627200.0
Поточні витрати на охорону навколишнього природного середовища,Чернігівська,Очищення зворотних вод,Усього,Річна,2024,293539900.0
Поточні витрати на охорону навколишнього природного середовища,Чернігівська,Очищення зворотних вод,Усього,Річна,2025,333503700.0
Поточні витрати на охорону навколишнього природного середовища,Чернігівська,Охорона атмосферного повітря і проблеми зміни клімату,Усього,Річна,2021,50827200.0
Поточні витрати на охорону навколишнього природного середовища,Чернігівська,Охорона атмосферного повітря і проблеми зміни клімату,Усього,Річна,2022,44936100.0
Поточні витрати на охорону навколишнього природного середовища,Чернігівська,Охорона атмосферного повітря і проблеми зміни клімату,Усього,Річна,2023,30038900.0
Поточні витрати на охорону навколишнього природного середовища,Чернігівська,Охорона атмосферного повітря і проблеми зміни клімату,Усього,Річна,2024,31757900.0
Поточні витрати на охорону навколишнього природного середовища,Чернігівська,Охорона атмосферного повітря і проблеми зміни клімату,Усього,Річна,2025,36411200.0
Поточні витрати на охорону навколишнього природного середовища,Чернігівська,Науково-дослідні роботи природоохоронного спрямування,Усього,Річна,2021,154000.0
Поточні витрати на охорону навколишнього природного середовища,Чернігівська,Науково-дослідні роботи природоохоронного спрямування,Усього,Річна,2022,98500.0
Поточні витрати на охорону навколишнього природного середовища,Чернігівська,Науково-дослідні роботи природоохоронного спрямування,Усього,Річна,2023,159400.0
Поточні витрати на охорону навколишнього природного середовища,Чернігівська,Науково-дослідні роботи природоохоронного спрямування,Усього,Річна,2024,32600.0
Поточні витрати на охорону навколишнього природного середовища,Чернігівська,Науково-дослідні роботи природоохоронного спрямування,Усього,Річна,2025,410300.0
Поточні витрати на охорону навколишнього природного середовища,Чернігівська,"Захист і реабілітацію ґрунту, підземних  і поверхневих вод",Усього,Річна,2021,2240200.0
Поточні витрати на охорону навколишнього природного середовища,Чернігівська,"Захист і реабілітацію ґрунту, підземних  і поверхневих вод",Усього,Річна,2022,322500.0
Поточні витрати на охорону навколишнього природного середовища,Чернігівська,"Захист і реабілітацію ґрунту, підземних  і поверхневих вод",Усього,Річна,2023,1465600.0
Поточні витрати на охорону навколишнього природного середовища,Чернігівська,"Захист і реабілітацію ґрунту, підземних  і поверхневих вод",Усього,Річна,2024,535900.0
Поточні витрати на охорону навколишнього природного середовища,Чернігівська,"Захист і реабілітацію ґрунту, підземних  і поверхневих вод",Усього,Річна,2025,1382900.0
Поточні витрати на охорону навколишнього природного середовища,Чернігівська,Радіаційна безпека,Усього,Річна,2024,377400.0
Поточні витрати на охорону навколишнього природного середовища,Чернігівська,Поводження з відходами,Усього,Річна,2021,149650100.0
Поточні витрати на охорону навколишнього природного середовища,Чернігівська,Поводження з відходами,Усього,Річна,2022,186603700.0
Поточні витрати на охорону навколишнього природного середовища,Чернігівська,Поводження з відходами,Усього,Річна,2023,222477300.0
Поточні витрати на охорону навколишнього природного середовища,Чернігівська,Поводження з відходами,Усього,Річна,2024,237650200.0
Поточні витрати на охорону навколишнього природного середовища,Чернігівська,Поводження з відходами,Усього,Річна,2025,275525400.0
Поточні витрати на охорону навколишнього природного середовища,Київ,Інші напрями природоохоронної діяльності,Усього,Річна,2021,124393900.0
Поточні витрати на охорону навколишнього природного середовища,Київ,Інші напрями природоохоронної діяльності,Усього,Річна,2022,84837500.0
Поточні витрати на охорону навколишнього природного середовища,Київ,Інші напрями природоохоронної діяльності,Усього,Річна,2023,117706200.0
Поточні витрати на охорону навколишнього природного середовища,Київ,Інші напрями природоохоронної діяльності,Усього,Річна,2024,141919700.0
Поточні витрати на охорону навколишнього природного середовища,Київ,Інші напрями природоохоронної діяльності,Усього,Річна,2025,136007500.0
Поточні витрати на охорону навколишнього природного середовища,Київ,Науково-дослідні роботи природоохоронного спрямування,Усього,Річна,2021,12661700.0
Поточні витрати на охорону навколишнього природного середовища,Київ,Науково-дослідні роботи природоохоронного спрямування,Усього,Річна,2022,11039800.0
Поточні витрати на охорону навколишнього природного середовища,Київ,Науково-дослідні роботи природоохоронного спрямування,Усього,Річна,2023,21026000.0
Поточні витрати на охорону навколишнього природного середовища,Київ,Науково-дослідні роботи природоохоронного спрямування,Усього,Річна,2024,18053500.0
Поточні витрати на охорону навколишнього природного середовища,Київ,Науково-дослідні роботи природоохоронного спрямування,Усього,Річна,2025,20824800.0
Поточні витрати на охорону навколишнього природного середовища,Київ,Збереження біорізноманіття та середовища існування,Усього,Річна,2021,87361100.0
Поточні витрати на охорону навколишнього природного середовища,Київ,Збереження біорізноманіття та середовища існування,Усього,Річна,2022,39515500.0
Поточні витрати на охорону навколишнього природного середовища,Київ,Збереження біорізноманіття та середовища існування,Усього,Річна,2023,172364200.0
Поточні витрати на охорону навколишнього природного середовища,Київ,Збереження біорізноманіття та середовища існування,Усього,Річна,2024,128398500.0
Поточні витрати на охорону навколишнього природного середовища,Київ,Збереження біорізноманіття та середовища існування,Усього,Річна,2025,65585200.0
Поточні витрати на охорону навколишнього природного середовища,Київ,Радіаційна безпека,Усього,Річна,2021,311392600.0
Поточні витрати на охорону навколишнього природного середовища,Київ,Радіаційна безпека,Усього,Річна,2022,282881300.0
Поточні витрати на охорону навколишнього природного середовища,Київ,Радіаційна безпека,Усього,Річна,2023,367880400.0
Поточні витрати на охорону навколишнього природного середовища,Київ,Радіаційна безпека,Усього,Річна,2024,674856400.0
Поточні витрати на охорону навколишнього природного середовища,Київ,Радіаційна безпека,Усього,Річна,2025,770641800.0
Поточні витрати на охорону навколишнього природного середовища,Київ,Зниження шумового та вібраційного впливу,Усього,Річна,2021,4255000.0
Поточні витрати на охорону навколишнього природного середовища,Київ,Зниження шумового та вібраційного впливу,Усього,Річна,2022,505700.0
Поточні витрати на охорону навколишнього природного середовища,Київ,Зниження шумового та вібраційного впливу,Усього,Річна,2023,851000.0
Поточні витрати на охорону навколишнього природного середовища,Київ,Зниження шумового та вібраційного впливу,Усього,Річна,2024,1427100.0
Поточні витрати на охорону навколишнього природного середовища,Київ,Зниження шумового та вібраційного впливу,Усього,Річна,2025,3068000.0
Поточні витрати на охорону навколишнього природного середовища,Київ,Поводження з відходами,Усього,Річна,2021,710286700.0
Поточні витрати на охорону навколишнього природного середовища,Київ,Поводження з відходами,Усього,Річна,2022,1510469500.0
Поточні витрати на охорону навколишнього природного середовища,Київ,Поводження з відходами,Усього,Річна,2023,1125061400.0
Поточні витрати на охорону навколишнього природного середовища,Київ,Поводження з відходами,Усього,Річна,2024,930823900.0
Поточні витрати на охорону навколишнього природного середовища,Київ,Поводження з відходами,Усього,Річна,2025,1116839900.0
Поточні витрати на охорону навколишнього природного середовища,Київ,Очищення зворотних вод,Усього,Річна,2021,2103855799.9999998
Поточні витрати на охорону навколишнього природного середовища,Київ,Очищення зворотних вод,Усього,Річна,2022,2154435600.0
Поточні витрати на охорону навколишнього природного середовища,Київ,Очищення зворотних вод,Усього,Річна,2023,2498453000.0
Поточні витрати на охорону навколишнього природного середовища,Київ,Очищення зворотних вод,Усього,Річна,2024,2886517300.0
Поточні витрати на охорону навколишнього природного середовища,Київ,Очищення зворотних вод,Усього,Річна,2025,3310487500.0
Поточні витрати на охорону навколишнього природного середовища,Київ,"Захист і реабілітацію ґрунту, підземних  і поверхневих вод",Усього,Річна,2021,251918200.0
Поточні витрати на охорону навколишнього природного середовища,Київ,"Захист і реабілітацію ґрунту, підземних  і поверхневих вод",Усього,Річна,2022,138543300.0
Поточні витрати на охорону навколишнього природного середовища,Київ,"Захист і реабілітацію ґрунту, підземних  і поверхневих вод",Усього,Річна,2023,169306900.0
Поточні витрати на охорону навколишнього природного середовища,Київ,"Захист і реабілітацію ґрунту, підземних  і поверхневих вод",Усього,Річна,2024,188571600.0
Поточні витрати на охорону навколишнього природного середовища,Київ,"Захист і реабілітацію ґрунту, підземних  і поверхневих вод",Усього,Річна,2025,275367200.0
Поточні витрати на охорону навколишнього природного середовища,Київ,Охорона атмосферного повітря і проблеми зміни клімату,Усього,Річна,2021,64482300.0
Поточні витрати на охорону навколишнього природного середовища,Київ,Охорона атмосферного повітря і проблеми зміни клімату,Усього,Річна,2022,58741900.0
Поточні витрати на охорону навколишнього природного середовища,Київ,Охорона атмосферного повітря і проблеми зміни клімату,Усього,Річна,2023,118776100.0
Поточні витрати на охорону навколишнього природного середовища,Київ,Охорона атмосферного повітря і проблеми зміни клімату,Усього,Річна,2024,122026600.0
Поточні витрати на охорону навколишнього природного середовища,Київ,Охорона атмосферного повітря і проблеми зміни клімату,Усього,Річна,2025,130146800.0
Інвестиції в обладнання та устаткування для контролю забруднення навколишнього природного середовища та прилади для очищення від забруднення,Вінницька,"Захист і реабілітацію ґрунту, підземних  і поверхневих вод",Усього,Річна,2021,17100.0
Інвестиції в обладнання та устаткування для контролю забруднення навколишнього природного середовища та прилади для очищення від забруднення,Вінницька,Поводження з відходами,Усього,Річна,2021,4487200.0
Інвестиції в обладнання та устаткування для контролю забруднення навколишнього природного середовища та прилади для очищення від забруднення,Вінницька,Поводження з відходами,Усього,Річна,2025,795000.0
Інвестиції в обладнання та устаткування для контролю забруднення навколишнього природного середовища та прилади для очищення від забруднення,Вінницька,Охорона атмосферного повітря і проблеми зміни клімату,Усього,Річна,2021,321200.0
Інвестиції в обладнання та устаткування для контролю забруднення навколишнього природного середовища та прилади для очищення від забруднення,Вінницька,Охорона атмосферного повітря і проблеми зміни клімату,Усього,Річна,2024,172200.0
Інвестиції в обладнання та устаткування для контролю забруднення навколишнього природного середовища та прилади для очищення від забруднення,Вінницька,Охорона атмосферного повітря і проблеми зміни клімату,Усього,Річна,2025,2500.0
Інвестиції в обладнання та устаткування для контролю забруднення навколишнього природного середовища та прилади для очищення від забруднення,Вінницька,Очищення зворотних вод,Усього,Річна,2021,5742700.0
Інвестиції в обладнання та устаткування для контролю забруднення навколишнього природного середовища та прилади для очищення від забруднення,Вінницька,Очищення зворотних вод,Усього,Річна,2024,36675000.0
Інвестиції в обладнання та устаткування для контролю забруднення навколишнього природного середовища та прилади для очищення від забруднення,Вінницька,Очищення зворотних вод,Усього,Річна,2025,4979900.0
Інвестиції в обладнання та устаткування для контролю забруднення навколишнього природного середовища та прилади для очищення від забруднення,Волинська,Поводження з відходами,Усього,Річна,2021,8239200.000000001
Інвестиції в обладнання та устаткування для контролю забруднення навколишнього природного середовища та прилади для очищення від забруднення,Волинська,Поводження з відходами,Усього,Річна,2024,12392500.0
Інвестиції в обладнання та устаткування для контролю забруднення навколишнього природного середовища та прилади для очищення від забруднення,Волинська,Поводження з відходами,Усього,Річна,2025,44867600.0
Інвестиції в обладнання та устаткування для контролю забруднення навколишнього природного середовища та прилади для очищення від забруднення,Волинська,Очищення зворотних вод,Усього,Річна,2021,13477800.0
Інвестиції в обладнання та устаткування для контролю забруднення навколишнього природного середовища та прилади для очищення від забруднення,Волинська,Очищення зворотних вод,Усього,Річна,2024,105687700.0
Інвестиції в обладнання та устаткування для контролю забруднення навколишнього природного середовища та прилади для очищення від забруднення,Волинська,Очищення зворотних вод,Усього,Річна,2025,61193500.0
Інвестиції в обладнання та устаткування для контролю забруднення навколишнього природного середовища та прилади для очищення від забруднення,Волинська,Охорона атмосферного повітря і проблеми зміни клімату,Усього,Річна,2024,55342800.0
Інвестиції в обладнання та устаткування для контролю забруднення навколишнього природного середовища та прилади для очищення від забруднення,Волинська,Охорона атмосферного повітря і проблеми зміни клімату,Усього,Річна,2025,41411000.0
Інвестиції в обладнання та устаткування для контролю забруднення навколишнього природного середовища та прилади для очищення від забруднення,Дніпропетровська,Охорона атмосферного повітря і проблеми зміни клімату,Усього,Річна,2021,750154800.0
Інвестиції в обладнання та устаткування для контролю забруднення навколишнього природного середовища та прилади для очищення від забруднення,Дніпропетровська,Охорона атмосферного повітря і проблеми зміни клімату,Усього,Річна,2024,287149200.0
Інвестиції в обладнання та устаткування для контролю забруднення навколишнього природного середовища та прилади для очищення від забруднення,Дніпропетровська,Охорона атмосферного повітря і проблеми зміни клімату,Усього,Річна,2025,193061400.0
Інвестиції в обладнання та устаткування для контролю забруднення навколишнього природного середовища та прилади для очищення від забруднення,Дніпропетровська,Очищення зворотних вод,Усього,Річна,2021,63953400.0
Інвестиції в обладнання та устаткування для контролю забруднення навколишнього природного середовища та прилади для очищення від забруднення,Дніпропетровська,Очищення зворотних вод,Усього,Річна,2024,36211200.0
Інвестиції в обладнання та устаткування для контролю забруднення навколишнього природного середовища та прилади для очищення від забруднення,Дніпропетровська,Очищення зворотних вод,Усього,Річна,2025,45027500.0
Інвестиції в обладнання та устаткування для контролю забруднення навколишнього природного середовища та прилади для очищення від забруднення,Дніпропетровська,Поводження з відходами,Усього,Річна,2021,1417789000.0
Інвестиції в обладнання та устаткування для контролю забруднення навколишнього природного середовища та прилади для очищення від забруднення,Дніпропетровська,Поводження з відходами,Усього,Річна,2024,1821342700.0
Інвестиції в обладнання та устаткування для контролю забруднення навколишнього природного середовища та прилади для очищення від забруднення,Дніпропетровська,Поводження з відходами,Усього,Річна,2025,1749900100.0
Інвестиції в обладнання та устаткування для контролю забруднення навколишнього природного середовища та прилади для очищення від забруднення,Дніпропетровська,"Захист і реабілітацію ґрунту, підземних  і поверхневих вод",Усього,Річна,2021,10941400.0
Інвестиції в обладнання та устаткування для контролю забруднення навколишнього природного середовища та прилади для очищення від забруднення,Донецька,Очищення зворотних вод,Усього,Річна,2021,43671700.0
Інвестиції в обладнання та устаткування для контролю забруднення навколишнього природного середовища та прилади для очищення від забруднення,Донецька,Очищення зворотних вод,Усього,Річна,2024,79758700.0
Інвестиції в обладнання та устаткування для контролю забруднення навколишнього природного середовища та прилади для очищення від забруднення,Донецька,Очищення зворотних вод,Усього,Річна,2025,73721700.0
Інвестиції в обладнання та устаткування для контролю забруднення навколишнього природного середовища та прилади для очищення від забруднення,Донецька,Поводження з відходами,Усього,Річна,2021,233121000.0
Інвестиції в обладнання та устаткування для контролю забруднення навколишнього природного середовища та прилади для очищення від забруднення,Донецька,Поводження з відходами,Усього,Річна,2024,133583400.0
Інвестиції в обладнання та устаткування для контролю забруднення навколишнього природного середовища та прилади для очищення від забруднення,Донецька,Поводження з відходами,Усього,Річна,2025,3836600.0
Інвестиції в обладнання та устаткування для контролю забруднення навколишнього природного середовища та прилади для очищення від забруднення,Донецька,Охорона атмосферного повітря і проблеми зміни клімату,Усього,Річна,2021,881724700.0
Інвестиції в обладнання та устаткування для контролю забруднення навколишнього природного середовища та прилади для очищення від забруднення,Житомирська,Поводження з відходами,Усього,Річна,2021,924400.0
Інвестиції в обладнання та устаткування для контролю забруднення навколишнього природного середовища та прилади для очищення від забруднення,Житомирська,Поводження з відходами,Усього,Річна,2024,12722400.0
Інвестиції в обладнання та устаткування для контролю забруднення навколишнього природного середовища та прилади для очищення від забруднення,Житомирська,Поводження з відходами,Усього,Річна,2025,12832100.0
Інвестиції в обладнання та устаткування для контролю забруднення навколишнього природного середовища та прилади для очищення від забруднення,Житомирська,Очищення зворотних вод,Усього,Річна,2021,1427000.0
Інвестиції в обладнання та устаткування для контролю забруднення навколишнього природного середовища та прилади для очищення від забруднення,Житомирська,Очищення зворотних вод,Усього,Річна,2024,41022900.0
Інвестиції в обладнання та устаткування для контролю забруднення навколишнього природного середовища та прилади для очищення від забруднення,Житомирська,Очищення зворотних вод,Усього,Річна,2025,6520200.0
Інвестиції в обладнання та устаткування для контролю забруднення навколишнього природного середовища та прилади для очищення від забруднення,Житомирська,Охорона атмосферного повітря і проблеми зміни клімату,Усього,Річна,2021,3259300.0
Інвестиції в обладнання та устаткування для контролю забруднення навколишнього природного середовища та прилади для очищення від забруднення,Закарпатська,Поводження з відходами,Усього,Річна,2021,10615600.0
Інвестиції в обладнання та устаткування для контролю забруднення навколишнього природного середовища та прилади для очищення від забруднення,Закарпатська,Поводження з відходами,Усього,Річна,2024,30498000.0
Інвестиції в обладнання та устаткування для контролю забруднення навколишнього природного середовища та прилади для очищення від забруднення,Закарпатська,Поводження з відходами,Усього,Річна,2025,60012800.0
Інвестиції в обладнання та устаткування для контролю забруднення навколишнього природного середовища та прилади для очищення від забруднення,Закарпатська,Очищення зворотних вод,Усього,Річна,2021,468400.0
Інвестиції в обладнання та устаткування для контролю забруднення навколишнього природного середовища та прилади для очищення від забруднення,Закарпатська,Очищення зворотних вод,Усього,Річна,2024,17859800.0
Інвестиції в обладнання та устаткування для контролю забруднення навколишнього природного середовища та прилади для очищення від забруднення,Закарпатська,Очищення зворотних вод,Усього,Річна,2025,15390900.0
Інвестиції в обладнання та устаткування для контролю забруднення навколишнього природного середовища та прилади для очищення від забруднення,Закарпатська,Охорона атмосферного повітря і проблеми зміни клімату,Усього,Річна,2021,122100.0
Інвестиції в обладнання та устаткування для контролю забруднення навколишнього природного середовища та прилади для очищення від забруднення,Закарпатська,Охорона атмосферного повітря і проблеми зміни клімату,Усього,Річна,2024,182000.0
Інвестиції в обладнання та устаткування для контролю забруднення навколишнього природного середовища та прилади для очищення від забруднення,Закарпатська,Охорона атмосферного повітря і проблеми зміни клімату,Усього,Річна,2025,116000.0
Інвестиції в обладнання та устаткування для контролю забруднення навколишнього природного середовища та прилади для очищення від забруднення,Запорізька,Очищення зворотних вод,Усього,Річна,2021,90953200.0
Інвестиції в обладнання та устаткування для контролю забруднення навколишнього природного середовища та прилади для очищення від забруднення,Запорізька,Очищення зворотних вод,Усього,Річна,2024,36361400.0
Інвестиції в обладнання та устаткування для контролю забруднення навколишнього природного середовища та прилади для очищення від забруднення,Запорізька,Очищення зворотних вод,Усього,Річна,2025,25414700.0
Інвестиції в обладнання та устаткування для контролю забруднення навколишнього природного середовища та прилади для очищення від забруднення,Запорізька,Охорона атмосферного повітря і проблеми зміни клімату,Усього,Річна,2021,300415700.0
Інвестиції в обладнання та устаткування для контролю забруднення навколишнього природного середовища та прилади для очищення від забруднення,Запорізька,Охорона атмосферного повітря і проблеми зміни клімату,Усього,Річна,2024,5704700.0
Інвестиції в обладнання та устаткування для контролю забруднення навколишнього природного середовища та прилади для очищення від забруднення,Запорізька,Охорона атмосферного повітря і проблеми зміни клімату,Усього,Річна,2025,8489600.0
Інвестиції в обладнання та устаткування для контролю забруднення навколишнього природного середовища та прилади для очищення від забруднення,Запорізька,Поводження з відходами,Усього,Річна,2021,17065600.0
Інвестиції в обладнання та устаткування для контролю забруднення навколишнього природного середовища та прилади для очищення від забруднення,Запорізька,Поводження з відходами,Усього,Річна,2024,787700.0
Інвестиції в обладнання та устаткування для контролю забруднення навколишнього природного середовища та прилади для очищення від забруднення,Запорізька,Поводження з відходами,Усього,Річна,2025,842900.0
Інвестиції в обладнання та устаткування для контролю забруднення навколишнього природного середовища та прилади для очищення від забруднення,Запорізька,"Захист і реабілітацію ґрунту, підземних  і поверхневих вод",Усього,Річна,2021,3420700.0
Інвестиції в обладнання та устаткування для контролю забруднення навколишнього природного середовища та прилади для очищення від забруднення,Івано-Франківська,"Захист і реабілітацію ґрунту, підземних  і поверхневих вод",Усього,Річна,2021,23714700.0
Інвестиції в обладнання та устаткування для контролю забруднення навколишнього природного середовища та прилади для очищення від забруднення,Івано-Франківська,"Захист і реабілітацію ґрунту, підземних  і поверхневих вод",Усього,Річна,2024,4756400.0
Інвестиції в обладнання та устаткування для контролю забруднення навколишнього природного середовища та прилади для очищення від забруднення,Івано-Франківська,"Захист і реабілітацію ґрунту, підземних  і поверхневих вод",Усього,Річна,2025,560000.0
Інвестиції в обладнання та устаткування для контролю забруднення навколишнього природного середовища та прилади для очищення від забруднення,Івано-Франківська,Поводження з відходами,Усього,Річна,2021,16814300.0
Інвестиції в обладнання та устаткування для контролю забруднення навколишнього природного середовища та прилади для очищення від забруднення,Івано-Франківська,Поводження з відходами,Усього,Річна,2024,28123300.0
Інвестиції в обладнання та устаткування для контролю забруднення навколишнього природного середовища та прилади для очищення від забруднення,Івано-Франківська,Поводження з відходами,Усього,Річна,2025,42833100.0
Інвестиції в обладнання та устаткування для контролю забруднення навколишнього природного середовища та прилади для очищення від забруднення,Івано-Франківська,Очищення зворотних вод,Усього,Річна,2021,40121800.0
Інвестиції в обладнання та устаткування для контролю забруднення навколишнього природного середовища та прилади для очищення від забруднення,Івано-Франківська,Очищення зворотних вод,Усього,Річна,2024,38304200.0
Інвестиції в обладнання та устаткування для контролю забруднення навколишнього природного середовища та прилади для очищення від забруднення,Івано-Франківська,Очищення зворотних вод,Усього,Річна,2025,41743500.0
Інвестиції в обладнання та устаткування для контролю забруднення навколишнього природного середовища та прилади для очищення від забруднення,Івано-Франківська,Охорона атмосферного повітря і проблеми зміни клімату,Усього,Річна,2021,72296900.0
Інвестиції в обладнання та устаткування для контролю забруднення навколишнього природного середовища та прилади для очищення від забруднення,Івано-Франківська,Охорона атмосферного повітря і проблеми зміни клімату,Усього,Річна,2024,20551000.0
Інвестиції в обладнання та устаткування для контролю забруднення навколишнього природного середовища та прилади для очищення від забруднення,Івано-Франківська,Охорона атмосферного повітря і проблеми зміни клімату,Усього,Річна,2025,47738800.0
Інвестиції в обладнання та устаткування для контролю забруднення навколишнього природного середовища та прилади для очищення від забруднення,Київська,Охорона атмосферного повітря і проблеми зміни клімату,Усього,Річна,2021,2193000.0
Інвестиції в обладнання та устаткування для контролю забруднення навколишнього природного середовища та прилади для очищення від забруднення,Київська,Охорона атмосферного повітря і проблеми зміни клімату,Усього,Річна,2024,1427800.0
Інвестиції в обладнання та устаткування для контролю забруднення навколишнього природного середовища та прилади для очищення від забруднення,Київська,Охорона атмосферного повітря і проблеми зміни клімату,Усього,Річна,2025,5075700.0
Інвестиції в обладнання та устаткування для контролю забруднення навколишнього природного середовища та прилади для очищення від забруднення,Київська,Очищення зворотних вод,Усього,Річна,2021,34445100.0
Інвестиції в обладнання та устаткування для контролю забруднення навколишнього природного середовища та прилади для очищення від забруднення,Київська,Очищення зворотних вод,Усього,Річна,2024,81778000.0
Інвестиції в обладнання та устаткування для контролю забруднення навколишнього природного середовища та прилади для очищення від забруднення,Київська,Очищення зворотних вод,Усього,Річна,2025,71840700.0
Інвестиції в обладнання та устаткування для контролю забруднення навколишнього природного середовища та прилади для очищення від забруднення,Київська,Поводження з відходами,Усього,Річна,2021,39060900.0
Інвестиції в обладнання та устаткування для контролю забруднення навколишнього природного середовища та прилади для очищення від забруднення,Київська,Поводження з відходами,Усього,Річна,2024,97809300.0
Інвестиції в обладнання та устаткування для контролю забруднення навколишнього природного середовища та прилади для очищення від забруднення,Київська,Поводження з відходами,Усього,Річна,2025,39571700.0
Інвестиції в обладнання та устаткування для контролю забруднення навколишнього природного середовища та прилади для очищення від забруднення,Київська,"Захист і реабілітацію ґрунту, підземних  і поверхневих вод",Усього,Річна,2021,3300.0
Інвестиції в обладнання та устаткування для контролю забруднення навколишнього природного середовища та прилади для очищення від забруднення,Київська,"Захист і реабілітацію ґрунту, підземних  і поверхневих вод",Усього,Річна,2024,2500.0
Інвестиції в обладнання та устаткування для контролю забруднення навколишнього природного середовища та прилади для очищення від забруднення,Київська,"Захист і реабілітацію ґрунту, підземних  і поверхневих вод",Усього,Річна,2025,2200.0
Інвестиції в обладнання та устаткування для контролю забруднення навколишнього природного середовища та прилади для очищення від забруднення,Кіровоградська,"Захист і реабілітацію ґрунту, підземних  і поверхневих вод",Усього,Річна,2021,9681800.0
Інвестиції в обладнання та устаткування для контролю забруднення навколишнього природного середовища та прилади для очищення від забруднення,Кіровоградська,Поводження з відходами,Усього,Річна,2021,4749500.0
Інвестиції в обладнання та устаткування для контролю забруднення навколишнього природного середовища та прилади для очищення від забруднення,Кіровоградська,Поводження з відходами,Усього,Річна,2024,6966100.0
Інвестиції в обладнання та устаткування для контролю забруднення навколишнього природного середовища та прилади для очищення від забруднення,Кіровоградська,Поводження з відходами,Усього,Річна,2025,3735800.0
Інвестиції в обладнання та устаткування для контролю забруднення навколишнього природного середовища та прилади для очищення від забруднення,Кіровоградська,Очищення зворотних вод,Усього,Річна,2021,146176700.0
Інвестиції в обладнання та устаткування для контролю забруднення навколишнього природного середовища та прилади для очищення від забруднення,Кіровоградська,Очищення зворотних вод,Усього,Річна,2024,119727700.0
Інвестиції в обладнання та устаткування для контролю забруднення навколишнього природного середовища та прилади для очищення від забруднення,Кіровоградська,Очищення зворотних вод,Усього,Річна,2025,199688900.0
Інвестиції в обладнання та устаткування для контролю забруднення навколишнього природного середовища та прилади для очищення від забруднення,Луганська,Очищення зворотних вод,Усього,Річна,2021,2272900.0
Інвестиції в обладнання та устаткування для контролю забруднення навколишнього природного середовища та прилади для очищення від забруднення,Луганська,Поводження з відходами,Усього,Річна,2021,17729300.0
Інвестиції в обладнання та устаткування для контролю забруднення навколишнього природного середовища та прилади для очищення від забруднення,Луганська,Охорона атмосферного повітря і проблеми зміни клімату,Усього,Річна,2021,11518800.0
Інвестиції в обладнання та устаткування для контролю забруднення навколишнього природного середовища та прилади для очищення від забруднення,Львівська,"Захист і реабілітацію ґрунту, підземних  і поверхневих вод",Усього,Річна,2021,233362600.0
Інвестиції в обладнання та устаткування для контролю забруднення навколишнього природного середовища та прилади для очищення від забруднення,Львівська,"Захист і реабілітацію ґрунту, підземних  і поверхневих вод",Усього,Річна,2024,100606800.0
Інвестиції в обладнання та устаткування для контролю забруднення навколишнього природного середовища та прилади для очищення від забруднення,Львівська,"Захист і реабілітацію ґрунту, підземних  і поверхневих вод",Усього,Річна,2025,312881800.0
Інвестиції в обладнання та устаткування для контролю забруднення навколишнього природного середовища та прилади для очищення від забруднення,Львівська,Поводження з відходами,Усього,Річна,2021,153549400.0
Інвестиції в обладнання та устаткування для контролю забруднення навколишнього природного середовища та прилади для очищення від забруднення,Львівська,Поводження з відходами,Усього,Річна,2024,467663100.0
Інвестиції в обладнання та устаткування для контролю забруднення навколишнього природного середовища та прилади для очищення від забруднення,Львівська,Поводження з відходами,Усього,Річна,2025,530683699.99999994
Інвестиції в обладнання та устаткування для контролю забруднення навколишнього природного середовища та прилади для очищення від забруднення,Львівська,Очищення зворотних вод,Усього,Річна,2021,132767299.99999999
Інвестиції в обладнання та устаткування для контролю забруднення навколишнього природного середовища та прилади для очищення від забруднення,Львівська,Очищення зворотних вод,Усього,Річна,2024,97343100.0
Інвестиції в обладнання та устаткування для контролю забруднення навколишнього природного середовища та прилади для очищення від забруднення,Львівська,Очищення зворотних вод,Усього,Річна,2025,169797200.0
Інвестиції в обладнання та устаткування для контролю забруднення навколишнього природного середовища та прилади для очищення від забруднення,Львівська,Охорона атмосферного повітря і проблеми зміни клімату,Усього,Річна,2021,33405000.0
Інвестиції в обладнання та устаткування для контролю забруднення навколишнього природного середовища та прилади для очищення від забруднення,Львівська,Охорона атмосферного повітря і проблеми зміни клімату,Усього,Річна,2024,3916900.0
Інвестиції в обладнання та устаткування для контролю забруднення навколишнього природного середовища та прилади для очищення від забруднення,Львівська,Охорона атмосферного повітря і проблеми зміни клімату,Усього,Річна,2025,305056500.0
Інвестиції в обладнання та устаткування для контролю забруднення навколишнього природного середовища та прилади для очищення від забруднення,Миколаївська,Очищення зворотних вод,Усього,Річна,2021,41209900.0
Інвестиції в обладнання та устаткування для контролю забруднення навколишнього природного середовища та прилади для очищення від забруднення,Миколаївська,Очищення зворотних вод,Усього,Річна,2024,36342800.0
Інвестиції в обладнання та устаткування для контролю забруднення навколишнього природного середовища та прилади для очищення від забруднення,Миколаївська,Очищення зворотних вод,Усього,Річна,2025,29451900.0
Інвестиції в обладнання та устаткування для контролю забруднення навколишнього природного середовища та прилади для очищення від забруднення,Миколаївська,Поводження з відходами,Усього,Річна,2021,187657100.0
Інвестиції в обладнання та устаткування для контролю забруднення навколишнього природного середовища та прилади для очищення від забруднення,Миколаївська,Поводження з відходами,Усього,Річна,2024,146416400.0
Інвестиції в обладнання та устаткування для контролю забруднення навколишнього природного середовища та прилади для очищення від забруднення,Миколаївська,Поводження з відходами,Усього,Річна,2025,14399700.0
Інвестиції в обладнання та устаткування для контролю забруднення навколишнього природного середовища та прилади для очищення від забруднення,Миколаївська,Охорона атмосферного повітря і проблеми зміни клімату,Усього,Річна,2021,62045700.0
Інвестиції в обладнання та устаткування для контролю забруднення навколишнього природного середовища та прилади для очищення від забруднення,Миколаївська,Охорона атмосферного повітря і проблеми зміни клімату,Усього,Річна,2024,458400.0
Інвестиції в обладнання та устаткування для контролю забруднення навколишнього природного середовища та прилади для очищення від забруднення,Миколаївська,Охорона атмосферного повітря і проблеми зміни клімату,Усього,Річна,2025,512900.0
Інвестиції в обладнання та устаткування для контролю забруднення навколишнього природного середовища та прилади для очищення від забруднення,Одеська,Охорона атмосферного повітря і проблеми зміни клімату,Усього,Річна,2021,8052800.0
Інвестиції в обладнання та устаткування для контролю забруднення навколишнього природного середовища та прилади для очищення від забруднення,Одеська,Охорона атмосферного повітря і проблеми зміни клімату,Усього,Річна,2024,555700.0
Інвестиції в обладнання та устаткування для контролю забруднення навколишнього природного середовища та прилади для очищення від забруднення,Одеська,Охорона атмосферного повітря і проблеми зміни клімату,Усього,Річна,2025,1802900.0
Інвестиції в обладнання та устаткування для контролю забруднення навколишнього природного середовища та прилади для очищення від забруднення,Одеська,Очищення зворотних вод,Усього,Річна,2021,6999800.0
Інвестиції в обладнання та устаткування для контролю забруднення навколишнього природного середовища та прилади для очищення від забруднення,Одеська,Очищення зворотних вод,Усього,Річна,2024,1411100.0
Інвестиції в обладнання та устаткування для контролю забруднення навколишнього природного середовища та прилади для очищення від забруднення,Одеська,Очищення зворотних вод,Усього,Річна,2025,5683300.0
Інвестиції в обладнання та устаткування для контролю забруднення навколишнього природного середовища та прилади для очищення від забруднення,Одеська,Поводження з відходами,Усього,Річна,2021,8625000.0
Інвестиції в обладнання та устаткування для контролю забруднення навколишнього природного середовища та прилади для очищення від забруднення,Одеська,Поводження з відходами,Усього,Річна,2024,33323900.0
Інвестиції в обладнання та устаткування для контролю забруднення навколишнього природного середовища та прилади для очищення від забруднення,Одеська,Поводження з відходами,Усього,Річна,2025,20087500.0
Інвестиції в обладнання та устаткування для контролю забруднення навколишнього природного середовища та прилади для очищення від забруднення,Полтавська,Очищення зворотних вод,Усього,Річна,2021,45539400.0
Інвестиції в обладнання та устаткування для контролю забруднення навколишнього природного середовища та прилади для очищення від забруднення,Полтавська,Очищення зворотних вод,Усього,Річна,2024,87319100.0
Інвестиції в обладнання та устаткування для контролю забруднення навколишнього природного середовища та прилади для очищення від забруднення,Полтавська,Очищення зворотних вод,Усього,Річна,2025,50707700.0
Інвестиції в обладнання та устаткування для контролю забруднення навколишнього природного середовища та прилади для очищення від забруднення,Полтавська,Поводження з відходами,Усього,Річна,2021,5348800.0
Інвестиції в обладнання та устаткування для контролю забруднення навколишнього природного середовища та прилади для очищення від забруднення,Полтавська,Поводження з відходами,Усього,Річна,2024,7983500.0
Інвестиції в обладнання та устаткування для контролю забруднення навколишнього природного середовища та прилади для очищення від забруднення,Полтавська,Поводження з відходами,Усього,Річна,2025,5521800.0
Інвестиції в обладнання та устаткування для контролю забруднення навколишнього природного середовища та прилади для очищення від забруднення,Полтавська,Охорона атмосферного повітря і проблеми зміни клімату,Усього,Річна,2021,21622000.0
Інвестиції в обладнання та устаткування для контролю забруднення навколишнього природного середовища та прилади для очищення від забруднення,Полтавська,Охорона атмосферного повітря і проблеми зміни клімату,Усього,Річна,2024,44088900.0
Інвестиції в обладнання та устаткування для контролю забруднення навколишнього природного середовища та прилади для очищення від забруднення,Полтавська,Охорона атмосферного повітря і проблеми зміни клімату,Усього,Річна,2025,8200900.0
Інвестиції в обладнання та устаткування для контролю забруднення навколишнього природного середовища та прилади для очищення від забруднення,Полтавська,"Захист і реабілітацію ґрунту, підземних  і поверхневих вод",Усього,Річна,2021,26400.0
Інвестиції в обладнання та устаткування для контролю забруднення навколишнього природного середовища та прилади для очищення від забруднення,Полтавська,"Захист і реабілітацію ґрунту, підземних  і поверхневих вод",Усього,Річна,2024,396400.0
Інвестиції в обладнання та устаткування для контролю забруднення навколишнього природного середовища та прилади для очищення від забруднення,Рівненська,Охорона атмосферного повітря і проблеми зміни клімату,Усього,Річна,2021,4374200.0
Інвестиції в обладнання та устаткування для контролю забруднення навколишнього природного середовища та прилади для очищення від забруднення,Рівненська,Охорона атмосферного повітря і проблеми зміни клімату,Усього,Річна,2024,101601200.0
Інвестиції в обладнання та устаткування для контролю забруднення навколишнього природного середовища та прилади для очищення від забруднення,Рівненська,Охорона атмосферного повітря і проблеми зміни клімату,Усього,Річна,2025,652800.0
Інвестиції в обладнання та устаткування для контролю забруднення навколишнього природного середовища та прилади для очищення від забруднення,Рівненська,Очищення зворотних вод,Усього,Річна,2021,9160500.0
Інвестиції в обладнання та устаткування для контролю забруднення навколишнього природного середовища та прилади для очищення від забруднення,Рівненська,Очищення зворотних вод,Усього,Річна,2024,31315100.0
Інвестиції в обладнання та устаткування для контролю забруднення навколишнього природного середовища та прилади для очищення від забруднення,Рівненська,Очищення зворотних вод,Усього,Річна,2025,14221100.0
Інвестиції в обладнання та устаткування для контролю забруднення навколишнього природного середовища та прилади для очищення від забруднення,Рівненська,"Захист і реабілітацію ґрунту, підземних  і поверхневих вод",Усього,Річна,2021,89800.0
Інвестиції в обладнання та устаткування для контролю забруднення навколишнього природного середовища та прилади для очищення від забруднення,Рівненська,Поводження з відходами,Усього,Річна,2021,16882300.0
Інвестиції в обладнання та устаткування для контролю забруднення навколишнього природного середовища та прилади для очищення від забруднення,Рівненська,Поводження з відходами,Усього,Річна,2024,12735400.0
Інвестиції в обладнання та устаткування для контролю забруднення навколишнього природного середовища та прилади для очищення від забруднення,Рівненська,Поводження з відходами,Усього,Річна,2025,51382200.0
Інвестиції в обладнання та устаткування для контролю забруднення навколишнього природного середовища та прилади для очищення від забруднення,Сумська,Очищення зворотних вод,Усього,Річна,2021,9350500.0
Інвестиції в обладнання та устаткування для контролю забруднення навколишнього природного середовища та прилади для очищення від забруднення,Сумська,Очищення зворотних вод,Усього,Річна,2024,16947000.0
Інвестиції в обладнання та устаткування для контролю забруднення навколишнього природного середовища та прилади для очищення від забруднення,Сумська,Очищення зворотних вод,Усього,Річна,2025,732500.0
Інвестиції в обладнання та устаткування для контролю забруднення навколишнього природного середовища та прилади для очищення від забруднення,Сумська,Поводження з відходами,Усього,Річна,2021,94619800.0
Інвестиції в обладнання та устаткування для контролю забруднення навколишнього природного середовища та прилади для очищення від забруднення,Сумська,Поводження з відходами,Усього,Річна,2024,14356600.0
Інвестиції в обладнання та устаткування для контролю забруднення навколишнього природного середовища та прилади для очищення від забруднення,Сумська,Поводження з відходами,Усього,Річна,2025,7774700.0
Інвестиції в обладнання та устаткування для контролю забруднення навколишнього природного середовища та прилади для очищення від забруднення,Сумська,Охорона атмосферного повітря і проблеми зміни клімату,Усього,Річна,2021,2000.0
Інвестиції в обладнання та устаткування для контролю забруднення навколишнього природного середовища та прилади для очищення від забруднення,Тернопільська,Поводження з відходами,Усього,Річна,2021,571900.0
Інвестиції в обладнання та устаткування для контролю забруднення навколишнього природного середовища та прилади для очищення від забруднення,Тернопільська,Поводження з відходами,Усього,Річна,2024,4900.0
Інвестиції в обладнання та устаткування для контролю забруднення навколишнього природного середовища та прилади для очищення від забруднення,Тернопільська,Очищення зворотних вод,Усього,Річна,2021,817300.0
Інвестиції в обладнання та устаткування для контролю забруднення навколишнього природного середовища та прилади для очищення від забруднення,Тернопільська,Очищення зворотних вод,Усього,Річна,2024,16637000.0
Інвестиції в обладнання та устаткування для контролю забруднення навколишнього природного середовища та прилади для очищення від забруднення,Тернопільська,Очищення зворотних вод,Усього,Річна,2025,11872800.0
Інвестиції в обладнання та устаткування для контролю забруднення навколишнього природного середовища та прилади для очищення від забруднення,Тернопільська,"Захист і реабілітацію ґрунту, підземних  і поверхневих вод",Усього,Річна,2021,814700.0
Інвестиції в обладнання та устаткування для контролю забруднення навколишнього природного середовища та прилади для очищення від забруднення,Харківська,Поводження з відходами,Усього,Річна,2021,10561700.0
Інвестиції в обладнання та устаткування для контролю забруднення навколишнього природного середовища та прилади для очищення від забруднення,Харківська,Поводження з відходами,Усього,Річна,2024,28598400.0
Інвестиції в обладнання та устаткування для контролю забруднення навколишнього природного середовища та прилади для очищення від забруднення,Харківська,Поводження з відходами,Усього,Річна,2025,110658200.0
Інвестиції в обладнання та устаткування для контролю забруднення навколишнього природного середовища та прилади для очищення від забруднення,Харківська,Охорона атмосферного повітря і проблеми зміни клімату,Усього,Річна,2021,389100.0
Інвестиції в обладнання та устаткування для контролю забруднення навколишнього природного середовища та прилади для очищення від забруднення,Харківська,Охорона атмосферного повітря і проблеми зміни клімату,Усього,Річна,2024,810800.0
Інвестиції в обладнання та устаткування для контролю забруднення навколишнього природного середовища та прилади для очищення від забруднення,Харківська,Охорона атмосферного повітря і проблеми зміни клімату,Усього,Річна,2025,3183500.0
Інвестиції в обладнання та устаткування для контролю забруднення навколишнього природного середовища та прилади для очищення від забруднення,Харківська,Очищення зворотних вод,Усього,Річна,2021,98800600.0
Інвестиції в обладнання та устаткування для контролю забруднення навколишнього природного середовища та прилади для очищення від забруднення,Харківська,Очищення зворотних вод,Усього,Річна,2024,251047000.0
Інвестиції в обладнання та устаткування для контролю забруднення навколишнього природного середовища та прилади для очищення від забруднення,Харківська,Очищення зворотних вод,Усього,Річна,2025,335641400.0
Інвестиції в обладнання та устаткування для контролю забруднення навколишнього природного середовища та прилади для очищення від забруднення,Херсонська,Очищення зворотних вод,Усього,Річна,2021,7312200.0
Інвестиції в обладнання та устаткування для контролю забруднення навколишнього природного середовища та прилади для очищення від забруднення,Херсонська,Очищення зворотних вод,Усього,Річна,2024,68653900.0
Інвестиції в обладнання та устаткування для контролю забруднення навколишнього природного середовища та прилади для очищення від забруднення,Херсонська,"Захист і реабілітацію ґрунту, підземних  і поверхневих вод",Усього,Річна,2021,828600.0
Інвестиції в обладнання та устаткування для контролю забруднення навколишнього природного середовища та прилади для очищення від забруднення,Херсонська,Охорона атмосферного повітря і проблеми зміни клімату,Усього,Річна,2021,465400.0
Інвестиції в обладнання та устаткування для контролю забруднення навколишнього природного середовища та прилади для очищення від забруднення,Херсонська,Поводження з відходами,Усього,Річна,2021,19820900.0
Інвестиції в обладнання та устаткування для контролю забруднення навколишнього природного середовища та прилади для очищення від забруднення,Херсонська,Поводження з відходами,Усього,Річна,2024,58300.0
Інвестиції в обладнання та устаткування для контролю забруднення навколишнього природного середовища та прилади для очищення від забруднення,Хмельницька,"Захист і реабілітацію ґрунту, підземних  і поверхневих вод",Усього,Річна,2024,7700000.0
Інвестиції в обладнання та устаткування для контролю забруднення навколишнього природного середовища та прилади для очищення від забруднення,Хмельницька,"Захист і реабілітацію ґрунту, підземних  і поверхневих вод",Усього,Річна,2025,329200.0
Інвестиції в обладнання та устаткування для контролю забруднення навколишнього природного середовища та прилади для очищення від забруднення,Хмельницька,Поводження з відходами,Усього,Річна,2021,6899000.0
Інвестиції в обладнання та устаткування для контролю забруднення навколишнього природного середовища та прилади для очищення від забруднення,Хмельницька,Поводження з відходами,Усього,Річна,2024,94656400.0
Інвестиції в обладнання та устаткування для контролю забруднення навколишнього природного середовища та прилади для очищення від забруднення,Хмельницька,Поводження з відходами,Усього,Річна,2025,50225700.0
Інвестиції в обладнання та устаткування для контролю забруднення навколишнього природного середовища та прилади для очищення від забруднення,Хмельницька,Очищення зворотних вод,Усього,Річна,2021,21294100.0
Інвестиції в обладнання та устаткування для контролю забруднення навколишнього природного середовища та прилади для очищення від забруднення,Хмельницька,Очищення зворотних вод,Усього,Річна,2024,35015900.0
Інвестиції в обладнання та устаткування для контролю забруднення навколишнього природного середовища та прилади для очищення від забруднення,Хмельницька,Очищення зворотних вод,Усього,Річна,2025,23734800.0
Інвестиції в обладнання та устаткування для контролю забруднення навколишнього природного середовища та прилади для очищення від забруднення,Хмельницька,Охорона атмосферного повітря і проблеми зміни клімату,Усього,Річна,2021,36307400.0
Інвестиції в обладнання та устаткування для контролю забруднення навколишнього природного середовища та прилади для очищення від забруднення,Хмельницька,Охорона атмосферного повітря і проблеми зміни клімату,Усього,Річна,2024,290200.0
Інвестиції в обладнання та устаткування для контролю забруднення навколишнього природного середовища та прилади для очищення від забруднення,Черкаська,Поводження з відходами,Усього,Річна,2021,3378600.0
Інвестиції в обладнання та устаткування для контролю забруднення навколишнього природного середовища та прилади для очищення від забруднення,Черкаська,Поводження з відходами,Усього,Річна,2024,23524300.0
Інвестиції в обладнання та устаткування для контролю забруднення навколишнього природного середовища та прилади для очищення від забруднення,Черкаська,Поводження з відходами,Усього,Річна,2025,8911100.0
Інвестиції в обладнання та устаткування для контролю забруднення навколишнього природного середовища та прилади для очищення від забруднення,Черкаська,Очищення зворотних вод,Усього,Річна,2021,6898400.0
Інвестиції в обладнання та устаткування для контролю забруднення навколишнього природного середовища та прилади для очищення від забруднення,Черкаська,Очищення зворотних вод,Усього,Річна,2024,20243900.0
Інвестиції в обладнання та устаткування для контролю забруднення навколишнього природного середовища та прилади для очищення від забруднення,Черкаська,Очищення зворотних вод,Усього,Річна,2025,13996500.0
Інвестиції в обладнання та устаткування для контролю забруднення навколишнього природного середовища та прилади для очищення від забруднення,Черкаська,Охорона атмосферного повітря і проблеми зміни клімату,Усього,Річна,2021,946900.0
Інвестиції в обладнання та устаткування для контролю забруднення навколишнього природного середовища та прилади для очищення від забруднення,Черкаська,Охорона атмосферного повітря і проблеми зміни клімату,Усього,Річна,2024,29500.0
Інвестиції в обладнання та устаткування для контролю забруднення навколишнього природного середовища та прилади для очищення від забруднення,Черкаська,Охорона атмосферного повітря і проблеми зміни клімату,Усього,Річна,2025,1000000.0
Інвестиції в обладнання та устаткування для контролю забруднення навколишнього природного середовища та прилади для очищення від забруднення,Чернівецька,Очищення зворотних вод,Усього,Річна,2021,4191500.0
Інвестиції в обладнання та устаткування для контролю забруднення навколишнього природного середовища та прилади для очищення від забруднення,Чернівецька,Очищення зворотних вод,Усього,Річна,2024,11454800.0
Інвестиції в обладнання та устаткування для контролю забруднення навколишнього природного середовища та прилади для очищення від забруднення,Чернівецька,Очищення зворотних вод,Усього,Річна,2025,10249900.0
Інвестиції в обладнання та устаткування для контролю забруднення навколишнього природного середовища та прилади для очищення від забруднення,Чернівецька,"Захист і реабілітацію ґрунту, підземних  і поверхневих вод",Усього,Річна,2024,674500.0
Інвестиції в обладнання та устаткування для контролю забруднення навколишнього природного середовища та прилади для очищення від забруднення,Чернівецька,Охорона атмосферного повітря і проблеми зміни клімату,Усього,Річна,2024,9100.0
Інвестиції в обладнання та устаткування для контролю забруднення навколишнього природного середовища та прилади для очищення від забруднення,Чернівецька,Охорона атмосферного повітря і проблеми зміни клімату,Усього,Річна,2025,86800.0
Інвестиції в обладнання та устаткування для контролю забруднення навколишнього природного середовища та прилади для очищення від забруднення,Чернівецька,Поводження з відходами,Усього,Річна,2021,2910900.0
Інвестиції в обладнання та устаткування для контролю забруднення навколишнього природного середовища та прилади для очищення від забруднення,Чернівецька,Поводження з відходами,Усього,Річна,2024,14636000.0
Інвестиції в обладнання та устаткування для контролю забруднення навколишнього природного середовища та прилади для очищення від забруднення,Чернівецька,Поводження з відходами,Усього,Річна,2025,19464400.0
Інвестиції в обладнання та устаткування для контролю забруднення навколишнього природного середовища та прилади для очищення від забруднення,Чернігівська,Поводження з відходами,Усього,Річна,2021,2191700.0
Інвестиції в обладнання та устаткування для контролю забруднення навколишнього природного середовища та прилади для очищення від забруднення,Чернігівська,Поводження з відходами,Усього,Річна,2024,16171100.0
Інвестиції в обладнання та устаткування для контролю забруднення навколишнього природного середовища та прилади для очищення від забруднення,Чернігівська,Поводження з відходами,Усього,Річна,2025,5632900.0
Інвестиції в обладнання та устаткування для контролю забруднення навколишнього природного середовища та прилади для очищення від забруднення,Чернігівська,Охорона атмосферного повітря і проблеми зміни клімату,Усього,Річна,2021,14200.0
Інвестиції в обладнання та устаткування для контролю забруднення навколишнього природного середовища та прилади для очищення від забруднення,Чернігівська,Охорона атмосферного повітря і проблеми зміни клімату,Усього,Річна,2025,737100.0
Інвестиції в обладнання та устаткування для контролю забруднення навколишнього природного середовища та прилади для очищення від забруднення,Чернігівська,Очищення зворотних вод,Усього,Річна,2021,20044000.0
Інвестиції в обладнання та устаткування для контролю забруднення навколишнього природного середовища та прилади для очищення від забруднення,Чернігівська,Очищення зворотних вод,Усього,Річна,2024,37089300.0
Інвестиції в обладнання та устаткування для контролю забруднення навколишнього природного середовища та прилади для очищення від забруднення,Чернігівська,Очищення зворотних вод,Усього,Річна,2025,30013600.0
Інвестиції в обладнання та устаткування для контролю забруднення навколишнього природного середовища та прилади для очищення від забруднення,Київ,"Захист і реабілітацію ґрунту, підземних  і поверхневих вод",Усього,Річна,2021,9581600.0
Інвестиції в обладнання та устаткування для контролю забруднення навколишнього природного середовища та прилади для очищення від забруднення,Київ,"Захист і реабілітацію ґрунту, підземних  і поверхневих вод",Усього,Річна,2024,533300.0
Інвестиції в обладнання та устаткування для контролю забруднення навколишнього природного середовища та прилади для очищення від забруднення,Київ,"Захист і реабілітацію ґрунту, підземних  і поверхневих вод",Усього,Річна,2025,29239800.0
Інвестиції в обладнання та устаткування для контролю забруднення навколишнього природного середовища та прилади для очищення від забруднення,Київ,Очищення зворотних вод,Усього,Річна,2021,376953000.0
Інвестиції в обладнання та устаткування для контролю забруднення навколишнього природного середовища та прилади для очищення від забруднення,Київ,Очищення зворотних вод,Усього,Річна,2024,85369700.0
Інвестиції в обладнання та устаткування для контролю забруднення навколишнього природного середовища та прилади для очищення від забруднення,Київ,Очищення зворотних вод,Усього,Річна,2025,86885400.0
Інвестиції в обладнання та устаткування для контролю забруднення навколишнього природного середовища та прилади для очищення від забруднення,Київ,Поводження з відходами,Усього,Річна,2021,144918100.0
Інвестиції в обладнання та устаткування для контролю забруднення навколишнього природного середовища та прилади для очищення від забруднення,Київ,Поводження з відходами,Усього,Річна,2024,90220900.0
Інвестиції в обладнання та устаткування для контролю забруднення навколишнього природного середовища та прилади для очищення від забруднення,Київ,Поводження з відходами,Усього,Річна,2025,174779100.0
Інвестиції в обладнання та устаткування для контролю забруднення навколишнього природного середовища та прилади для очищення від забруднення,Київ,Охорона атмосферного повітря і проблеми зміни клімату,Усього,Річна,2021,160456800.0
Інвестиції в обладнання та устаткування для контролю забруднення навколишнього природного середовища та прилади для очищення від забруднення,Київ,Охорона атмосферного повітря і проблеми зміни клімату,Усього,Річна,2024,1667600.0
Інвестиції в обладнання та устаткування для контролю забруднення навколишнього природного середовища та прилади для очищення від забруднення,Київ,Охорона атмосферного повітря і проблеми зміни клімату,Усього,Річна,2025,17018500.0
"Інвестиції в обладнання та устаткування, що пов'язані з екологічно більш чистими технологіями",Вінницька,"Захист і реабілітацію ґрунту, підземних  і поверхневих вод",Усього,Річна,2021,1507300.0
"Інвестиції в обладнання та устаткування, що пов'язані з екологічно більш чистими технологіями",Вінницька,Поводження з відходами,Усього,Річна,2021,23973800.0
"Інвестиції в обладнання та устаткування, що пов'язані з екологічно більш чистими технологіями",Вінницька,Поводження з відходами,Усього,Річна,2025,5500.0
"Інвестиції в обладнання та устаткування, що пов'язані з екологічно більш чистими технологіями",Вінницька,Очищення зворотних вод,Усього,Річна,2021,1040599.9999999999
"Інвестиції в обладнання та устаткування, що пов'язані з екологічно більш чистими технологіями",Вінницька,Очищення зворотних вод,Усього,Річна,2024,135075600.0
"Інвестиції в обладнання та устаткування, що пов'язані з екологічно більш чистими технологіями",Вінницька,Очищення зворотних вод,Усього,Річна,2025,266615700.0
"Інвестиції в обладнання та устаткування, що пов'язані з екологічно більш чистими технологіями",Вінницька,Охорона атмосферного повітря і проблеми зміни клімату,Усього,Річна,2021,976500.0
"Інвестиції в обладнання та устаткування, що пов'язані з екологічно більш чистими технологіями",Вінницька,Охорона атмосферного повітря і проблеми зміни клімату,Усього,Річна,2025,4099600.0000000005
"Інвестиції в обладнання та устаткування, що пов'язані з екологічно більш чистими технологіями",Волинська,Поводження з відходами,Усього,Річна,2024,1831700.0
"Інвестиції в обладнання та устаткування, що пов'язані з екологічно більш чистими технологіями",Волинська,Очищення зворотних вод,Усього,Річна,2024,400000.0
"Інвестиції в обладнання та устаткування, що пов'язані з екологічно більш чистими технологіями",Волинська,Очищення зворотних вод,Усього,Річна,2025,400000.0
"Інвестиції в обладнання та устаткування, що пов'язані з екологічно більш чистими технологіями",Волинська,Охорона атмосферного повітря і проблеми зміни клімату,Усього,Річна,2021,1442900.0
"Інвестиції в обладнання та устаткування, що пов'язані з екологічно більш чистими технологіями",Волинська,Охорона атмосферного повітря і проблеми зміни клімату,Усього,Річна,2024,189800.0
"Інвестиції в обладнання та устаткування, що пов'язані з екологічно більш чистими технологіями",Дніпропетровська,Очищення зворотних вод,Усього,Річна,2021,13908100.0
"Інвестиції в обладнання та устаткування, що пов'язані з екологічно більш чистими технологіями",Дніпропетровська,Очищення зворотних вод,Усього,Річна,2024,16654500.0
"Інвестиції в обладнання та устаткування, що пов'язані з екологічно більш чистими технологіями",Дніпропетровська,Очищення зворотних вод,Усього,Річна,2025,37880400.0
"Інвестиції в обладнання та устаткування, що пов'язані з екологічно більш чистими технологіями",Дніпропетровська,Охорона атмосферного повітря і проблеми зміни клімату,Усього,Річна,2021,581459400.0
"Інвестиції в обладнання та устаткування, що пов'язані з екологічно більш чистими технологіями",Дніпропетровська,Охорона атмосферного повітря і проблеми зміни клімату,Усього,Річна,2024,25873600.0
"Інвестиції в обладнання та устаткування, що пов'язані з екологічно більш чистими технологіями",Дніпропетровська,Охорона атмосферного повітря і проблеми зміни клімату,Усього,Річна,2025,73480200.0
"Інвестиції в обладнання та устаткування, що пов'язані з екологічно більш чистими технологіями",Дніпропетровська,Поводження з відходами,Усього,Річна,2021,1076944300.0
"Інвестиції в обладнання та устаткування, що пов'язані з екологічно більш чистими технологіями",Дніпропетровська,Поводження з відходами,Усього,Річна,2024,344663200.0
"Інвестиції в обладнання та устаткування, що пов'язані з екологічно більш чистими технологіями",Дніпропетровська,Поводження з відходами,Усього,Річна,2025,1368041700.0
"Інвестиції в обладнання та устаткування, що пов'язані з екологічно більш чистими технологіями",Дніпропетровська,"Захист і реабілітацію ґрунту, підземних  і поверхневих вод",Усього,Річна,2021,2216566200.0
"Інвестиції в обладнання та устаткування, що пов'язані з екологічно більш чистими технологіями",Дніпропетровська,"Захист і реабілітацію ґрунту, підземних  і поверхневих вод",Усього,Річна,2024,733701300.0
"Інвестиції в обладнання та устаткування, що пов'язані з екологічно більш чистими технологіями",Дніпропетровська,"Захист і реабілітацію ґрунту, підземних  і поверхневих вод",Усього,Річна,2025,168101400.0
"Інвестиції в обладнання та устаткування, що пов'язані з екологічно більш чистими технологіями",Донецька,Охорона атмосферного повітря і проблеми зміни клімату,Усього,Річна,2021,283767600.0
"Інвестиції в обладнання та устаткування, що пов'язані з екологічно більш чистими технологіями",Донецька,Очищення зворотних вод,Усього,Річна,2021,679300.0
"Інвестиції в обладнання та устаткування, що пов'язані з екологічно більш чистими технологіями",Донецька,"Захист і реабілітацію ґрунту, підземних  і поверхневих вод",Усього,Річна,2021,2710400.0
"Інвестиції в обладнання та устаткування, що пов'язані з екологічно більш чистими технологіями",Житомирська,"Захист і реабілітацію ґрунту, підземних  і поверхневих вод",Усього,Річна,2024,3067400.0
"Інвестиції в обладнання та устаткування, що пов'язані з екологічно більш чистими технологіями",Житомирська,Очищення зворотних вод,Усього,Річна,2021,632000.0
"Інвестиції в обладнання та устаткування, що пов'язані з екологічно більш чистими технологіями",Житомирська,Охорона атмосферного повітря і проблеми зміни клімату,Усього,Річна,2024,324200.0
"Інвестиції в обладнання та устаткування, що пов'язані з екологічно більш чистими технологіями",Закарпатська,"Захист і реабілітацію ґрунту, підземних  і поверхневих вод",Усього,Річна,2021,152700.0
"Інвестиції в обладнання та устаткування, що пов'язані з екологічно більш чистими технологіями",Закарпатська,"Захист і реабілітацію ґрунту, підземних  і поверхневих вод",Усього,Річна,2024,717100.0
"Інвестиції в обладнання та устаткування, що пов'язані з екологічно більш чистими технологіями",Закарпатська,"Захист і реабілітацію ґрунту, підземних  і поверхневих вод",Усього,Річна,2025,314700.0
"Інвестиції в обладнання та устаткування, що пов'язані з екологічно більш чистими технологіями",Закарпатська,Очищення зворотних вод,Усього,Річна,2024,19000.0
"Інвестиції в обладнання та устаткування, що пов'язані з екологічно більш чистими технологіями",Закарпатська,Охорона атмосферного повітря і проблеми зміни клімату,Усього,Річна,2021,282700.0
"Інвестиції в обладнання та устаткування, що пов'язані з екологічно більш чистими технологіями",Закарпатська,Охорона атмосферного повітря і проблеми зміни клімату,Усього,Річна,2024,3404200.0
"Інвестиції в обладнання та устаткування, що пов'язані з екологічно більш чистими технологіями",Закарпатська,Охорона атмосферного повітря і проблеми зміни клімату,Усього,Річна,2025,687800.0
"Інвестиції в обладнання та устаткування, що пов'язані з екологічно більш чистими технологіями",Запорізька,Очищення зворотних вод,Усього,Річна,2021,10939900.0
"Інвестиції в обладнання та устаткування, що пов'язані з екологічно більш чистими технологіями",Запорізька,Очищення зворотних вод,Усього,Річна,2024,13565500.0
"Інвестиції в обладнання та устаткування, що пов'язані з екологічно більш чистими технологіями",Запорізька,Очищення зворотних вод,Усього,Річна,2025,7540600.0
"Інвестиції в обладнання та устаткування, що пов'язані з екологічно більш чистими технологіями",Запорізька,Охорона атмосферного повітря і проблеми зміни клімату,Усього,Річна,2021,243986500.0
"Інвестиції в обладнання та устаткування, що пов'язані з екологічно більш чистими технологіями",Запорізька,Охорона атмосферного повітря і проблеми зміни клімату,Усього,Річна,2024,140078100.0
"Інвестиції в обладнання та устаткування, що пов'язані з екологічно більш чистими технологіями",Запорізька,Охорона атмосферного повітря і проблеми зміни клімату,Усього,Річна,2025,58912000.0
"Інвестиції в обладнання та устаткування, що пов'язані з екологічно більш чистими технологіями",Запорізька,"Захист і реабілітацію ґрунту, підземних  і поверхневих вод",Усього,Річна,2021,43220200.0
"Інвестиції в обладнання та устаткування, що пов'язані з екологічно більш чистими технологіями",Запорізька,"Захист і реабілітацію ґрунту, підземних  і поверхневих вод",Усього,Річна,2024,17466600.0
"Інвестиції в обладнання та устаткування, що пов'язані з екологічно більш чистими технологіями",Запорізька,"Захист і реабілітацію ґрунту, підземних  і поверхневих вод",Усього,Річна,2025,36969100.0
"Інвестиції в обладнання та устаткування, що пов'язані з екологічно більш чистими технологіями",Запорізька,Поводження з відходами,Усього,Річна,2021,15658300.0
"Інвестиції в обладнання та устаткування, що пов'язані з екологічно більш чистими технологіями",Івано-Франківська,Очищення зворотних вод,Усього,Річна,2021,1094800.0
"Інвестиції в обладнання та устаткування, що пов'язані з екологічно більш чистими технологіями",Івано-Франківська,Очищення зворотних вод,Усього,Річна,2024,287000.0
"Інвестиції в обладнання та устаткування, що пов'язані з екологічно більш чистими технологіями",Івано-Франківська,"Захист і реабілітацію ґрунту, підземних  і поверхневих вод",Усього,Річна,2021,13631400.0
"Інвестиції в обладнання та устаткування, що пов'язані з екологічно більш чистими технологіями",Івано-Франківська,"Захист і реабілітацію ґрунту, підземних  і поверхневих вод",Усього,Річна,2024,4371100.0
"Інвестиції в обладнання та устаткування, що пов'язані з екологічно більш чистими технологіями",Івано-Франківська,"Захист і реабілітацію ґрунту, підземних  і поверхневих вод",Усього,Річна,2025,16468599.999999998
"Інвестиції в обладнання та устаткування, що пов'язані з екологічно більш чистими технологіями",Івано-Франківська,Охорона атмосферного повітря і проблеми зміни клімату,Усього,Річна,2021,812900.0
"Інвестиції в обладнання та устаткування, що пов'язані з екологічно більш чистими технологіями",Івано-Франківська,Охорона атмосферного повітря і проблеми зміни клімату,Усього,Річна,2024,86200.0
"Інвестиції в обладнання та устаткування, що пов'язані з екологічно більш чистими технологіями",Івано-Франківська,Поводження з відходами,Усього,Річна,2024,1189700.0
"Інвестиції в обладнання та устаткування, що пов'язані з екологічно більш чистими технологіями",Київська,Очищення зворотних вод,Усього,Річна,2024,24427600.0
"Інвестиції в обладнання та устаткування, що пов'язані з екологічно більш чистими технологіями",Київська,Очищення зворотних вод,Усього,Річна,2025,4961400.0
"Інвестиції в обладнання та устаткування, що пов'язані з екологічно більш чистими технологіями",Київська,Охорона атмосферного повітря і проблеми зміни клімату,Усього,Річна,2021,18141300.0
"Інвестиції в обладнання та устаткування, що пов'язані з екологічно більш чистими технологіями",Київська,Охорона атмосферного повітря і проблеми зміни клімату,Усього,Річна,2024,7778600.0
"Інвестиції в обладнання та устаткування, що пов'язані з екологічно більш чистими технологіями",Київська,Охорона атмосферного повітря і проблеми зміни клімату,Усього,Річна,2025,40197600.0
"Інвестиції в обладнання та устаткування, що пов'язані з екологічно більш чистими технологіями",Київська,"Захист і реабілітацію ґрунту, підземних  і поверхневих вод",Усього,Річна,2024,4808400.0
"Інвестиції в обладнання та устаткування, що пов'язані з екологічно більш чистими технологіями",Київська,"Захист і реабілітацію ґрунту, підземних  і поверхневих вод",Усього,Річна,2025,5378000.0
"Інвестиції в обладнання та устаткування, що пов'язані з екологічно більш чистими технологіями",Київська,Поводження з відходами,Усього,Річна,2025,7100.0
"Інвестиції в обладнання та устаткування, що пов'язані з екологічно більш чистими технологіями",Кіровоградська,"Захист і реабілітацію ґрунту, підземних  і поверхневих вод",Усього,Річна,2021,2731700.0
"Інвестиції в обладнання та устаткування, що пов'язані з екологічно більш чистими технологіями",Кіровоградська,"Захист і реабілітацію ґрунту, підземних  і поверхневих вод",Усього,Річна,2024,5700100.0
"Інвестиції в обладнання та устаткування, що пов'язані з екологічно більш чистими технологіями",Луганська,Очищення зворотних вод,Усього,Річна,2021,92500.0
"Інвестиції в обладнання та устаткування, що пов'язані з екологічно більш чистими технологіями",Луганська,Охорона атмосферного повітря і проблеми зміни клімату,Усього,Річна,2021,1176000.0
"Інвестиції в обладнання та устаткування, що пов'язані з екологічно більш чистими технологіями",Львівська,Поводження з відходами,Усього,Річна,2021,8303799.999999999
"Інвестиції в обладнання та устаткування, що пов'язані з екологічно більш чистими технологіями",Львівська,Поводження з відходами,Усього,Річна,2024,13000.0
"Інвестиції в обладнання та устаткування, що пов'язані з екологічно більш чистими технологіями",Львівська,Поводження з відходами,Усього,Річна,2025,185000.0
"Інвестиції в обладнання та устаткування, що пов'язані з екологічно більш чистими технологіями",Львівська,"Захист і реабілітацію ґрунту, підземних  і поверхневих вод",Усього,Річна,2021,8363799.999999999
"Інвестиції в обладнання та устаткування, що пов'язані з екологічно більш чистими технологіями",Львівська,"Захист і реабілітацію ґрунту, підземних  і поверхневих вод",Усього,Річна,2024,8041500.0
"Інвестиції в обладнання та устаткування, що пов'язані з екологічно більш чистими технологіями",Львівська,"Захист і реабілітацію ґрунту, підземних  і поверхневих вод",Усього,Річна,2025,3882800.0
"Інвестиції в обладнання та устаткування, що пов'язані з екологічно більш чистими технологіями",Львівська,Очищення зворотних вод,Усього,Річна,2021,5132500.0
"Інвестиції в обладнання та устаткування, що пов'язані з екологічно більш чистими технологіями",Львівська,Очищення зворотних вод,Усього,Річна,2024,1293700.0
"Інвестиції в обладнання та устаткування, що пов'язані з екологічно більш чистими технологіями",Львівська,Очищення зворотних вод,Усього,Річна,2025,1371500.0
"Інвестиції в обладнання та устаткування, що пов'язані з екологічно більш чистими технологіями",Львівська,Охорона атмосферного повітря і проблеми зміни клімату,Усього,Річна,2021,16473200.0
"Інвестиції в обладнання та устаткування, що пов'язані з екологічно більш чистими технологіями",Львівська,Охорона атмосферного повітря і проблеми зміни клімату,Усього,Річна,2024,2393900.0
"Інвестиції в обладнання та устаткування, що пов'язані з екологічно більш чистими технологіями",Львівська,Охорона атмосферного повітря і проблеми зміни клімату,Усього,Річна,2025,8260400.0
"Інвестиції в обладнання та устаткування, що пов'язані з екологічно більш чистими технологіями",Миколаївська,Очищення зворотних вод,Усього,Річна,2024,985000.0
"Інвестиції в обладнання та устаткування, що пов'язані з екологічно більш чистими технологіями",Миколаївська,Охорона атмосферного повітря і проблеми зміни клімату,Усього,Річна,2021,170998800.0
"Інвестиції в обладнання та устаткування, що пов'язані з екологічно більш чистими технологіями",Одеська,Охорона атмосферного повітря і проблеми зміни клімату,Усього,Річна,2021,1325900.0
"Інвестиції в обладнання та устаткування, що пов'язані з екологічно більш чистими технологіями",Одеська,Охорона атмосферного повітря і проблеми зміни клімату,Усього,Річна,2024,5097700.0
"Інвестиції в обладнання та устаткування, що пов'язані з екологічно більш чистими технологіями",Одеська,Охорона атмосферного повітря і проблеми зміни клімату,Усього,Річна,2025,1056700.0
"Інвестиції в обладнання та устаткування, що пов'язані з екологічно більш чистими технологіями",Одеська,"Захист і реабілітацію ґрунту, підземних  і поверхневих вод",Усього,Річна,2021,18176700.0
"Інвестиції в обладнання та устаткування, що пов'язані з екологічно більш чистими технологіями",Одеська,"Захист і реабілітацію ґрунту, підземних  і поверхневих вод",Усього,Річна,2025,3641600.0
"Інвестиції в обладнання та устаткування, що пов'язані з екологічно більш чистими технологіями",Одеська,Очищення зворотних вод,Усього,Річна,2021,113100.0
"Інвестиції в обладнання та устаткування, що пов'язані з екологічно більш чистими технологіями",Одеська,Очищення зворотних вод,Усього,Річна,2024,8606200.0
"Інвестиції в обладнання та устаткування, що пов'язані з екологічно більш чистими технологіями",Одеська,Поводження з відходами,Усього,Річна,2021,287300.0
"Інвестиції в обладнання та устаткування, що пов'язані з екологічно більш чистими технологіями",Одеська,Поводження з відходами,Усього,Річна,2024,2769400.0
"Інвестиції в обладнання та устаткування, що пов'язані з екологічно більш чистими технологіями",Одеська,Поводження з відходами,Усього,Річна,2025,5857700.0
"Інвестиції в обладнання та устаткування, що пов'язані з екологічно більш чистими технологіями",Полтавська,"Захист і реабілітацію ґрунту, підземних  і поверхневих вод",Усього,Річна,2021,240500.0
"Інвестиції в обладнання та устаткування, що пов'язані з екологічно більш чистими технологіями",Полтавська,Охорона атмосферного повітря і проблеми зміни клімату,Усього,Річна,2021,3997000.0
"Інвестиції в обладнання та устаткування, що пов'язані з екологічно більш чистими технологіями",Полтавська,Охорона атмосферного повітря і проблеми зміни клімату,Усього,Річна,2024,4839800.0
"Інвестиції в обладнання та устаткування, що пов'язані з екологічно більш чистими технологіями",Полтавська,Охорона атмосферного повітря і проблеми зміни клімату,Усього,Річна,2025,4526100.0
"Інвестиції в обладнання та устаткування, що пов'язані з екологічно більш чистими технологіями",Полтавська,Очищення зворотних вод,Усього,Річна,2021,635000.0
"Інвестиції в обладнання та устаткування, що пов'язані з екологічно більш чистими технологіями",Полтавська,Очищення зворотних вод,Усього,Річна,2024,12495000.0
"Інвестиції в обладнання та устаткування, що пов'язані з екологічно більш чистими технологіями",Полтавська,Очищення зворотних вод,Усього,Річна,2025,14929100.0
"Інвестиції в обладнання та устаткування, що пов'язані з екологічно більш чистими технологіями",Полтавська,Поводження з відходами,Усього,Річна,2021,125499000.0
"Інвестиції в обладнання та устаткування, що пов'язані з екологічно більш чистими технологіями",Полтавська,Поводження з відходами,Усього,Річна,2024,62034000.0
"Інвестиції в обладнання та устаткування, що пов'язані з екологічно більш чистими технологіями",Полтавська,Поводження з відходами,Усього,Річна,2025,39314000.0
"Інвестиції в обладнання та устаткування, що пов'язані з екологічно більш чистими технологіями",Рівненська,"Захист і реабілітацію ґрунту, підземних  і поверхневих вод",Усього,Річна,2021,336600.0
"Інвестиції в обладнання та устаткування, що пов'язані з екологічно більш чистими технологіями",Рівненська,"Захист і реабілітацію ґрунту, підземних  і поверхневих вод",Усього,Річна,2024,154500.0
"Інвестиції в обладнання та устаткування, що пов'язані з екологічно більш чистими технологіями",Рівненська,"Захист і реабілітацію ґрунту, підземних  і поверхневих вод",Усього,Річна,2025,231000.0
"Інвестиції в обладнання та устаткування, що пов'язані з екологічно більш чистими технологіями",Рівненська,Очищення зворотних вод,Усього,Річна,2021,14655800.0
"Інвестиції в обладнання та устаткування, що пов'язані з екологічно більш чистими технологіями",Рівненська,Очищення зворотних вод,Усього,Річна,2024,7898100.0
"Інвестиції в обладнання та устаткування, що пов'язані з екологічно більш чистими технологіями",Рівненська,Очищення зворотних вод,Усього,Річна,2025,15146900.0
"Інвестиції в обладнання та устаткування, що пов'язані з екологічно більш чистими технологіями",Рівненська,Охорона атмосферного повітря і проблеми зміни клімату,Усього,Річна,2021,288100.0
"Інвестиції в обладнання та устаткування, що пов'язані з екологічно більш чистими технологіями",Рівненська,Охорона атмосферного повітря і проблеми зміни клімату,Усього,Річна,2024,4533200.0
"Інвестиції в обладнання та устаткування, що пов'язані з екологічно більш чистими технологіями",Рівненська,Охорона атмосферного повітря і проблеми зміни клімату,Усього,Річна,2025,2614800.0
"Інвестиції в обладнання та устаткування, що пов'язані з екологічно більш чистими технологіями",Сумська,"Захист і реабілітацію ґрунту, підземних  і поверхневих вод",Усього,Річна,2021,3968000.0
"Інвестиції в обладнання та устаткування, що пов'язані з екологічно більш чистими технологіями",Сумська,"Захист і реабілітацію ґрунту, підземних  і поверхневих вод",Усього,Річна,2024,2795000.0
"Інвестиції в обладнання та устаткування, що пов'язані з екологічно більш чистими технологіями",Сумська,Охорона атмосферного повітря і проблеми зміни клімату,Усього,Річна,2021,8091000.0
"Інвестиції в обладнання та устаткування, що пов'язані з екологічно більш чистими технологіями",Сумська,Охорона атмосферного повітря і проблеми зміни клімату,Усього,Річна,2024,1281000.0
"Інвестиції в обладнання та устаткування, що пов'язані з екологічно більш чистими технологіями",Тернопільська,Поводження з відходами,Усього,Річна,2024,32100.0
"Інвестиції в обладнання та устаткування, що пов'язані з екологічно більш чистими технологіями",Тернопільська,Поводження з відходами,Усього,Річна,2025,34200.0
"Інвестиції в обладнання та устаткування, що пов'язані з екологічно більш чистими технологіями",Тернопільська,Очищення зворотних вод,Усього,Річна,2021,5271800.0
"Інвестиції в обладнання та устаткування, що пов'язані з екологічно більш чистими технологіями",Харківська,Поводження з відходами,Усього,Річна,2021,12143500.0
"Інвестиції в обладнання та устаткування, що пов'язані з екологічно більш чистими технологіями",Харківська,Поводження з відходами,Усього,Річна,2024,5600.0
"Інвестиції в обладнання та устаткування, що пов'язані з екологічно більш чистими технологіями",Харківська,Очищення зворотних вод,Усього,Річна,2021,24000.0
"Інвестиції в обладнання та устаткування, що пов'язані з екологічно більш чистими технологіями",Харківська,Очищення зворотних вод,Усього,Річна,2024,65099.99999999999
"Інвестиції в обладнання та устаткування, що пов'язані з екологічно більш чистими технологіями",Харківська,Охорона атмосферного повітря і проблеми зміни клімату,Усього,Річна,2021,987265900.0
"Інвестиції в обладнання та устаткування, що пов'язані з екологічно більш чистими технологіями",Харківська,Охорона атмосферного повітря і проблеми зміни клімату,Усього,Річна,2024,43592300.0
"Інвестиції в обладнання та устаткування, що пов'язані з екологічно більш чистими технологіями",Харківська,Охорона атмосферного повітря і проблеми зміни клімату,Усього,Річна,2025,21483200.0
"Інвестиції в обладнання та устаткування, що пов'язані з екологічно більш чистими технологіями",Херсонська,"Захист і реабілітацію ґрунту, підземних  і поверхневих вод",Усього,Річна,2021,49900.0
"Інвестиції в обладнання та устаткування, що пов'язані з екологічно більш чистими технологіями",Херсонська,Охорона атмосферного повітря і проблеми зміни клімату,Усього,Річна,2021,199000.0
"Інвестиції в обладнання та устаткування, що пов'язані з екологічно більш чистими технологіями",Херсонська,Охорона атмосферного повітря і проблеми зміни клімату,Усього,Річна,2024,86800.0
"Інвестиції в обладнання та устаткування, що пов'язані з екологічно більш чистими технологіями",Хмельницька,"Захист і реабілітацію ґрунту, підземних  і поверхневих вод",Усього,Річна,2025,1200.0
"Інвестиції в обладнання та устаткування, що пов'язані з екологічно більш чистими технологіями",Хмельницька,Очищення зворотних вод,Усього,Річна,2021,2489000.0
"Інвестиції в обладнання та устаткування, що пов'язані з екологічно більш чистими технологіями",Хмельницька,Очищення зворотних вод,Усього,Річна,2025,1512300.0
"Інвестиції в обладнання та устаткування, що пов'язані з екологічно більш чистими технологіями",Хмельницька,Охорона атмосферного повітря і проблеми зміни клімату,Усього,Річна,2021,299200.0
"Інвестиції в обладнання та устаткування, що пов'язані з екологічно більш чистими технологіями",Хмельницька,Охорона атмосферного повітря і проблеми зміни клімату,Усього,Річна,2024,4081300.0
"Інвестиції в обладнання та устаткування, що пов'язані з екологічно більш чистими технологіями",Хмельницька,Охорона атмосферного повітря і проблеми зміни клімату,Усього,Річна,2025,2333600.0
"Інвестиції в обладнання та устаткування, що пов'язані з екологічно більш чистими технологіями",Черкаська,Охорона атмосферного повітря і проблеми зміни клімату,Усього,Річна,2024,7155000.0
"Інвестиції в обладнання та устаткування, що пов'язані з екологічно більш чистими технологіями",Черкаська,Охорона атмосферного повітря і проблеми зміни клімату,Усього,Річна,2025,3243000.0
"Інвестиції в обладнання та устаткування, що пов'язані з екологічно більш чистими технологіями",Черкаська,Поводження з відходами,Усього,Річна,2024,513000.0
"Інвестиції в обладнання та устаткування, що пов'язані з екологічно більш чистими технологіями",Черкаська,Поводження з відходами,Усього,Річна,2025,1000000.0
"Інвестиції в обладнання та устаткування, що пов'язані з екологічно більш чистими технологіями",Черкаська,Очищення зворотних вод,Усього,Річна,2021,2441100.0
"Інвестиції в обладнання та устаткування, що пов'язані з екологічно більш чистими технологіями",Черкаська,Очищення зворотних вод,Усього,Річна,2024,26663800.0
"Інвестиції в обладнання та устаткування, що пов'язані з екологічно більш чистими технологіями",Чернівецька,Очищення зворотних вод,Усього,Річна,2024,515000.0
"Інвестиції в обладнання та устаткування, що пов'язані з екологічно більш чистими технологіями",Чернівецька,Очищення зворотних вод,Усього,Річна,2025,688500.0
"Інвестиції в обладнання та устаткування, що пов'язані з екологічно більш чистими технологіями",Чернівецька,"Захист і реабілітацію ґрунту, підземних  і поверхневих вод",Усього,Річна,2021,25735200.0
"Інвестиції в обладнання та устаткування, що пов'язані з екологічно більш чистими технологіями",Чернівецька,"Захист і реабілітацію ґрунту, підземних  і поверхневих вод",Усього,Річна,2024,12114400.0
"Інвестиції в обладнання та устаткування, що пов'язані з екологічно більш чистими технологіями",Чернівецька,"Захист і реабілітацію ґрунту, підземних  і поверхневих вод",Усього,Річна,2025,25017200.0
"Інвестиції в обладнання та устаткування, що пов'язані з екологічно більш чистими технологіями",Чернівецька,Охорона атмосферного повітря і проблеми зміни клімату,Усього,Річна,2021,50400.0
"Інвестиції в обладнання та устаткування, що пов'язані з екологічно більш чистими технологіями",Чернівецька,Охорона атмосферного повітря і проблеми зміни клімату,Усього,Річна,2024,868400.0
"Інвестиції в обладнання та устаткування, що пов'язані з екологічно більш чистими технологіями",Чернівецька,Охорона атмосферного повітря і проблеми зміни клімату,Усього,Річна,2025,2853400.0
"Інвестиції в обладнання та устаткування, що пов'язані з екологічно більш чистими технологіями",Чернівецька,Поводження з відходами,Усього,Річна,2021,17900.0
"Інвестиції в обладнання та устаткування, що пов'язані з екологічно більш чистими технологіями",Чернігівська,Охорона атмосферного повітря і проблеми зміни клімату,Усього,Річна,2021,48600.0
"Інвестиції в обладнання та устаткування, що пов'язані з екологічно більш чистими технологіями",Чернігівська,Охорона атмосферного повітря і проблеми зміни клімату,Усього,Річна,2024,39600.0
"Інвестиції в обладнання та устаткування, що пов'язані з екологічно більш чистими технологіями",Чернігівська,Охорона атмосферного повітря і проблеми зміни клімату,Усього,Річна,2025,53562800.0
"Інвестиції в обладнання та устаткування, що пов'язані з екологічно більш чистими технологіями",Чернігівська,"Захист і реабілітацію ґрунту, підземних  і поверхневих вод",Усього,Річна,2021,11196500.0
"Інвестиції в обладнання та устаткування, що пов'язані з екологічно більш чистими технологіями",Чернігівська,"Захист і реабілітацію ґрунту, підземних  і поверхневих вод",Усього,Річна,2024,455000.0
"Інвестиції в обладнання та устаткування, що пов'язані з екологічно більш чистими технологіями",Чернігівська,"Захист і реабілітацію ґрунту, підземних  і поверхневих вод",Усього,Річна,2025,2338500.0
"Інвестиції в обладнання та устаткування, що пов'язані з екологічно більш чистими технологіями",Київ,"Захист і реабілітацію ґрунту, підземних  і поверхневих вод",Усього,Річна,2021,45971000.0
"Інвестиції в обладнання та устаткування, що пов'язані з екологічно більш чистими технологіями",Київ,"Захист і реабілітацію ґрунту, підземних  і поверхневих вод",Усього,Річна,2024,88625400.0
"Інвестиції в обладнання та устаткування, що пов'язані з екологічно більш чистими технологіями",Київ,"Захист і реабілітацію ґрунту, підземних  і поверхневих вод",Усього,Річна,2025,91248800.0
"Інвестиції в обладнання та устаткування, що пов'язані з екологічно більш чистими технологіями",Київ,Очищення зворотних вод,Усього,Річна,2021,46459900.0
"Інвестиції в обладнання та устаткування, що пов'язані з екологічно більш чистими технологіями",Київ,Очищення зворотних вод,Усього,Річна,2024,227918400.0
"Інвестиції в обладнання та устаткування, що пов'язані з екологічно більш чистими технологіями",Київ,Очищення зворотних вод,Усього,Річна,2025,298541500.0
"Інвестиції в обладнання та устаткування, що пов'язані з екологічно більш чистими технологіями",Київ,Поводження з відходами,Усього,Річна,2021,2431000.0
"Інвестиції в обладнання та устаткування, що пов'язані з екологічно більш чистими технологіями",Київ,Поводження з відходами,Усього,Річна,2024,1557600.0
"Інвестиції в обладнання та устаткування, що пов'язані з екологічно більш чистими технологіями",Київ,Охорона атмосферного повітря і проблеми зміни клімату,Усього,Річна,2021,199537800.0
"Інвестиції в обладнання та устаткування, що пов'язані з екологічно більш чистими технологіями",Київ,Охорона атмосферного повітря і проблеми зміни клімату,Усього,Річна,2024,274282600.0
"Інвестиції в обладнання та устаткування, що пов'язані з екологічно більш чистими технологіями",Київ,Охорона атмосферного повітря і проблеми зміни клімату,Усього,Річна,2025,239045300.0
Інвестиції у капітальний ремонт основних засобів природоохоронного призначення,Вінницька,Охорона атмосферного повітря і проблеми зміни клімату,Усього,Річна,2021,19500.0
Інвестиції у капітальний ремонт основних засобів природоохоронного призначення,Вінницька,Охорона атмосферного повітря і проблеми зміни клімату,Усього,Річна,2022,0.0
Інвестиції у капітальний ремонт основних засобів природоохоронного призначення,Вінницька,Охорона атмосферного повітря і проблеми зміни клімату,Усього,Річна,2023,0.0
Інвестиції у капітальний ремонт основних засобів природоохоронного призначення,Вінницька,Охорона атмосферного повітря і проблеми зміни клімату,Усього,Річна,2024,0.0
Інвестиції у капітальний ремонт основних засобів природоохоронного призначення,Вінницька,Зниження шумового та вібраційного впливу,Усього,Річна,2022,0.0
Інвестиції у капітальний ремонт основних засобів природоохоронного призначення,Вінницька,Зниження шумового та вібраційного впливу,Усього,Річна,2023,0.0
Інвестиції у капітальний ремонт основних засобів природоохоронного призначення,Вінницька,Зниження шумового та вібраційного впливу,Усього,Річна,2024,0.0
Інвестиції у капітальний ремонт основних засобів природоохоронного призначення,Вінницька,Поводження з відходами,Усього,Річна,2022,0.0
Інвестиції у капітальний ремонт основних засобів природоохоронного призначення,Вінницька,Поводження з відходами,Усього,Річна,2023,0.0
Інвестиції у капітальний ремонт основних засобів природоохоронного призначення,Вінницька,"Захист і реабілітацію ґрунту, підземних  і поверхневих вод",Усього,Річна,2022,0.0
Інвестиції у капітальний ремонт основних засобів природоохоронного призначення,Вінницька,"Захист і реабілітацію ґрунту, підземних  і поверхневих вод",Усього,Річна,2024,0.0
Інвестиції у капітальний ремонт основних засобів природоохоронного призначення,Вінницька,Очищення зворотних вод,Усього,Річна,2022,0.0
Інвестиції у капітальний ремонт основних засобів природоохоронного призначення,Вінницька,Очищення зворотних вод,Усього,Річна,2023,0.0
Інвестиції у капітальний ремонт основних засобів природоохоронного призначення,Вінницька,Очищення зворотних вод,Усього,Річна,2024,0.0
Інвестиції у капітальний ремонт основних засобів природоохоронного призначення,Волинська,"Захист і реабілітацію ґрунту, підземних  і поверхневих вод",Усього,Річна,2022,0.0
Інвестиції у капітальний ремонт основних засобів природоохоронного призначення,Волинська,"Захист і реабілітацію ґрунту, підземних  і поверхневих вод",Усього,Річна,2023,0.0
Інвестиції у капітальний ремонт основних засобів природоохоронного призначення,Волинська,"Захист і реабілітацію ґрунту, підземних  і поверхневих вод",Усього,Річна,2024,0.0
Інвестиції у капітальний ремонт основних засобів природоохоронного призначення,Волинська,Очищення зворотних вод,Усього,Річна,2021,753500.0
Інвестиції у капітальний ремонт основних засобів природоохоронного призначення,Волинська,Очищення зворотних вод,Усього,Річна,2022,426800.0
Інвестиції у капітальний ремонт основних засобів природоохоронного призначення,Волинська,Очищення зворотних вод,Усього,Річна,2023,287100.0
Інвестиції у капітальний ремонт основних засобів природоохоронного призначення,Волинська,Очищення зворотних вод,Усього,Річна,2024,0.0
Інвестиції у капітальний ремонт основних засобів природоохоронного призначення,Волинська,Збереження біорізноманіття та середовища існування,Усього,Річна,2021,79000.0
Інвестиції у капітальний ремонт основних засобів природоохоронного призначення,Волинська,Збереження біорізноманіття та середовища існування,Усього,Річна,2022,0.0
Інвестиції у капітальний ремонт основних засобів природоохоронного призначення,Волинська,Збереження біорізноманіття та середовища існування,Усього,Річна,2023,0.0
Інвестиції у капітальний ремонт основних засобів природоохоронного призначення,Волинська,Збереження біорізноманіття та середовища існування,Усього,Річна,2024,0.0
Інвестиції у капітальний ремонт основних засобів природоохоронного призначення,Волинська,Поводження з відходами,Усього,Річна,2022,0.0
Інвестиції у капітальний ремонт основних засобів природоохоронного призначення,Волинська,Поводження з відходами,Усього,Річна,2023,0.0
Інвестиції у капітальний ремонт основних засобів природоохоронного призначення,Волинська,Поводження з відходами,Усього,Річна,2024,77000.0
Інвестиції у капітальний ремонт основних засобів природоохоронного призначення,Волинська,Зниження шумового та вібраційного впливу,Усього,Річна,2022,0.0
Інвестиції у капітальний ремонт основних засобів природоохоронного призначення,Волинська,Зниження шумового та вібраційного впливу,Усього,Річна,2023,0.0
Інвестиції у капітальний ремонт основних засобів природоохоронного призначення,Волинська,Зниження шумового та вібраційного впливу,Усього,Річна,2024,2290600.0
Інвестиції у капітальний ремонт основних засобів природоохоронного призначення,Волинська,Охорона атмосферного повітря і проблеми зміни клімату,Усього,Річна,2022,0.0
Інвестиції у капітальний ремонт основних засобів природоохоронного призначення,Волинська,Охорона атмосферного повітря і проблеми зміни клімату,Усього,Річна,2023,0.0
Інвестиції у капітальний ремонт основних засобів природоохоронного призначення,Волинська,Охорона атмосферного повітря і проблеми зміни клімату,Усього,Річна,2024,0.0
Інвестиції у капітальний ремонт основних засобів природоохоронного призначення,Волинська,Інші напрями природоохоронної діяльності,Усього,Річна,2022,0.0
Інвестиції у капітальний ремонт основних засобів природоохоронного призначення,Дніпропетровська,Інші напрями природоохоронної діяльності,Усього,Річна,2022,0.0
Інвестиції у капітальний ремонт основних засобів природоохоронного призначення,Дніпропетровська,Інші напрями природоохоронної діяльності,Усього,Річна,2023,0.0
Інвестиції у капітальний ремонт основних засобів природоохоронного призначення,Дніпропетровська,Інші напрями природоохоронної діяльності,Усього,Річна,2024,0.0
Інвестиції у капітальний ремонт основних засобів природоохоронного призначення,Дніпропетровська,Науково-дослідні роботи природоохоронного спрямування,Усього,Річна,2022,0.0
Інвестиції у капітальний ремонт основних засобів природоохоронного призначення,Дніпропетровська,Науково-дослідні роботи природоохоронного спрямування,Усього,Річна,2023,0.0
Інвестиції у капітальний ремонт основних засобів природоохоронного призначення,Дніпропетровська,Науково-дослідні роботи природоохоронного спрямування,Усього,Річна,2024,0.0
Інвестиції у капітальний ремонт основних засобів природоохоронного призначення,Дніпропетровська,Зниження шумового та вібраційного впливу,Усього,Річна,2022,0.0
Інвестиції у капітальний ремонт основних засобів природоохоронного призначення,Дніпропетровська,Зниження шумового та вібраційного впливу,Усього,Річна,2023,0.0
Інвестиції у капітальний ремонт основних засобів природоохоронного призначення,Дніпропетровська,Зниження шумового та вібраційного впливу,Усього,Річна,2024,0.0
Інвестиції у капітальний ремонт основних засобів природоохоронного призначення,Дніпропетровська,Поводження з відходами,Усього,Річна,2021,16096100.0
Інвестиції у капітальний ремонт основних засобів природоохоронного призначення,Дніпропетровська,Поводження з відходами,Усього,Річна,2022,0.0
Інвестиції у капітальний ремонт основних засобів природоохоронного призначення,Дніпропетровська,Поводження з відходами,Усього,Річна,2023,0.0
Інвестиції у капітальний ремонт основних засобів природоохоронного призначення,Дніпропетровська,Поводження з відходами,Усього,Річна,2024,0.0
Інвестиції у капітальний ремонт основних засобів природоохоронного призначення,Дніпропетровська,Збереження біорізноманіття та середовища існування,Усього,Річна,2022,0.0
Інвестиції у капітальний ремонт основних засобів природоохоронного призначення,Дніпропетровська,Збереження біорізноманіття та середовища існування,Усього,Річна,2023,0.0
Інвестиції у капітальний ремонт основних засобів природоохоронного призначення,Дніпропетровська,Збереження біорізноманіття та середовища існування,Усього,Річна,2024,0.0
Інвестиції у капітальний ремонт основних засобів природоохоронного призначення,Дніпропетровська,"Захист і реабілітацію ґрунту, підземних  і поверхневих вод",Усього,Річна,2021,32625000.0
Інвестиції у капітальний ремонт основних засобів природоохоронного призначення,Дніпропетровська,"Захист і реабілітацію ґрунту, підземних  і поверхневих вод",Усього,Річна,2022,8339000.0
Інвестиції у капітальний ремонт основних засобів природоохоронного призначення,Дніпропетровська,"Захист і реабілітацію ґрунту, підземних  і поверхневих вод",Усього,Річна,2023,0.0
Інвестиції у капітальний ремонт основних засобів природоохоронного призначення,Дніпропетровська,"Захист і реабілітацію ґрунту, підземних  і поверхневих вод",Усього,Річна,2024,0.0
Інвестиції у капітальний ремонт основних засобів природоохоронного призначення,Дніпропетровська,"Захист і реабілітацію ґрунту, підземних  і поверхневих вод",Усього,Річна,2025,15045400.0
Інвестиції у капітальний ремонт основних засобів природоохоронного призначення,Дніпропетровська,Очищення зворотних вод,Усього,Річна,2021,43429800.0
Інвестиції у капітальний ремонт основних засобів природоохоронного призначення,Дніпропетровська,Очищення зворотних вод,Усього,Річна,2022,16878200.0
Інвестиції у капітальний ремонт основних засобів природоохоронного призначення,Дніпропетровська,Очищення зворотних вод,Усього,Річна,2023,20316100.0
Інвестиції у капітальний ремонт основних засобів природоохоронного призначення,Дніпропетровська,Очищення зворотних вод,Усього,Річна,2024,9966100.0
Інвестиції у капітальний ремонт основних засобів природоохоронного призначення,Дніпропетровська,Очищення зворотних вод,Усього,Річна,2025,22625000.0
Інвестиції у капітальний ремонт основних засобів природоохоронного призначення,Дніпропетровська,Охорона атмосферного повітря і проблеми зміни клімату,Усього,Річна,2021,342491100.0
Інвестиції у капітальний ремонт основних засобів природоохоронного призначення,Дніпропетровська,Охорона атмосферного повітря і проблеми зміни клімату,Усього,Річна,2022,241317700.0
Інвестиції у капітальний ремонт основних засобів природоохоронного призначення,Дніпропетровська,Охорона атмосферного повітря і проблеми зміни клімату,Усього,Річна,2023,230172700.0
Інвестиції у капітальний ремонт основних засобів природоохоронного призначення,Дніпропетровська,Охорона атмосферного повітря і проблеми зміни клімату,Усього,Річна,2024,151016400.0
Інвестиції у капітальний ремонт основних засобів природоохоронного призначення,Дніпропетровська,Охорона атмосферного повітря і проблеми зміни клімату,Усього,Річна,2025,181494100.0
Інвестиції у капітальний ремонт основних засобів природоохоронного призначення,Донецька,Радіаційна безпека,Усього,Річна,2022,0.0
Інвестиції у капітальний ремонт основних засобів природоохоронного призначення,Донецька,Збереження біорізноманіття та середовища існування,Усього,Річна,2024,0.0
Інвестиції у капітальний ремонт основних засобів природоохоронного призначення,Донецька,Очищення зворотних вод,Усього,Річна,2021,11941100.0
Інвестиції у капітальний ремонт основних засобів природоохоронного призначення,Донецька,Очищення зворотних вод,Усього,Річна,2022,612200.0
Інвестиції у капітальний ремонт основних засобів природоохоронного призначення,Донецька,Очищення зворотних вод,Усього,Річна,2023,1938200.0
Інвестиції у капітальний ремонт основних засобів природоохоронного призначення,Донецька,Очищення зворотних вод,Усього,Річна,2024,16711700.0
Інвестиції у капітальний ремонт основних засобів природоохоронного призначення,Донецька,Очищення зворотних вод,Усього,Річна,2025,27805500.0
Інвестиції у капітальний ремонт основних засобів природоохоронного призначення,Донецька,Охорона атмосферного повітря і проблеми зміни клімату,Усього,Річна,2021,475422400.0
Інвестиції у капітальний ремонт основних засобів природоохоронного призначення,Донецька,Охорона атмосферного повітря і проблеми зміни клімату,Усього,Річна,2022,51662100.0
Інвестиції у капітальний ремонт основних засобів природоохоронного призначення,Донецька,Охорона атмосферного повітря і проблеми зміни клімату,Усього,Річна,2023,0.0
Інвестиції у капітальний ремонт основних засобів природоохоронного призначення,Донецька,Поводження з відходами,Усього,Річна,2022,0.0
Інвестиції у капітальний ремонт основних засобів природоохоронного призначення,Донецька,Поводження з відходами,Усього,Річна,2023,0.0
Інвестиції у капітальний ремонт основних засобів природоохоронного призначення,Донецька,Поводження з відходами,Усього,Річна,2024,0.0
Інвестиції у капітальний ремонт основних засобів природоохоронного призначення,Донецька,"Захист і реабілітацію ґрунту, підземних  і поверхневих вод",Усього,Річна,2021,1698900.0
Інвестиції у капітальний ремонт основних засобів природоохоронного призначення,Донецька,"Захист і реабілітацію ґрунту, підземних  і поверхневих вод",Усього,Річна,2023,0.0
Інвестиції у капітальний ремонт основних засобів природоохоронного призначення,Житомирська,"Захист і реабілітацію ґрунту, підземних  і поверхневих вод",Усього,Річна,2024,0.0
Інвестиції у капітальний ремонт основних засобів природоохоронного призначення,Житомирська,Поводження з відходами,Усього,Річна,2022,0.0
Інвестиції у капітальний ремонт основних засобів природоохоронного призначення,Житомирська,Поводження з відходами,Усього,Річна,2023,1000000.0
Інвестиції у капітальний ремонт основних засобів природоохоронного призначення,Житомирська,Поводження з відходами,Усього,Річна,2024,0.0
Інвестиції у капітальний ремонт основних засобів природоохоронного призначення,Житомирська,Охорона атмосферного повітря і проблеми зміни клімату,Усього,Річна,2022,0.0
Інвестиції у капітальний ремонт основних засобів природоохоронного призначення,Житомирська,Охорона атмосферного повітря і проблеми зміни клімату,Усього,Річна,2023,0.0
Інвестиції у капітальний ремонт основних засобів природоохоронного призначення,Житомирська,Охорона атмосферного повітря і проблеми зміни клімату,Усього,Річна,2024,0.0
Інвестиції у капітальний ремонт основних засобів природоохоронного призначення,Житомирська,Науково-дослідні роботи природоохоронного спрямування,Усього,Річна,2024,0.0
Інвестиції у капітальний ремонт основних засобів природоохоронного призначення,Житомирська,Радіаційна безпека,Усього,Річна,2024,0.0
Інвестиції у капітальний ремонт основних засобів природоохоронного призначення,Житомирська,Збереження біорізноманіття та середовища існування,Усього,Річна,2021,202800.0
Інвестиції у капітальний ремонт основних засобів природоохоронного призначення,Житомирська,Збереження біорізноманіття та середовища існування,Усього,Річна,2022,0.0
Інвестиції у капітальний ремонт основних засобів природоохоронного призначення,Житомирська,Збереження біорізноманіття та середовища існування,Усього,Річна,2023,18000.0
Інвестиції у капітальний ремонт основних засобів природоохоронного призначення,Житомирська,Очищення зворотних вод,Усього,Річна,2021,564600.0
Інвестиції у капітальний ремонт основних засобів природоохоронного призначення,Житомирська,Очищення зворотних вод,Усього,Річна,2022,0.0
Інвестиції у капітальний ремонт основних засобів природоохоронного призначення,Житомирська,Очищення зворотних вод,Усього,Річна,2023,2932500.0
Інвестиції у капітальний ремонт основних засобів природоохоронного призначення,Житомирська,Очищення зворотних вод,Усього,Річна,2024,661000.0
Інвестиції у капітальний ремонт основних засобів природоохоронного призначення,Житомирська,Очищення зворотних вод,Усього,Річна,2025,3928100.0
Інвестиції у капітальний ремонт основних засобів природоохоронного призначення,Закарпатська,Радіаційна безпека,Усього,Річна,2022,0.0
Інвестиції у капітальний ремонт основних засобів природоохоронного призначення,Закарпатська,Радіаційна безпека,Усього,Річна,2023,0.0
Інвестиції у капітальний ремонт основних засобів природоохоронного призначення,Закарпатська,Збереження біорізноманіття та середовища існування,Усього,Річна,2021,49800.0
Інвестиції у капітальний ремонт основних засобів природоохоронного призначення,Закарпатська,Збереження біорізноманіття та середовища існування,Усього,Річна,2022,0.0
Інвестиції у капітальний ремонт основних засобів природоохоронного призначення,Закарпатська,Збереження біорізноманіття та середовища існування,Усього,Річна,2023,0.0
Інвестиції у капітальний ремонт основних засобів природоохоронного призначення,Закарпатська,Збереження біорізноманіття та середовища існування,Усього,Річна,2024,0.0
Інвестиції у капітальний ремонт основних засобів природоохоронного призначення,Закарпатська,Інші напрями природоохоронної діяльності,Усього,Річна,2023,0.0
Інвестиції у капітальний ремонт основних засобів природоохоронного призначення,Закарпатська,Науково-дослідні роботи природоохоронного спрямування,Усього,Річна,2022,0.0
Інвестиції у капітальний ремонт основних засобів природоохоронного призначення,Закарпатська,Науково-дослідні роботи природоохоронного спрямування,Усього,Річна,2023,0.0
Інвестиції у капітальний ремонт основних засобів природоохоронного призначення,Закарпатська,Науково-дослідні роботи природоохоронного спрямування,Усього,Річна,2024,0.0
Інвестиції у капітальний ремонт основних засобів природоохоронного призначення,Закарпатська,Зниження шумового та вібраційного впливу,Усього,Річна,2022,0.0
Інвестиції у капітальний ремонт основних засобів природоохоронного призначення,Закарпатська,Зниження шумового та вібраційного впливу,Усього,Річна,2023,0.0
Інвестиції у капітальний ремонт основних засобів природоохоронного призначення,Закарпатська,Зниження шумового та вібраційного впливу,Усього,Річна,2024,0.0
Інвестиції у капітальний ремонт основних засобів природоохоронного призначення,Закарпатська,"Захист і реабілітацію ґрунту, підземних  і поверхневих вод",Усього,Річна,2022,0.0
Інвестиції у капітальний ремонт основних засобів природоохоронного призначення,Закарпатська,"Захист і реабілітацію ґрунту, підземних  і поверхневих вод",Усього,Річна,2023,0.0
Інвестиції у капітальний ремонт основних засобів природоохоронного призначення,Закарпатська,"Захист і реабілітацію ґрунту, підземних  і поверхневих вод",Усього,Річна,2024,0.0
Інвестиції у капітальний ремонт основних засобів природоохоронного призначення,Закарпатська,Поводження з відходами,Усього,Річна,2021,663300.0
Інвестиції у капітальний ремонт основних засобів природоохоронного призначення,Закарпатська,Поводження з відходами,Усього,Річна,2022,847500.0
Інвестиції у капітальний ремонт основних засобів природоохоронного призначення,Закарпатська,Поводження з відходами,Усього,Річна,2023,105300.0
Інвестиції у капітальний ремонт основних засобів природоохоронного призначення,Закарпатська,Поводження з відходами,Усього,Річна,2024,0.0
Інвестиції у капітальний ремонт основних засобів природоохоронного призначення,Закарпатська,Очищення зворотних вод,Усього,Річна,2022,98600.0
Інвестиції у капітальний ремонт основних засобів природоохоронного призначення,Закарпатська,Очищення зворотних вод,Усього,Річна,2023,2083000.0
Інвестиції у капітальний ремонт основних засобів природоохоронного призначення,Закарпатська,Очищення зворотних вод,Усього,Річна,2024,0.0
Інвестиції у капітальний ремонт основних засобів природоохоронного призначення,Закарпатська,Охорона атмосферного повітря і проблеми зміни клімату,Усього,Річна,2022,0.0
Інвестиції у капітальний ремонт основних засобів природоохоронного призначення,Закарпатська,Охорона атмосферного повітря і проблеми зміни клімату,Усього,Річна,2023,445300.0
Інвестиції у капітальний ремонт основних засобів природоохоронного призначення,Закарпатська,Охорона атмосферного повітря і проблеми зміни клімату,Усього,Річна,2024,0.0
Інвестиції у капітальний ремонт основних засобів природоохоронного призначення,Запорізька,Поводження з відходами,Усього,Річна,2021,40500.0
Інвестиції у капітальний ремонт основних засобів природоохоронного призначення,Запорізька,Поводження з відходами,Усього,Річна,2022,5101000.0
Інвестиції у капітальний ремонт основних засобів природоохоронного призначення,Запорізька,Поводження з відходами,Усього,Річна,2023,0.0
Інвестиції у капітальний ремонт основних засобів природоохоронного призначення,Запорізька,Поводження з відходами,Усього,Річна,2024,0.0
Інвестиції у капітальний ремонт основних засобів природоохоронного призначення,Запорізька,Очищення зворотних вод,Усього,Річна,2021,30800.0
Інвестиції у капітальний ремонт основних засобів природоохоронного призначення,Запорізька,Очищення зворотних вод,Усього,Річна,2022,2071800.0000000002
Інвестиції у капітальний ремонт основних засобів природоохоронного призначення,Запорізька,Очищення зворотних вод,Усього,Річна,2023,3438700.0
Інвестиції у капітальний ремонт основних засобів природоохоронного призначення,Запорізька,Очищення зворотних вод,Усього,Річна,2024,14498600.0
Інвестиції у капітальний ремонт основних засобів природоохоронного призначення,Запорізька,Очищення зворотних вод,Усього,Річна,2025,8431300.0
Інвестиції у капітальний ремонт основних засобів природоохоронного призначення,Запорізька,Охорона атмосферного повітря і проблеми зміни клімату,Усього,Річна,2021,193372500.0
Інвестиції у капітальний ремонт основних засобів природоохоронного призначення,Запорізька,Охорона атмосферного повітря і проблеми зміни клімату,Усього,Річна,2022,108474900.0
Інвестиції у капітальний ремонт основних засобів природоохоронного призначення,Запорізька,Охорона атмосферного повітря і проблеми зміни клімату,Усього,Річна,2023,118161300.0
Інвестиції у капітальний ремонт основних засобів природоохоронного призначення,Запорізька,Охорона атмосферного повітря і проблеми зміни клімату,Усього,Річна,2024,140800300.0
Інвестиції у капітальний ремонт основних засобів природоохоронного призначення,Запорізька,Охорона атмосферного повітря і проблеми зміни клімату,Усього,Річна,2025,62686300.0
Інвестиції у капітальний ремонт основних засобів природоохоронного призначення,Запорізька,Радіаційна безпека,Усього,Річна,2022,0.0
Інвестиції у капітальний ремонт основних засобів природоохоронного призначення,Запорізька,Радіаційна безпека,Усього,Річна,2023,0.0
Інвестиції у капітальний ремонт основних засобів природоохоронного призначення,Запорізька,Збереження біорізноманіття та середовища існування,Усього,Річна,2022,0.0
Інвестиції у капітальний ремонт основних засобів природоохоронного призначення,Запорізька,Науково-дослідні роботи природоохоронного спрямування,Усього,Річна,2022,0.0
Інвестиції у капітальний ремонт основних засобів природоохоронного призначення,Запорізька,Науково-дослідні роботи природоохоронного спрямування,Усього,Річна,2024,0.0
Інвестиції у капітальний ремонт основних засобів природоохоронного призначення,Запорізька,"Захист і реабілітацію ґрунту, підземних  і поверхневих вод",Усього,Річна,2021,6052200.0
Інвестиції у капітальний ремонт основних засобів природоохоронного призначення,Запорізька,"Захист і реабілітацію ґрунту, підземних  і поверхневих вод",Усього,Річна,2022,0.0
Інвестиції у капітальний ремонт основних засобів природоохоронного призначення,Запорізька,"Захист і реабілітацію ґрунту, підземних  і поверхневих вод",Усього,Річна,2023,11419200.0
Інвестиції у капітальний ремонт основних засобів природоохоронного призначення,Запорізька,"Захист і реабілітацію ґрунту, підземних  і поверхневих вод",Усього,Річна,2024,17466600.0
Інвестиції у капітальний ремонт основних засобів природоохоронного призначення,Запорізька,"Захист і реабілітацію ґрунту, підземних  і поверхневих вод",Усього,Річна,2025,36969100.0
Інвестиції у капітальний ремонт основних засобів природоохоронного призначення,Івано-Франківська,Зниження шумового та вібраційного впливу,Усього,Річна,2022,0.0
Інвестиції у капітальний ремонт основних засобів природоохоронного призначення,Івано-Франківська,Збереження біорізноманіття та середовища існування,Усього,Річна,2022,0.0
Інвестиції у капітальний ремонт основних засобів природоохоронного призначення,Івано-Франківська,Збереження біорізноманіття та середовища існування,Усього,Річна,2023,0.0
Інвестиції у капітальний ремонт основних засобів природоохоронного призначення,Івано-Франківська,Збереження біорізноманіття та середовища існування,Усього,Річна,2024,0.0
Інвестиції у капітальний ремонт основних засобів природоохоронного призначення,Івано-Франківська,Інші напрями природоохоронної діяльності,Усього,Річна,2022,0.0
Інвестиції у капітальний ремонт основних засобів природоохоронного призначення,Івано-Франківська,Інші напрями природоохоронної діяльності,Усього,Річна,2023,0.0
Інвестиції у капітальний ремонт основних засобів природоохоронного призначення,Івано-Франківська,Інші напрями природоохоронної діяльності,Усього,Річна,2024,0.0
Інвестиції у капітальний ремонт основних засобів природоохоронного призначення,Івано-Франківська,Очищення зворотних вод,Усього,Річна,2021,6637000.0
Інвестиції у капітальний ремонт основних засобів природоохоронного призначення,Івано-Франківська,Очищення зворотних вод,Усього,Річна,2022,1194500.0
Інвестиції у капітальний ремонт основних засобів природоохоронного призначення,Івано-Франківська,Очищення зворотних вод,Усього,Річна,2023,0.0
Інвестиції у капітальний ремонт основних засобів природоохоронного призначення,Івано-Франківська,Очищення зворотних вод,Усього,Річна,2024,151100.0
Інвестиції у капітальний ремонт основних засобів природоохоронного призначення,Івано-Франківська,Охорона атмосферного повітря і проблеми зміни клімату,Усього,Річна,2021,1266900.0
Інвестиції у капітальний ремонт основних засобів природоохоронного призначення,Івано-Франківська,Охорона атмосферного повітря і проблеми зміни клімату,Усього,Річна,2022,221600.0
Інвестиції у капітальний ремонт основних засобів природоохоронного призначення,Івано-Франківська,Охорона атмосферного повітря і проблеми зміни клімату,Усього,Річна,2023,4838100.0
Інвестиції у капітальний ремонт основних засобів природоохоронного призначення,Івано-Франківська,Охорона атмосферного повітря і проблеми зміни клімату,Усього,Річна,2024,12504100.0
Інвестиції у капітальний ремонт основних засобів природоохоронного призначення,Івано-Франківська,Охорона атмосферного повітря і проблеми зміни клімату,Усього,Річна,2025,9145900.0
Інвестиції у капітальний ремонт основних засобів природоохоронного призначення,Івано-Франківська,Радіаційна безпека,Усього,Річна,2022,0.0
Інвестиції у капітальний ремонт основних засобів природоохоронного призначення,Івано-Франківська,"Захист і реабілітацію ґрунту, підземних  і поверхневих вод",Усього,Річна,2021,10816700.0
Інвестиції у капітальний ремонт основних засобів природоохоронного призначення,Івано-Франківська,"Захист і реабілітацію ґрунту, підземних  і поверхневих вод",Усього,Річна,2022,1635200.0
Інвестиції у капітальний ремонт основних засобів природоохоронного призначення,Івано-Франківська,"Захист і реабілітацію ґрунту, підземних  і поверхневих вод",Усього,Річна,2023,0.0
Інвестиції у капітальний ремонт основних засобів природоохоронного призначення,Івано-Франківська,"Захист і реабілітацію ґрунту, підземних  і поверхневих вод",Усього,Річна,2024,0.0
Інвестиції у капітальний ремонт основних засобів природоохоронного призначення,Івано-Франківська,Поводження з відходами,Усього,Річна,2021,520799.99999999994
Інвестиції у капітальний ремонт основних засобів природоохоронного призначення,Івано-Франківська,Поводження з відходами,Усього,Річна,2022,0.0
Інвестиції у капітальний ремонт основних засобів природоохоронного призначення,Івано-Франківська,Поводження з відходами,Усього,Річна,2023,271200.0
Інвестиції у капітальний ремонт основних засобів природоохоронного призначення,Івано-Франківська,Поводження з відходами,Усього,Річна,2024,1008900.0
Інвестиції у капітальний ремонт основних засобів природоохоронного призначення,Івано-Франківська,Поводження з відходами,Усього,Річна,2025,499000.0
Інвестиції у капітальний ремонт основних засобів природоохоронного призначення,Івано-Франківська,Науково-дослідні роботи природоохоронного спрямування,Усього,Річна,2022,0.0
Інвестиції у капітальний ремонт основних засобів природоохоронного призначення,Івано-Франківська,Науково-дослідні роботи природоохоронного спрямування,Усього,Річна,2023,0.0
Інвестиції у капітальний ремонт основних засобів природоохоронного призначення,Івано-Франківська,Науково-дослідні роботи природоохоронного спрямування,Усього,Річна,2024,0.0
Інвестиції у капітальний ремонт основних засобів природоохоронного призначення,Київська,Очищення зворотних вод,Усього,Річна,2021,174800.0
Інвестиції у капітальний ремонт основних засобів природоохоронного призначення,Київська,Очищення зворотних вод,Усього,Річна,2022,248400.0
Інвестиції у капітальний ремонт основних засобів природоохоронного призначення,Київська,Очищення зворотних вод,Усього,Річна,2023,13236100.0
Інвестиції у капітальний ремонт основних засобів природоохоронного призначення,Київська,Очищення зворотних вод,Усього,Річна,2024,49517600.0
Інвестиції у капітальний ремонт основних засобів природоохоронного призначення,Київська,Очищення зворотних вод,Усього,Річна,2025,42049200.0
Інвестиції у капітальний ремонт основних засобів природоохоронного призначення,Київська,Охорона атмосферного повітря і проблеми зміни клімату,Усього,Річна,2021,1203800.0
Інвестиції у капітальний ремонт основних засобів природоохоронного призначення,Київська,Охорона атмосферного повітря і проблеми зміни клімату,Усього,Річна,2022,2290000.0
Інвестиції у капітальний ремонт основних засобів природоохоронного призначення,Київська,Охорона атмосферного повітря і проблеми зміни клімату,Усього,Річна,2023,31748300.0
Інвестиції у капітальний ремонт основних засобів природоохоронного призначення,Київська,Охорона атмосферного повітря і проблеми зміни клімату,Усього,Річна,2024,265200.0
Інвестиції у капітальний ремонт основних засобів природоохоронного призначення,Київська,Охорона атмосферного повітря і проблеми зміни клімату,Усього,Річна,2025,4912200.0
Інвестиції у капітальний ремонт основних засобів природоохоронного призначення,Київська,Радіаційна безпека,Усього,Річна,2022,0.0
Інвестиції у капітальний ремонт основних засобів природоохоронного призначення,Київська,Радіаційна безпека,Усього,Річна,2023,0.0
Інвестиції у капітальний ремонт основних засобів природоохоронного призначення,Київська,Радіаційна безпека,Усього,Річна,2024,0.0
Інвестиції у капітальний ремонт основних засобів природоохоронного призначення,Київська,Зниження шумового та вібраційного впливу,Усього,Річна,2022,0.0
Інвестиції у капітальний ремонт основних засобів природоохоронного призначення,Київська,Зниження шумового та вібраційного впливу,Усього,Річна,2023,0.0
Інвестиції у капітальний ремонт основних засобів природоохоронного призначення,Київська,Поводження з відходами,Усього,Річна,2021,3101800.0
Інвестиції у капітальний ремонт основних засобів природоохоронного призначення,Київська,Поводження з відходами,Усього,Річна,2022,3468900.0
Інвестиції у капітальний ремонт основних засобів природоохоронного призначення,Київська,Поводження з відходами,Усього,Річна,2023,3948100.0
Інвестиції у капітальний ремонт основних засобів природоохоронного призначення,Київська,Поводження з відходами,Усього,Річна,2024,972100.0
Інвестиції у капітальний ремонт основних засобів природоохоронного призначення,Київська,Поводження з відходами,Усього,Річна,2025,5527100.0
Інвестиції у капітальний ремонт основних засобів природоохоронного призначення,Київська,Інші напрями природоохоронної діяльності,Усього,Річна,2022,0.0
Інвестиції у капітальний ремонт основних засобів природоохоронного призначення,Київська,Інші напрями природоохоронної діяльності,Усього,Річна,2023,0.0
Інвестиції у капітальний ремонт основних засобів природоохоронного призначення,Київська,Інші напрями природоохоронної діяльності,Усього,Річна,2024,0.0
Інвестиції у капітальний ремонт основних засобів природоохоронного призначення,Київська,Збереження біорізноманіття та середовища існування,Усього,Річна,2022,0.0
Інвестиції у капітальний ремонт основних засобів природоохоронного призначення,Київська,Збереження біорізноманіття та середовища існування,Усього,Річна,2023,0.0
Інвестиції у капітальний ремонт основних засобів природоохоронного призначення,Київська,Збереження біорізноманіття та середовища існування,Усього,Річна,2024,0.0
Інвестиції у капітальний ремонт основних засобів природоохоронного призначення,Київська,"Захист і реабілітацію ґрунту, підземних  і поверхневих вод",Усього,Річна,2022,0.0
Інвестиції у капітальний ремонт основних засобів природоохоронного призначення,Київська,"Захист і реабілітацію ґрунту, підземних  і поверхневих вод",Усього,Річна,2023,0.0
Інвестиції у капітальний ремонт основних засобів природоохоронного призначення,Київська,"Захист і реабілітацію ґрунту, підземних  і поверхневих вод",Усього,Річна,2024,0.0
Інвестиції у капітальний ремонт основних засобів природоохоронного призначення,Київська,Науково-дослідні роботи природоохоронного спрямування,Усього,Річна,2022,0.0
Інвестиції у капітальний ремонт основних засобів природоохоронного призначення,Київська,Науково-дослідні роботи природоохоронного спрямування,Усього,Річна,2023,0.0
Інвестиції у капітальний ремонт основних засобів природоохоронного призначення,Київська,Науково-дослідні роботи природоохоронного спрямування,Усього,Річна,2024,0.0
Інвестиції у капітальний ремонт основних засобів природоохоронного призначення,Кіровоградська,Науково-дослідні роботи природоохоронного спрямування,Усього,Річна,2023,0.0
Інвестиції у капітальний ремонт основних засобів природоохоронного призначення,Кіровоградська,"Захист і реабілітацію ґрунту, підземних  і поверхневих вод",Усього,Річна,2022,0.0
Інвестиції у капітальний ремонт основних засобів природоохоронного призначення,Кіровоградська,"Захист і реабілітацію ґрунту, підземних  і поверхневих вод",Усього,Річна,2023,0.0
Інвестиції у капітальний ремонт основних засобів природоохоронного призначення,Кіровоградська,"Захист і реабілітацію ґрунту, підземних  і поверхневих вод",Усього,Річна,2024,5700100.0
Інвестиції у капітальний ремонт основних засобів природоохоронного призначення,Кіровоградська,Поводження з відходами,Усього,Річна,2021,5400.0
Інвестиції у капітальний ремонт основних засобів природоохоронного призначення,Кіровоградська,Поводження з відходами,Усього,Річна,2022,0.0
Інвестиції у капітальний ремонт основних засобів природоохоронного призначення,Кіровоградська,Поводження з відходами,Усього,Річна,2023,295200.0
Інвестиції у капітальний ремонт основних засобів природоохоронного призначення,Кіровоградська,Поводження з відходами,Усього,Річна,2024,0.0
Інвестиції у капітальний ремонт основних засобів природоохоронного призначення,Кіровоградська,Поводження з відходами,Усього,Річна,2025,1038900.0000000001
Інвестиції у капітальний ремонт основних засобів природоохоронного призначення,Кіровоградська,Охорона атмосферного повітря і проблеми зміни клімату,Усього,Річна,2022,0.0
Інвестиції у капітальний ремонт основних засобів природоохоронного призначення,Кіровоградська,Охорона атмосферного повітря і проблеми зміни клімату,Усього,Річна,2023,0.0
Інвестиції у капітальний ремонт основних засобів природоохоронного призначення,Кіровоградська,Охорона атмосферного повітря і проблеми зміни клімату,Усього,Річна,2024,0.0
Інвестиції у капітальний ремонт основних засобів природоохоронного призначення,Кіровоградська,Очищення зворотних вод,Усього,Річна,2021,146176700.0
Інвестиції у капітальний ремонт основних засобів природоохоронного призначення,Кіровоградська,Очищення зворотних вод,Усього,Річна,2022,118764900.0
Інвестиції у капітальний ремонт основних засобів природоохоронного призначення,Кіровоградська,Очищення зворотних вод,Усього,Річна,2023,135106700.0
Інвестиції у капітальний ремонт основних засобів природоохоронного призначення,Кіровоградська,Очищення зворотних вод,Усього,Річна,2024,119854000.0
Інвестиції у капітальний ремонт основних засобів природоохоронного призначення,Кіровоградська,Очищення зворотних вод,Усього,Річна,2025,191454500.0
Інвестиції у капітальний ремонт основних засобів природоохоронного призначення,Кіровоградська,Збереження біорізноманіття та середовища існування,Усього,Річна,2022,0.0
Інвестиції у капітальний ремонт основних засобів природоохоронного призначення,Кіровоградська,Збереження біорізноманіття та середовища існування,Усього,Річна,2023,0.0
Інвестиції у капітальний ремонт основних засобів природоохоронного призначення,Кіровоградська,Збереження біорізноманіття та середовища існування,Усього,Річна,2024,0.0
Інвестиції у капітальний ремонт основних засобів природоохоронного призначення,Луганська,Збереження біорізноманіття та середовища існування,Усього,Річна,2022,0.0
Інвестиції у капітальний ремонт основних засобів природоохоронного призначення,Луганська,Збереження біорізноманіття та середовища існування,Усього,Річна,2023,0.0
Інвестиції у капітальний ремонт основних засобів природоохоронного призначення,Луганська,Збереження біорізноманіття та середовища існування,Усього,Річна,2024,0.0
Інвестиції у капітальний ремонт основних засобів природоохоронного призначення,Луганська,Очищення зворотних вод,Усього,Річна,2021,2018000.0
Інвестиції у капітальний ремонт основних засобів природоохоронного призначення,Луганська,Поводження з відходами,Усього,Річна,2021,774400.0
Інвестиції у капітальний ремонт основних засобів природоохоронного призначення,Луганська,Охорона атмосферного повітря і проблеми зміни клімату,Усього,Річна,2021,12969400.0
Інвестиції у капітальний ремонт основних засобів природоохоронного призначення,Львівська,Збереження біорізноманіття та середовища існування,Усього,Річна,2022,561500.0
Інвестиції у капітальний ремонт основних засобів природоохоронного призначення,Львівська,Збереження біорізноманіття та середовища існування,Усього,Річна,2023,0.0
Інвестиції у капітальний ремонт основних засобів природоохоронного призначення,Львівська,Збереження біорізноманіття та середовища існування,Усього,Річна,2024,0.0
Інвестиції у капітальний ремонт основних засобів природоохоронного призначення,Львівська,Науково-дослідні роботи природоохоронного спрямування,Усього,Річна,2022,0.0
Інвестиції у капітальний ремонт основних засобів природоохоронного призначення,Львівська,Науково-дослідні роботи природоохоронного спрямування,Усього,Річна,2023,0.0
Інвестиції у капітальний ремонт основних засобів природоохоронного призначення,Львівська,Науково-дослідні роботи природоохоронного спрямування,Усього,Річна,2024,0.0
Інвестиції у капітальний ремонт основних засобів природоохоронного призначення,Львівська,"Захист і реабілітацію ґрунту, підземних  і поверхневих вод",Усього,Річна,2021,15722300.0
Інвестиції у капітальний ремонт основних засобів природоохоронного призначення,Львівська,"Захист і реабілітацію ґрунту, підземних  і поверхневих вод",Усього,Річна,2022,273300.0
Інвестиції у капітальний ремонт основних засобів природоохоронного призначення,Львівська,"Захист і реабілітацію ґрунту, підземних  і поверхневих вод",Усього,Річна,2023,164500.0
Інвестиції у капітальний ремонт основних засобів природоохоронного призначення,Львівська,"Захист і реабілітацію ґрунту, підземних  і поверхневих вод",Усього,Річна,2024,16300.0
Інвестиції у капітальний ремонт основних засобів природоохоронного призначення,Львівська,Зниження шумового та вібраційного впливу,Усього,Річна,2021,8000.0
Інвестиції у капітальний ремонт основних засобів природоохоронного призначення,Львівська,Зниження шумового та вібраційного впливу,Усього,Річна,2022,8000.0
Інвестиції у капітальний ремонт основних засобів природоохоронного призначення,Львівська,Зниження шумового та вібраційного впливу,Усього,Річна,2023,0.0
Інвестиції у капітальний ремонт основних засобів природоохоронного призначення,Львівська,Охорона атмосферного повітря і проблеми зміни клімату,Усього,Річна,2021,12157400.0
Інвестиції у капітальний ремонт основних засобів природоохоронного призначення,Львівська,Охорона атмосферного повітря і проблеми зміни клімату,Усього,Річна,2022,4988600.0
Інвестиції у капітальний ремонт основних засобів природоохоронного призначення,Львівська,Охорона атмосферного повітря і проблеми зміни клімату,Усього,Річна,2023,6016900.0
Інвестиції у капітальний ремонт основних засобів природоохоронного призначення,Львівська,Охорона атмосферного повітря і проблеми зміни клімату,Усього,Річна,2024,1942300.0
Інвестиції у капітальний ремонт основних засобів природоохоронного призначення,Львівська,Охорона атмосферного повітря і проблеми зміни клімату,Усього,Річна,2025,300407400.0
Інвестиції у капітальний ремонт основних засобів природоохоронного призначення,Львівська,Інші напрями природоохоронної діяльності,Усього,Річна,2021,7769100.0
Інвестиції у капітальний ремонт основних засобів природоохоронного призначення,Львівська,Інші напрями природоохоронної діяльності,Усього,Річна,2022,0.0
Інвестиції у капітальний ремонт основних засобів природоохоронного призначення,Львівська,Інші напрями природоохоронної діяльності,Усього,Річна,2023,0.0
Інвестиції у капітальний ремонт основних засобів природоохоронного призначення,Львівська,Інші напрями природоохоронної діяльності,Усього,Річна,2024,0.0
Інвестиції у капітальний ремонт основних засобів природоохоронного призначення,Львівська,Поводження з відходами,Усього,Річна,2021,26018400.0
Інвестиції у капітальний ремонт основних засобів природоохоронного призначення,Львівська,Поводження з відходами,Усього,Річна,2022,1571900.0
Інвестиції у капітальний ремонт основних засобів природоохоронного призначення,Львівська,Поводження з відходами,Усього,Річна,2023,16998000.0
Інвестиції у капітальний ремонт основних засобів природоохоронного призначення,Львівська,Поводження з відходами,Усього,Річна,2024,13899100.0
Інвестиції у капітальний ремонт основних засобів природоохоронного призначення,Львівська,Поводження з відходами,Усього,Річна,2025,13531600.0
Інвестиції у капітальний ремонт основних засобів природоохоронного призначення,Львівська,Очищення зворотних вод,Усього,Річна,2021,3758200.0
Інвестиції у капітальний ремонт основних засобів природоохоронного призначення,Львівська,Очищення зворотних вод,Усього,Річна,2022,21440200.0
Інвестиції у капітальний ремонт основних засобів природоохоронного призначення,Львівська,Очищення зворотних вод,Усього,Річна,2023,3886300.0
Інвестиції у капітальний ремонт основних засобів природоохоронного призначення,Львівська,Очищення зворотних вод,Усього,Річна,2024,9857300.0
Інвестиції у капітальний ремонт основних засобів природоохоронного призначення,Львівська,Очищення зворотних вод,Усього,Річна,2025,30345900.0
Інвестиції у капітальний ремонт основних засобів природоохоронного призначення,Львівська,Радіаційна безпека,Усього,Річна,2022,0.0
Інвестиції у капітальний ремонт основних засобів природоохоронного призначення,Львівська,Радіаційна безпека,Усього,Річна,2023,0.0
Інвестиції у капітальний ремонт основних засобів природоохоронного призначення,Львівська,Радіаційна безпека,Усього,Річна,2024,0.0
Інвестиції у капітальний ремонт основних засобів природоохоронного призначення,Миколаївська,Поводження з відходами,Усього,Річна,2022,0.0
Інвестиції у капітальний ремонт основних засобів природоохоронного призначення,Миколаївська,Поводження з відходами,Усього,Річна,2023,0.0
Інвестиції у капітальний ремонт основних засобів природоохоронного призначення,Миколаївська,Поводження з відходами,Усього,Річна,2024,0.0
Інвестиції у капітальний ремонт основних засобів природоохоронного призначення,Миколаївська,Очищення зворотних вод,Усього,Річна,2022,0.0
Інвестиції у капітальний ремонт основних засобів природоохоронного призначення,Миколаївська,Очищення зворотних вод,Усього,Річна,2023,0.0
Інвестиції у капітальний ремонт основних засобів природоохоронного призначення,Миколаївська,Очищення зворотних вод,Усього,Річна,2024,0.0
Інвестиції у капітальний ремонт основних засобів природоохоронного призначення,Миколаївська,Охорона атмосферного повітря і проблеми зміни клімату,Усього,Річна,2022,0.0
Інвестиції у капітальний ремонт основних засобів природоохоронного призначення,Миколаївська,Охорона атмосферного повітря і проблеми зміни клімату,Усього,Річна,2023,0.0
Інвестиції у капітальний ремонт основних засобів природоохоронного призначення,Миколаївська,Охорона атмосферного повітря і проблеми зміни клімату,Усього,Річна,2024,0.0
Інвестиції у капітальний ремонт основних засобів природоохоронного призначення,Миколаївська,Інші напрями природоохоронної діяльності,Усього,Річна,2022,0.0
Інвестиції у капітальний ремонт основних засобів природоохоронного призначення,Миколаївська,Інші напрями природоохоронної діяльності,Усього,Річна,2023,0.0
Інвестиції у капітальний ремонт основних засобів природоохоронного призначення,Миколаївська,Збереження біорізноманіття та середовища існування,Усього,Річна,2022,0.0
Інвестиції у капітальний ремонт основних засобів природоохоронного призначення,Миколаївська,Збереження біорізноманіття та середовища існування,Усього,Річна,2023,0.0
Інвестиції у капітальний ремонт основних засобів природоохоронного призначення,Миколаївська,Збереження біорізноманіття та середовища існування,Усього,Річна,2024,0.0
Інвестиції у капітальний ремонт основних засобів природоохоронного призначення,Одеська,Інші напрями природоохоронної діяльності,Усього,Річна,2023,0.0
Інвестиції у капітальний ремонт основних засобів природоохоронного призначення,Одеська,Інші напрями природоохоронної діяльності,Усього,Річна,2024,0.0
Інвестиції у капітальний ремонт основних засобів природоохоронного призначення,Одеська,Збереження біорізноманіття та середовища існування,Усього,Річна,2022,0.0
Інвестиції у капітальний ремонт основних засобів природоохоронного призначення,Одеська,Збереження біорізноманіття та середовища існування,Усього,Річна,2023,0.0
Інвестиції у капітальний ремонт основних засобів природоохоронного призначення,Одеська,Зниження шумового та вібраційного впливу,Усього,Річна,2021,48183500.0
Інвестиції у капітальний ремонт основних засобів природоохоронного призначення,Одеська,Зниження шумового та вібраційного впливу,Усього,Річна,2022,41474600.0
Інвестиції у капітальний ремонт основних засобів природоохоронного призначення,Одеська,Очищення зворотних вод,Усього,Річна,2021,5677500.0
Інвестиції у капітальний ремонт основних засобів природоохоронного призначення,Одеська,Очищення зворотних вод,Усього,Річна,2022,1295000.0
Інвестиції у капітальний ремонт основних засобів природоохоронного призначення,Одеська,Очищення зворотних вод,Усього,Річна,2023,18835400.0
Інвестиції у капітальний ремонт основних засобів природоохоронного призначення,Одеська,Очищення зворотних вод,Усього,Річна,2024,0.0
Інвестиції у капітальний ремонт основних засобів природоохоронного призначення,Одеська,Очищення зворотних вод,Усього,Річна,2025,2726000.0
Інвестиції у капітальний ремонт основних засобів природоохоронного призначення,Одеська,Охорона атмосферного повітря і проблеми зміни клімату,Усього,Річна,2021,681400.0
Інвестиції у капітальний ремонт основних засобів природоохоронного призначення,Одеська,Охорона атмосферного повітря і проблеми зміни клімату,Усього,Річна,2022,0.0
Інвестиції у капітальний ремонт основних засобів природоохоронного призначення,Одеська,Охорона атмосферного повітря і проблеми зміни клімату,Усього,Річна,2023,0.0
Інвестиції у капітальний ремонт основних засобів природоохоронного призначення,Одеська,Охорона атмосферного повітря і проблеми зміни клімату,Усього,Річна,2024,0.0
Інвестиції у капітальний ремонт основних засобів природоохоронного призначення,Одеська,Науково-дослідні роботи природоохоронного спрямування,Усього,Річна,2022,0.0
Інвестиції у капітальний ремонт основних засобів природоохоронного призначення,Одеська,Науково-дослідні роботи природоохоронного спрямування,Усього,Річна,2023,0.0
Інвестиції у капітальний ремонт основних засобів природоохоронного призначення,Одеська,Науково-дослідні роботи природоохоронного спрямування,Усього,Річна,2024,0.0
Інвестиції у капітальний ремонт основних засобів природоохоронного призначення,Одеська,Радіаційна безпека,Усього,Річна,2024,0.0
Інвестиції у капітальний ремонт основних засобів природоохоронного призначення,Одеська,"Захист і реабілітацію ґрунту, підземних  і поверхневих вод",Усього,Річна,2021,18176700.0
Інвестиції у капітальний ремонт основних засобів природоохоронного призначення,Одеська,"Захист і реабілітацію ґрунту, підземних  і поверхневих вод",Усього,Річна,2022,8200100.0
Інвестиції у капітальний ремонт основних засобів природоохоронного призначення,Одеська,"Захист і реабілітацію ґрунту, підземних  і поверхневих вод",Усього,Річна,2023,0.0
Інвестиції у капітальний ремонт основних засобів природоохоронного призначення,Одеська,"Захист і реабілітацію ґрунту, підземних  і поверхневих вод",Усього,Річна,2024,0.0
Інвестиції у капітальний ремонт основних засобів природоохоронного призначення,Одеська,Поводження з відходами,Усього,Річна,2021,299400.0
Інвестиції у капітальний ремонт основних засобів природоохоронного призначення,Одеська,Поводження з відходами,Усього,Річна,2022,1800300.0
Інвестиції у капітальний ремонт основних засобів природоохоронного призначення,Одеська,Поводження з відходами,Усього,Річна,2023,0.0
Інвестиції у капітальний ремонт основних засобів природоохоронного призначення,Одеська,Поводження з відходами,Усього,Річна,2024,10427000.0
Інвестиції у капітальний ремонт основних засобів природоохоронного призначення,Полтавська,Поводження з відходами,Усього,Річна,2021,125499000.0
Інвестиції у капітальний ремонт основних засобів природоохоронного призначення,Полтавська,Поводження з відходами,Усього,Річна,2022,126635500.0
Інвестиції у капітальний ремонт основних засобів природоохоронного призначення,Полтавська,Поводження з відходами,Усього,Річна,2023,42339300.0
Інвестиції у капітальний ремонт основних засобів природоохоронного призначення,Полтавська,Поводження з відходами,Усього,Річна,2024,62034000.0
Інвестиції у капітальний ремонт основних засобів природоохоронного призначення,Полтавська,Поводження з відходами,Усього,Річна,2025,39727700.0
Інвестиції у капітальний ремонт основних засобів природоохоронного призначення,Полтавська,Науково-дослідні роботи природоохоронного спрямування,Усього,Річна,2022,0.0
Інвестиції у капітальний ремонт основних засобів природоохоронного призначення,Полтавська,Науково-дослідні роботи природоохоронного спрямування,Усього,Річна,2023,0.0
Інвестиції у капітальний ремонт основних засобів природоохоронного призначення,Полтавська,Науково-дослідні роботи природоохоронного спрямування,Усього,Річна,2024,0.0
Інвестиції у капітальний ремонт основних засобів природоохоронного призначення,Полтавська,"Захист і реабілітацію ґрунту, підземних  і поверхневих вод",Усього,Річна,2022,0.0
Інвестиції у капітальний ремонт основних засобів природоохоронного призначення,Полтавська,"Захист і реабілітацію ґрунту, підземних  і поверхневих вод",Усього,Річна,2023,0.0
Інвестиції у капітальний ремонт основних засобів природоохоронного призначення,Полтавська,"Захист і реабілітацію ґрунту, підземних  і поверхневих вод",Усього,Річна,2024,0.0
Інвестиції у капітальний ремонт основних засобів природоохоронного призначення,Полтавська,Збереження біорізноманіття та середовища існування,Усього,Річна,2022,0.0
Інвестиції у капітальний ремонт основних засобів природоохоронного призначення,Полтавська,Збереження біорізноманіття та середовища існування,Усього,Річна,2023,0.0
Інвестиції у капітальний ремонт основних засобів природоохоронного призначення,Полтавська,Збереження біорізноманіття та середовища існування,Усього,Річна,2024,0.0
Інвестиції у капітальний ремонт основних засобів природоохоронного призначення,Полтавська,Очищення зворотних вод,Усього,Річна,2021,8386700.000000001
Інвестиції у капітальний ремонт основних засобів природоохоронного призначення,Полтавська,Очищення зворотних вод,Усього,Річна,2022,308000.0
Інвестиції у капітальний ремонт основних засобів природоохоронного призначення,Полтавська,Очищення зворотних вод,Усього,Річна,2023,16990400.0
Інвестиції у капітальний ремонт основних засобів природоохоронного призначення,Полтавська,Очищення зворотних вод,Усього,Річна,2024,17098200.0
Інвестиції у капітальний ремонт основних засобів природоохоронного призначення,Полтавська,Очищення зворотних вод,Усього,Річна,2025,12848300.0
Інвестиції у капітальний ремонт основних засобів природоохоронного призначення,Полтавська,Інші напрями природоохоронної діяльності,Усього,Річна,2023,0.0
Інвестиції у капітальний ремонт основних засобів природоохоронного призначення,Полтавська,Інші напрями природоохоронної діяльності,Усього,Річна,2024,0.0
Інвестиції у капітальний ремонт основних засобів природоохоронного призначення,Полтавська,Охорона атмосферного повітря і проблеми зміни клімату,Усього,Річна,2021,25220900.0
Інвестиції у капітальний ремонт основних засобів природоохоронного призначення,Полтавська,Охорона атмосферного повітря і проблеми зміни клімату,Усього,Річна,2022,48843100.0
Інвестиції у капітальний ремонт основних засобів природоохоронного призначення,Полтавська,Охорона атмосферного повітря і проблеми зміни клімату,Усього,Річна,2023,19697800.0
Інвестиції у капітальний ремонт основних засобів природоохоронного призначення,Полтавська,Охорона атмосферного повітря і проблеми зміни клімату,Усього,Річна,2024,48759600.0
Інвестиції у капітальний ремонт основних засобів природоохоронного призначення,Полтавська,Охорона атмосферного повітря і проблеми зміни клімату,Усього,Річна,2025,10946500.0
Інвестиції у капітальний ремонт основних засобів природоохоронного призначення,Рівненська,Очищення зворотних вод,Усього,Річна,2021,9119700.0
Інвестиції у капітальний ремонт основних засобів природоохоронного призначення,Рівненська,Очищення зворотних вод,Усього,Річна,2022,12110600.0
Інвестиції у капітальний ремонт основних засобів природоохоронного призначення,Рівненська,Очищення зворотних вод,Усього,Річна,2023,18514500.0
Інвестиції у капітальний ремонт основних засобів природоохоронного призначення,Рівненська,Очищення зворотних вод,Усього,Річна,2024,9761800.0
Інвестиції у капітальний ремонт основних засобів природоохоронного призначення,Рівненська,Очищення зворотних вод,Усього,Річна,2025,16122900.0
Інвестиції у капітальний ремонт основних засобів природоохоронного призначення,Рівненська,Поводження з відходами,Усього,Річна,2022,8300.0
Інвестиції у капітальний ремонт основних засобів природоохоронного призначення,Рівненська,Поводження з відходами,Усього,Річна,2023,0.0
Інвестиції у капітальний ремонт основних засобів природоохоронного призначення,Рівненська,Поводження з відходами,Усього,Річна,2024,0.0
Інвестиції у капітальний ремонт основних засобів природоохоронного призначення,Рівненська,Збереження біорізноманіття та середовища існування,Усього,Річна,2022,8100.0
Інвестиції у капітальний ремонт основних засобів природоохоронного призначення,Рівненська,Збереження біорізноманіття та середовища існування,Усього,Річна,2023,161300.0
Інвестиції у капітальний ремонт основних засобів природоохоронного призначення,Рівненська,Збереження біорізноманіття та середовища існування,Усього,Річна,2024,2076000.0
Інвестиції у капітальний ремонт основних засобів природоохоронного призначення,Рівненська,Збереження біорізноманіття та середовища існування,Усього,Річна,2025,8615100.0
Інвестиції у капітальний ремонт основних засобів природоохоронного призначення,Рівненська,"Захист і реабілітацію ґрунту, підземних  і поверхневих вод",Усього,Річна,2021,38700.0
Інвестиції у капітальний ремонт основних засобів природоохоронного призначення,Рівненська,"Захист і реабілітацію ґрунту, підземних  і поверхневих вод",Усього,Річна,2022,38500.0
Інвестиції у капітальний ремонт основних засобів природоохоронного призначення,Рівненська,"Захист і реабілітацію ґрунту, підземних  і поверхневих вод",Усього,Річна,2023,74900.0
Інвестиції у капітальний ремонт основних засобів природоохоронного призначення,Рівненська,"Захист і реабілітацію ґрунту, підземних  і поверхневих вод",Усього,Річна,2024,132500.0
Інвестиції у капітальний ремонт основних засобів природоохоронного призначення,Рівненська,"Захист і реабілітацію ґрунту, підземних  і поверхневих вод",Усього,Річна,2025,231000.0
Інвестиції у капітальний ремонт основних засобів природоохоронного призначення,Рівненська,Охорона атмосферного повітря і проблеми зміни клімату,Усього,Річна,2021,4399700.0
Інвестиції у капітальний ремонт основних засобів природоохоронного призначення,Рівненська,Охорона атмосферного повітря і проблеми зміни клімату,Усього,Річна,2022,4636600.0
Інвестиції у капітальний ремонт основних засобів природоохоронного призначення,Рівненська,Охорона атмосферного повітря і проблеми зміни клімату,Усього,Річна,2023,4839400.0
Інвестиції у капітальний ремонт основних засобів природоохоронного призначення,Рівненська,Охорона атмосферного повітря і проблеми зміни клімату,Усього,Річна,2024,4245800.0
Інвестиції у капітальний ремонт основних засобів природоохоронного призначення,Рівненська,Охорона атмосферного повітря і проблеми зміни клімату,Усього,Річна,2025,402300.0
Інвестиції у капітальний ремонт основних засобів природоохоронного призначення,Рівненська,Зниження шумового та вібраційного впливу,Усього,Річна,2022,0.0
Інвестиції у капітальний ремонт основних засобів природоохоронного призначення,Рівненська,Зниження шумового та вібраційного впливу,Усього,Річна,2023,0.0
Інвестиції у капітальний ремонт основних засобів природоохоронного призначення,Рівненська,Зниження шумового та вібраційного впливу,Усього,Річна,2024,0.0
Інвестиції у капітальний ремонт основних засобів природоохоронного призначення,Сумська,Поводження з відходами,Усього,Річна,2022,0.0
Інвестиції у капітальний ремонт основних засобів природоохоронного призначення,Сумська,Поводження з відходами,Усього,Річна,2023,0.0
Інвестиції у капітальний ремонт основних засобів природоохоронного призначення,Сумська,Поводження з відходами,Усього,Річна,2024,3517600.0
Інвестиції у капітальний ремонт основних засобів природоохоронного призначення,Сумська,"Захист і реабілітацію ґрунту, підземних  і поверхневих вод",Усього,Річна,2022,0.0
Інвестиції у капітальний ремонт основних засобів природоохоронного призначення,Сумська,"Захист і реабілітацію ґрунту, підземних  і поверхневих вод",Усього,Річна,2023,0.0
Інвестиції у капітальний ремонт основних засобів природоохоронного призначення,Сумська,"Захист і реабілітацію ґрунту, підземних  і поверхневих вод",Усього,Річна,2024,2795000.0
Інвестиції у капітальний ремонт основних засобів природоохоронного призначення,Сумська,Збереження біорізноманіття та середовища існування,Усього,Річна,2022,0.0
Інвестиції у капітальний ремонт основних засобів природоохоронного призначення,Сумська,Збереження біорізноманіття та середовища існування,Усього,Річна,2023,0.0
Інвестиції у капітальний ремонт основних засобів природоохоронного призначення,Сумська,Збереження біорізноманіття та середовища існування,Усього,Річна,2024,0.0
Інвестиції у капітальний ремонт основних засобів природоохоронного призначення,Сумська,Очищення зворотних вод,Усього,Річна,2022,0.0
Інвестиції у капітальний ремонт основних засобів природоохоронного призначення,Сумська,Очищення зворотних вод,Усього,Річна,2023,927600.0
Інвестиції у капітальний ремонт основних засобів природоохоронного призначення,Сумська,Очищення зворотних вод,Усього,Річна,2024,0.0
Інвестиції у капітальний ремонт основних засобів природоохоронного призначення,Сумська,Охорона атмосферного повітря і проблеми зміни клімату,Усього,Річна,2022,0.0
Інвестиції у капітальний ремонт основних засобів природоохоронного призначення,Сумська,Охорона атмосферного повітря і проблеми зміни клімату,Усього,Річна,2023,0.0
Інвестиції у капітальний ремонт основних засобів природоохоронного призначення,Сумська,Охорона атмосферного повітря і проблеми зміни клімату,Усього,Річна,2024,1281000.0
Інвестиції у капітальний ремонт основних засобів природоохоронного призначення,Тернопільська,Зниження шумового та вібраційного впливу,Усього,Річна,2022,0.0
Інвестиції у капітальний ремонт основних засобів природоохоронного призначення,Тернопільська,Радіаційна безпека,Усього,Річна,2022,0.0
Інвестиції у капітальний ремонт основних засобів природоохоронного призначення,Тернопільська,Збереження біорізноманіття та середовища існування,Усього,Річна,2022,0.0
Інвестиції у капітальний ремонт основних засобів природоохоронного призначення,Тернопільська,"Захист і реабілітацію ґрунту, підземних  і поверхневих вод",Усього,Річна,2022,0.0
Інвестиції у капітальний ремонт основних засобів природоохоронного призначення,Тернопільська,"Захист і реабілітацію ґрунту, підземних  і поверхневих вод",Усього,Річна,2023,0.0
Інвестиції у капітальний ремонт основних засобів природоохоронного призначення,Тернопільська,Поводження з відходами,Усього,Річна,2021,571900.0
Інвестиції у капітальний ремонт основних засобів природоохоронного призначення,Тернопільська,Очищення зворотних вод,Усього,Річна,2022,505700.0
Інвестиції у капітальний ремонт основних засобів природоохоронного призначення,Тернопільська,Очищення зворотних вод,Усього,Річна,2023,505700.0
Інвестиції у капітальний ремонт основних засобів природоохоронного призначення,Тернопільська,Очищення зворотних вод,Усього,Річна,2024,0.0
Інвестиції у капітальний ремонт основних засобів природоохоронного призначення,Тернопільська,Охорона атмосферного повітря і проблеми зміни клімату,Усього,Річна,2022,0.0
Інвестиції у капітальний ремонт основних засобів природоохоронного призначення,Тернопільська,Охорона атмосферного повітря і проблеми зміни клімату,Усього,Річна,2023,0.0
Інвестиції у капітальний ремонт основних засобів природоохоронного призначення,Харківська,Науково-дослідні роботи природоохоронного спрямування,Усього,Річна,2022,0.0
Інвестиції у капітальний ремонт основних засобів природоохоронного призначення,Харківська,Науково-дослідні роботи природоохоронного спрямування,Усього,Річна,2023,0.0
Інвестиції у капітальний ремонт основних засобів природоохоронного призначення,Харківська,Науково-дослідні роботи природоохоронного спрямування,Усього,Річна,2024,0.0
Інвестиції у капітальний ремонт основних засобів природоохоронного призначення,Харківська,"Захист і реабілітацію ґрунту, підземних  і поверхневих вод",Усього,Річна,2022,0.0
Інвестиції у капітальний ремонт основних засобів природоохоронного призначення,Харківська,"Захист і реабілітацію ґрунту, підземних  і поверхневих вод",Усього,Річна,2023,0.0
Інвестиції у капітальний ремонт основних засобів природоохоронного призначення,Харківська,"Захист і реабілітацію ґрунту, підземних  і поверхневих вод",Усього,Річна,2024,0.0
Інвестиції у капітальний ремонт основних засобів природоохоронного призначення,Харківська,Інші напрями природоохоронної діяльності,Усього,Річна,2022,0.0
Інвестиції у капітальний ремонт основних засобів природоохоронного призначення,Харківська,Інші напрями природоохоронної діяльності,Усього,Річна,2023,0.0
Інвестиції у капітальний ремонт основних засобів природоохоронного призначення,Харківська,Інші напрями природоохоронної діяльності,Усього,Річна,2024,0.0
Інвестиції у капітальний ремонт основних засобів природоохоронного призначення,Харківська,Поводження з відходами,Усього,Річна,2022,0.0
Інвестиції у капітальний ремонт основних засобів природоохоронного призначення,Харківська,Поводження з відходами,Усього,Річна,2023,0.0
Інвестиції у капітальний ремонт основних засобів природоохоронного призначення,Харківська,Поводження з відходами,Усього,Річна,2024,29900.0
Інвестиції у капітальний ремонт основних засобів природоохоронного призначення,Харківська,Поводження з відходами,Усього,Річна,2025,3839800.0
Інвестиції у капітальний ремонт основних засобів природоохоронного призначення,Харківська,Охорона атмосферного повітря і проблеми зміни клімату,Усього,Річна,2021,466800.0
Інвестиції у капітальний ремонт основних засобів природоохоронного призначення,Харківська,Охорона атмосферного повітря і проблеми зміни клімату,Усього,Річна,2022,0.0
Інвестиції у капітальний ремонт основних засобів природоохоронного призначення,Харківська,Охорона атмосферного повітря і проблеми зміни клімату,Усього,Річна,2023,0.0
Інвестиції у капітальний ремонт основних засобів природоохоронного призначення,Харківська,Охорона атмосферного повітря і проблеми зміни клімату,Усього,Річна,2024,0.0
Інвестиції у капітальний ремонт основних засобів природоохоронного призначення,Харківська,Охорона атмосферного повітря і проблеми зміни клімату,Усього,Річна,2025,70800.0
Інвестиції у капітальний ремонт основних засобів природоохоронного призначення,Харківська,Збереження біорізноманіття та середовища існування,Усього,Річна,2022,0.0
Інвестиції у капітальний ремонт основних засобів природоохоронного призначення,Харківська,Збереження біорізноманіття та середовища існування,Усього,Річна,2023,0.0
Інвестиції у капітальний ремонт основних засобів природоохоронного призначення,Харківська,Збереження біорізноманіття та середовища існування,Усього,Річна,2024,0.0
Інвестиції у капітальний ремонт основних засобів природоохоронного призначення,Харківська,Очищення зворотних вод,Усього,Річна,2021,1107800.0
Інвестиції у капітальний ремонт основних засобів природоохоронного призначення,Харківська,Очищення зворотних вод,Усього,Річна,2022,0.0
Інвестиції у капітальний ремонт основних засобів природоохоронного призначення,Харківська,Очищення зворотних вод,Усього,Річна,2023,0.0
Інвестиції у капітальний ремонт основних засобів природоохоронного призначення,Харківська,Очищення зворотних вод,Усього,Річна,2024,29571500.0
Інвестиції у капітальний ремонт основних засобів природоохоронного призначення,Харківська,Очищення зворотних вод,Усього,Річна,2025,25812400.0
Інвестиції у капітальний ремонт основних засобів природоохоронного призначення,Херсонська,"Захист і реабілітацію ґрунту, підземних  і поверхневих вод",Усього,Річна,2021,869000.0
Інвестиції у капітальний ремонт основних засобів природоохоронного призначення,Херсонська,Збереження біорізноманіття та середовища існування,Усього,Річна,2024,0.0
Інвестиції у капітальний ремонт основних засобів природоохоронного призначення,Херсонська,Очищення зворотних вод,Усього,Річна,2022,0.0
Інвестиції у капітальний ремонт основних засобів природоохоронного призначення,Херсонська,Очищення зворотних вод,Усього,Річна,2023,0.0
Інвестиції у капітальний ремонт основних засобів природоохоронного призначення,Херсонська,Очищення зворотних вод,Усього,Річна,2024,0.0
Інвестиції у капітальний ремонт основних засобів природоохоронного призначення,Херсонська,Охорона атмосферного повітря і проблеми зміни клімату,Усього,Річна,2022,0.0
Інвестиції у капітальний ремонт основних засобів природоохоронного призначення,Херсонська,Охорона атмосферного повітря і проблеми зміни клімату,Усього,Річна,2023,0.0
Інвестиції у капітальний ремонт основних засобів природоохоронного призначення,Херсонська,Охорона атмосферного повітря і проблеми зміни клімату,Усього,Річна,2024,0.0
Інвестиції у капітальний ремонт основних засобів природоохоронного призначення,Херсонська,Поводження з відходами,Усього,Річна,2021,65099.99999999999
Інвестиції у капітальний ремонт основних засобів природоохоронного призначення,Херсонська,Поводження з відходами,Усього,Річна,2022,0.0
Інвестиції у капітальний ремонт основних засобів природоохоронного призначення,Херсонська,Поводження з відходами,Усього,Річна,2023,22400.0
Інвестиції у капітальний ремонт основних засобів природоохоронного призначення,Херсонська,Поводження з відходами,Усього,Річна,2024,0.0
Інвестиції у капітальний ремонт основних засобів природоохоронного призначення,Хмельницька,Поводження з відходами,Усього,Річна,2022,0.0
Інвестиції у капітальний ремонт основних засобів природоохоронного призначення,Хмельницька,Поводження з відходами,Усього,Річна,2023,0.0
Інвестиції у капітальний ремонт основних засобів природоохоронного призначення,Хмельницька,Поводження з відходами,Усього,Річна,2024,0.0
Інвестиції у капітальний ремонт основних засобів природоохоронного призначення,Хмельницька,Радіаційна безпека,Усього,Річна,2023,0.0
Інвестиції у капітальний ремонт основних засобів природоохоронного призначення,Хмельницька,"Захист і реабілітацію ґрунту, підземних  і поверхневих вод",Усього,Річна,2023,17500000.0
Інвестиції у капітальний ремонт основних засобів природоохоронного призначення,Хмельницька,"Захист і реабілітацію ґрунту, підземних  і поверхневих вод",Усього,Річна,2024,7700000.0
Інвестиції у капітальний ремонт основних засобів природоохоронного призначення,Хмельницька,Науково-дослідні роботи природоохоронного спрямування,Усього,Річна,2024,0.0
Інвестиції у капітальний ремонт основних засобів природоохоронного призначення,Хмельницька,Очищення зворотних вод,Усього,Річна,2021,219100.0
Інвестиції у капітальний ремонт основних засобів природоохоронного призначення,Хмельницька,Очищення зворотних вод,Усього,Річна,2022,2514100.0
Інвестиції у капітальний ремонт основних засобів природоохоронного призначення,Хмельницька,Очищення зворотних вод,Усього,Річна,2023,389400.0
Інвестиції у капітальний ремонт основних засобів природоохоронного призначення,Хмельницька,Очищення зворотних вод,Усього,Річна,2024,24500.0
Інвестиції у капітальний ремонт основних засобів природоохоронного призначення,Хмельницька,Очищення зворотних вод,Усього,Річна,2025,22000.0
Інвестиції у капітальний ремонт основних засобів природоохоронного призначення,Хмельницька,Охорона атмосферного повітря і проблеми зміни клімату,Усього,Річна,2021,232900.0
Інвестиції у капітальний ремонт основних засобів природоохоронного призначення,Хмельницька,Охорона атмосферного повітря і проблеми зміни клімату,Усього,Річна,2022,242700.0
Інвестиції у капітальний ремонт основних засобів природоохоронного призначення,Хмельницька,Охорона атмосферного повітря і проблеми зміни клімату,Усього,Річна,2023,214400.0
Інвестиції у капітальний ремонт основних засобів природоохоронного призначення,Хмельницька,Охорона атмосферного повітря і проблеми зміни клімату,Усього,Річна,2024,290200.0
Інвестиції у капітальний ремонт основних засобів природоохоронного призначення,Хмельницька,Збереження біорізноманіття та середовища існування,Усього,Річна,2022,0.0
Інвестиції у капітальний ремонт основних засобів природоохоронного призначення,Хмельницька,Збереження біорізноманіття та середовища існування,Усього,Річна,2023,0.0
Інвестиції у капітальний ремонт основних засобів природоохоронного призначення,Хмельницька,Збереження біорізноманіття та середовища існування,Усього,Річна,2024,0.0
Інвестиції у капітальний ремонт основних засобів природоохоронного призначення,Черкаська,Поводження з відходами,Усього,Річна,2022,0.0
Інвестиції у капітальний ремонт основних засобів природоохоронного призначення,Черкаська,Поводження з відходами,Усього,Річна,2023,0.0
Інвестиції у капітальний ремонт основних засобів природоохоронного призначення,Черкаська,Поводження з відходами,Усього,Річна,2024,0.0
Інвестиції у капітальний ремонт основних засобів природоохоронного призначення,Черкаська,Радіаційна безпека,Усього,Річна,2022,0.0
Інвестиції у капітальний ремонт основних засобів природоохоронного призначення,Черкаська,Збереження біорізноманіття та середовища існування,Усього,Річна,2024,0.0
Інвестиції у капітальний ремонт основних засобів природоохоронного призначення,Черкаська,Очищення зворотних вод,Усього,Річна,2021,748800.0
Інвестиції у капітальний ремонт основних засобів природоохоронного призначення,Черкаська,Очищення зворотних вод,Усього,Річна,2022,367600.0
Інвестиції у капітальний ремонт основних засобів природоохоронного призначення,Черкаська,Очищення зворотних вод,Усього,Річна,2023,0.0
Інвестиції у капітальний ремонт основних засобів природоохоронного призначення,Черкаська,Очищення зворотних вод,Усього,Річна,2024,4737200.0
Інвестиції у капітальний ремонт основних засобів природоохоронного призначення,Черкаська,Охорона атмосферного повітря і проблеми зміни клімату,Усього,Річна,2022,0.0
Інвестиції у капітальний ремонт основних засобів природоохоронного призначення,Черкаська,Охорона атмосферного повітря і проблеми зміни клімату,Усього,Річна,2023,0.0
Інвестиції у капітальний ремонт основних засобів природоохоронного призначення,Черкаська,Охорона атмосферного повітря і проблеми зміни клімату,Усього,Річна,2024,400400.0
Інвестиції у капітальний ремонт основних засобів природоохоронного призначення,Черкаська,Охорона атмосферного повітря і проблеми зміни клімату,Усього,Річна,2025,125300.0
Інвестиції у капітальний ремонт основних засобів природоохоронного призначення,Черкаська,"Захист і реабілітацію ґрунту, підземних  і поверхневих вод",Усього,Річна,2022,0.0
Інвестиції у капітальний ремонт основних засобів природоохоронного призначення,Черкаська,"Захист і реабілітацію ґрунту, підземних  і поверхневих вод",Усього,Річна,2023,0.0
Інвестиції у капітальний ремонт основних засобів природоохоронного призначення,Черкаська,"Захист і реабілітацію ґрунту, підземних  і поверхневих вод",Усього,Річна,2024,0.0
Інвестиції у капітальний ремонт основних засобів природоохоронного призначення,Чернівецька,Збереження біорізноманіття та середовища існування,Усього,Річна,2022,0.0
Інвестиції у капітальний ремонт основних засобів природоохоронного призначення,Чернівецька,Збереження біорізноманіття та середовища існування,Усього,Річна,2023,0.0
Інвестиції у капітальний ремонт основних засобів природоохоронного призначення,Чернівецька,Збереження біорізноманіття та середовища існування,Усього,Річна,2024,0.0
Інвестиції у капітальний ремонт основних засобів природоохоронного призначення,Чернівецька,Очищення зворотних вод,Усього,Річна,2021,2843500.0
Інвестиції у капітальний ремонт основних засобів природоохоронного призначення,Чернівецька,Очищення зворотних вод,Усього,Річна,2022,7608000.0
Інвестиції у капітальний ремонт основних засобів природоохоронного призначення,Чернівецька,Очищення зворотних вод,Усього,Річна,2023,9706000.0
Інвестиції у капітальний ремонт основних засобів природоохоронного призначення,Чернівецька,Очищення зворотних вод,Усього,Річна,2024,13733700.0
Інвестиції у капітальний ремонт основних засобів природоохоронного призначення,Чернівецька,Очищення зворотних вод,Усього,Річна,2025,10881600.0
Інвестиції у капітальний ремонт основних засобів природоохоронного призначення,Чернівецька,Охорона атмосферного повітря і проблеми зміни клімату,Усього,Річна,2021,4000.0
Інвестиції у капітальний ремонт основних засобів природоохоронного призначення,Чернівецька,Охорона атмосферного повітря і проблеми зміни клімату,Усього,Річна,2022,5000.0
Інвестиції у капітальний ремонт основних засобів природоохоронного призначення,Чернівецька,Охорона атмосферного повітря і проблеми зміни клімату,Усього,Річна,2023,4000.0
Інвестиції у капітальний ремонт основних засобів природоохоронного призначення,Чернівецька,Охорона атмосферного повітря і проблеми зміни клімату,Усього,Річна,2024,13000.0
Інвестиції у капітальний ремонт основних засобів природоохоронного призначення,Чернівецька,Охорона атмосферного повітря і проблеми зміни клімату,Усього,Річна,2025,44600.0
Інвестиції у капітальний ремонт основних засобів природоохоронного призначення,Чернівецька,"Захист і реабілітацію ґрунту, підземних  і поверхневих вод",Усього,Річна,2021,24940000.0
Інвестиції у капітальний ремонт основних засобів природоохоронного призначення,Чернівецька,"Захист і реабілітацію ґрунту, підземних  і поверхневих вод",Усього,Річна,2022,12400.0
Інвестиції у капітальний ремонт основних засобів природоохоронного призначення,Чернівецька,"Захист і реабілітацію ґрунту, підземних  і поверхневих вод",Усього,Річна,2023,12373700.0
Інвестиції у капітальний ремонт основних засобів природоохоронного призначення,Чернівецька,"Захист і реабілітацію ґрунту, підземних  і поверхневих вод",Усього,Річна,2024,12075800.0
Інвестиції у капітальний ремонт основних засобів природоохоронного призначення,Чернівецька,"Захист і реабілітацію ґрунту, підземних  і поверхневих вод",Усього,Річна,2025,24998100.0
Інвестиції у капітальний ремонт основних засобів природоохоронного призначення,Чернівецька,Поводження з відходами,Усього,Річна,2022,0.0
Інвестиції у капітальний ремонт основних засобів природоохоронного призначення,Чернівецька,Поводження з відходами,Усього,Річна,2023,0.0
Інвестиції у капітальний ремонт основних засобів природоохоронного призначення,Чернівецька,Поводження з відходами,Усього,Річна,2024,587500.0
Інвестиції у капітальний ремонт основних засобів природоохоронного призначення,Чернівецька,Поводження з відходами,Усього,Річна,2025,581400.0
Інвестиції у капітальний ремонт основних засобів природоохоронного призначення,Чернігівська,Охорона атмосферного повітря і проблеми зміни клімату,Усього,Річна,2022,0.0
Інвестиції у капітальний ремонт основних засобів природоохоронного призначення,Чернігівська,Охорона атмосферного повітря і проблеми зміни клімату,Усього,Річна,2023,0.0
Інвестиції у капітальний ремонт основних засобів природоохоронного призначення,Чернігівська,Охорона атмосферного повітря і проблеми зміни клімату,Усього,Річна,2024,0.0
Інвестиції у капітальний ремонт основних засобів природоохоронного призначення,Чернігівська,Поводження з відходами,Усього,Річна,2021,138200.0
Інвестиції у капітальний ремонт основних засобів природоохоронного призначення,Чернігівська,Поводження з відходами,Усього,Річна,2022,1269100.0
Інвестиції у капітальний ремонт основних засобів природоохоронного призначення,Чернігівська,Поводження з відходами,Усього,Річна,2023,45300.0
Інвестиції у капітальний ремонт основних засобів природоохоронного призначення,Чернігівська,Поводження з відходами,Усього,Річна,2024,301300.0
Інвестиції у капітальний ремонт основних засобів природоохоронного призначення,Чернігівська,Поводження з відходами,Усього,Річна,2025,878100.0
Інвестиції у капітальний ремонт основних засобів природоохоронного призначення,Чернігівська,Очищення зворотних вод,Усього,Річна,2021,1833700.0
Інвестиції у капітальний ремонт основних засобів природоохоронного призначення,Чернігівська,Очищення зворотних вод,Усього,Річна,2022,3494400.0
Інвестиції у капітальний ремонт основних засобів природоохоронного призначення,Чернігівська,Очищення зворотних вод,Усього,Річна,2023,4998300.0
Інвестиції у капітальний ремонт основних засобів природоохоронного призначення,Чернігівська,Очищення зворотних вод,Усього,Річна,2024,209800.0
Інвестиції у капітальний ремонт основних засобів природоохоронного призначення,Чернігівська,Очищення зворотних вод,Усього,Річна,2025,4296300.0
Інвестиції у капітальний ремонт основних засобів природоохоронного призначення,Чернігівська,"Захист і реабілітацію ґрунту, підземних  і поверхневих вод",Усього,Річна,2021,1040000.0
Інвестиції у капітальний ремонт основних засобів природоохоронного призначення,Чернігівська,"Захист і реабілітацію ґрунту, підземних  і поверхневих вод",Усього,Річна,2022,298100.0
Інвестиції у капітальний ремонт основних засобів природоохоронного призначення,Чернігівська,"Захист і реабілітацію ґрунту, підземних  і поверхневих вод",Усього,Річна,2023,51900.0
Інвестиції у капітальний ремонт основних засобів природоохоронного призначення,Чернігівська,"Захист і реабілітацію ґрунту, підземних  і поверхневих вод",Усього,Річна,2024,455000.0
Інвестиції у капітальний ремонт основних засобів природоохоронного призначення,Чернігівська,"Захист і реабілітацію ґрунту, підземних  і поверхневих вод",Усього,Річна,2025,901000.0
Інвестиції у капітальний ремонт основних засобів природоохоронного призначення,Чернігівська,Збереження біорізноманіття та середовища існування,Усього,Річна,2022,0.0
Інвестиції у капітальний ремонт основних засобів природоохоронного призначення,Чернігівська,Збереження біорізноманіття та середовища існування,Усього,Річна,2023,0.0
Інвестиції у капітальний ремонт основних засобів природоохоронного призначення,Чернігівська,Збереження біорізноманіття та середовища існування,Усього,Річна,2024,0.0
Інвестиції у капітальний ремонт основних засобів природоохоронного призначення,Київ,Науково-дослідні роботи природоохоронного спрямування,Усього,Річна,2022,0.0
Інвестиції у капітальний ремонт основних засобів природоохоронного призначення,Київ,Науково-дослідні роботи природоохоронного спрямування,Усього,Річна,2023,0.0
Інвестиції у капітальний ремонт основних засобів природоохоронного призначення,Київ,Науково-дослідні роботи природоохоронного спрямування,Усього,Річна,2024,0.0
Інвестиції у капітальний ремонт основних засобів природоохоронного призначення,Київ,Радіаційна безпека,Усього,Річна,2022,0.0
Інвестиції у капітальний ремонт основних засобів природоохоронного призначення,Київ,Радіаційна безпека,Усього,Річна,2023,0.0
Інвестиції у капітальний ремонт основних засобів природоохоронного призначення,Київ,Радіаційна безпека,Усього,Річна,2024,0.0
Інвестиції у капітальний ремонт основних засобів природоохоронного призначення,Київ,"Захист і реабілітацію ґрунту, підземних  і поверхневих вод",Усього,Річна,2021,26192400.0
Інвестиції у капітальний ремонт основних засобів природоохоронного призначення,Київ,"Захист і реабілітацію ґрунту, підземних  і поверхневих вод",Усього,Річна,2022,0.0
Інвестиції у капітальний ремонт основних засобів природоохоронного призначення,Київ,"Захист і реабілітацію ґрунту, підземних  і поверхневих вод",Усього,Річна,2023,307100.0
Інвестиції у капітальний ремонт основних засобів природоохоронного призначення,Київ,"Захист і реабілітацію ґрунту, підземних  і поверхневих вод",Усього,Річна,2024,0.0
Інвестиції у капітальний ремонт основних засобів природоохоронного призначення,Київ,"Захист і реабілітацію ґрунту, підземних  і поверхневих вод",Усього,Річна,2025,66600.0
Інвестиції у капітальний ремонт основних засобів природоохоронного призначення,Київ,Поводження з відходами,Усього,Річна,2021,3277200.0
Інвестиції у капітальний ремонт основних засобів природоохоронного призначення,Київ,Поводження з відходами,Усього,Річна,2022,3567100.0
Інвестиції у капітальний ремонт основних засобів природоохоронного призначення,Київ,Поводження з відходами,Усього,Річна,2023,4547000.0
Інвестиції у капітальний ремонт основних засобів природоохоронного призначення,Київ,Поводження з відходами,Усього,Річна,2024,733000.0
Інвестиції у капітальний ремонт основних засобів природоохоронного призначення,Київ,Поводження з відходами,Усього,Річна,2025,591900.0
Інвестиції у капітальний ремонт основних засобів природоохоронного призначення,Київ,Інші напрями природоохоронної діяльності,Усього,Річна,2022,0.0
Інвестиції у капітальний ремонт основних засобів природоохоронного призначення,Київ,Інші напрями природоохоронної діяльності,Усього,Річна,2023,0.0
Інвестиції у капітальний ремонт основних засобів природоохоронного призначення,Київ,Інші напрями природоохоронної діяльності,Усього,Річна,2024,0.0
Інвестиції у капітальний ремонт основних засобів природоохоронного призначення,Київ,Збереження біорізноманіття та середовища існування,Усього,Річна,2022,0.0
Інвестиції у капітальний ремонт основних засобів природоохоронного призначення,Київ,Збереження біорізноманіття та середовища існування,Усього,Річна,2023,0.0
Інвестиції у капітальний ремонт основних засобів природоохоронного призначення,Київ,Збереження біорізноманіття та середовища існування,Усього,Річна,2024,2186500.0
Інвестиції у капітальний ремонт основних засобів природоохоронного призначення,Київ,Очищення зворотних вод,Усього,Річна,2021,5006300.0
Інвестиції у капітальний ремонт основних засобів природоохоронного призначення,Київ,Очищення зворотних вод,Усього,Річна,2022,1351600.0
Інвестиції у капітальний ремонт основних засобів природоохоронного призначення,Київ,Очищення зворотних вод,Усього,Річна,2023,1530300.0
Інвестиції у капітальний ремонт основних засобів природоохоронного призначення,Київ,Очищення зворотних вод,Усього,Річна,2024,11409500.0
Інвестиції у капітальний ремонт основних засобів природоохоронного призначення,Київ,Очищення зворотних вод,Усього,Річна,2025,1692700.0
Інвестиції у капітальний ремонт основних засобів природоохоронного призначення,Київ,Охорона атмосферного повітря і проблеми зміни клімату,Усього,Річна,2021,52748600.0
Інвестиції у капітальний ремонт основних засобів природоохоронного призначення,Київ,Охорона атмосферного повітря і проблеми зміни клімату,Усього,Річна,2022,41095400.0
Інвестиції у капітальний ремонт основних засобів природоохоронного призначення,Київ,Охорона атмосферного повітря і проблеми зміни клімату,Усього,Річна,2023,2073900.0
Інвестиції у капітальний ремонт основних засобів природоохоронного призначення,Київ,Охорона атмосферного повітря і проблеми зміни клімату,Усього,Річна,2024,39200.0
Інвестиції у капітальний ремонт основних засобів природоохоронного призначення,Київ,Охорона атмосферного повітря і проблеми зміни клімату,Усього,Річна,2025,36903600.0
Витрати на охорону навколишнього природного середовища,Вінницька,Охорона атмосферного повітря і проблеми зміни клімату,Усього,Річна,2021,8167700.0
Витрати на охорону навколишнього природного середовища,Вінницька,Охорона атмосферного повітря і проблеми зміни клімату,Усього,Річна,2022,29118500.0
Витрати на охорону навколишнього природного середовища,Вінницька,Охорона атмосферного повітря і проблеми зміни клімату,Усього,Річна,2023,62949200.0
Витрати на охорону навколишнього природного середовища,Вінницька,Охорона атмосферного повітря і проблеми зміни клімату,Усього,Річна,2024,41232500.0
Витрати на охорону навколишнього природного середовища,Вінницька,Охорона атмосферного повітря і проблеми зміни клімату,Усього,Річна,2025,53155600.0
Витрати на охорону навколишнього природного середовища,Вінницька,Очищення зворотних вод,Усього,Річна,2021,211202800.0
Витрати на охорону навколишнього природного середовища,Вінницька,Очищення зворотних вод,Усього,Річна,2022,269299600.0
Витрати на охорону навколишнього природного середовища,Вінницька,Очищення зворотних вод,Усього,Річна,2023,293478900.0
Витрати на охорону навколишнього природного середовища,Вінницька,Очищення зворотних вод,Усього,Річна,2024,508943100.0
Витрати на охорону навколишнього природного середовища,Вінницька,Очищення зворотних вод,Усього,Річна,2025,649698200.0
Витрати на охорону навколишнього природного середовища,Вінницька,Збереження біорізноманіття та середовища існування,Усього,Річна,2021,8571900.0
Витрати на охорону навколишнього природного середовища,Вінницька,Збереження біорізноманіття та середовища існування,Усього,Річна,2022,7768000.0
Витрати на охорону навколишнього природного середовища,Вінницька,Збереження біорізноманіття та середовища існування,Усього,Річна,2023,1014700.0
Витрати на охорону навколишнього природного середовища,Вінницька,Збереження біорізноманіття та середовища існування,Усього,Річна,2024,22124400.0
Витрати на охорону навколишнього природного середовища,Вінницька,Збереження біорізноманіття та середовища існування,Усього,Річна,2025,1308000.0
Витрати на охорону навколишнього природного середовища,Вінницька,Інші напрями природоохоронної діяльності,Усього,Річна,2021,310500.0
Витрати на охорону навколишнього природного середовища,Вінницька,Інші напрями природоохоронної діяльності,Усього,Річна,2022,267300.0
Витрати на охорону навколишнього природного середовища,Вінницька,Інші напрями природоохоронної діяльності,Усього,Річна,2025,50500.0
Витрати на охорону навколишнього природного середовища,Вінницька,Радіаційна безпека,Усього,Річна,2021,32500.0
Витрати на охорону навколишнього природного середовища,Вінницька,Радіаційна безпека,Усього,Річна,2022,30600.0
Витрати на охорону навколишнього природного середовища,Вінницька,Радіаційна безпека,Усього,Річна,2023,34300.0
Витрати на охорону навколишнього природного середовища,Вінницька,Радіаційна безпека,Усього,Річна,2025,38300.0
Витрати на охорону навколишнього природного середовища,Вінницька,Зниження шумового та вібраційного впливу,Усього,Річна,2021,7623000.0
Витрати на охорону навколишнього природного середовища,Вінницька,Зниження шумового та вібраційного впливу,Усього,Річна,2022,555800.0
Витрати на охорону навколишнього природного середовища,Вінницька,Зниження шумового та вібраційного впливу,Усього,Річна,2023,331000.0
Витрати на охорону навколишнього природного середовища,Вінницька,Зниження шумового та вібраційного впливу,Усього,Річна,2024,282900.0
Витрати на охорону навколишнього природного середовища,Вінницька,Зниження шумового та вібраційного впливу,Усього,Річна,2025,99200.0
Витрати на охорону навколишнього природного середовища,Вінницька,Поводження з відходами,Усього,Річна,2021,166926800.0
Витрати на охорону навколишнього природного середовища,Вінницька,Поводження з відходами,Усього,Річна,2022,191963800.0
Витрати на охорону навколишнього природного середовища,Вінницька,Поводження з відходами,Усього,Річна,2023,162854100.0
Витрати на охорону навколишнього природного середовища,Вінницька,Поводження з відходами,Усього,Річна,2024,178491900.0
Витрати на охорону навколишнього природного середовища,Вінницька,Поводження з відходами,Усього,Річна,2025,184100100.0
Витрати на охорону навколишнього природного середовища,Вінницька,Науково-дослідні роботи природоохоронного спрямування,Усього,Річна,2021,7400.0
Витрати на охорону навколишнього природного середовища,Вінницька,Науково-дослідні роботи природоохоронного спрямування,Усього,Річна,2023,40000.0
Витрати на охорону навколишнього природного середовища,Вінницька,Науково-дослідні роботи природоохоронного спрямування,Усього,Річна,2024,93700.0
Витрати на охорону навколишнього природного середовища,Вінницька,Науково-дослідні роботи природоохоронного спрямування,Усього,Річна,2025,702500.0
Витрати на охорону навколишнього природного середовища,Вінницька,"Захист і реабілітацію ґрунту, підземних  і поверхневих вод",Усього,Річна,2021,5267800.0
Витрати на охорону навколишнього природного середовища,Вінницька,"Захист і реабілітацію ґрунту, підземних  і поверхневих вод",Усього,Річна,2022,5543200.0
Витрати на охорону навколишнього природного середовища,Вінницька,"Захист і реабілітацію ґрунту, підземних  і поверхневих вод",Усього,Річна,2023,658767600.0
Витрати на охорону навколишнього природного середовища,Вінницька,"Захист і реабілітацію ґрунту, підземних  і поверхневих вод",Усього,Річна,2024,752400.0
Витрати на охорону навколишнього природного середовища,Вінницька,"Захист і реабілітацію ґрунту, підземних  і поверхневих вод",Усього,Річна,2025,1582600.0
Витрати на охорону навколишнього природного середовища,Волинська,Інші напрями природоохоронної діяльності,Усього,Річна,2021,102900.0
Витрати на охорону навколишнього природного середовища,Волинська,Інші напрями природоохоронної діяльності,Усього,Річна,2022,517000.0
Витрати на охорону навколишнього природного середовища,Волинська,Інші напрями природоохоронної діяльності,Усього,Річна,2023,108400.0
Витрати на охорону навколишнього природного середовища,Волинська,Інші напрями природоохоронної діяльності,Усього,Річна,2024,55600.0
Витрати на охорону навколишнього природного середовища,Волинська,Інші напрями природоохоронної діяльності,Усього,Річна,2025,393400.0
Витрати на охорону навколишнього природного середовища,Волинська,Зниження шумового та вібраційного впливу,Усього,Річна,2021,33700.0
Витрати на охорону навколишнього природного середовища,Волинська,Зниження шумового та вібраційного впливу,Усього,Річна,2022,4063000.0
Витрати на охорону навколишнього природного середовища,Волинська,Зниження шумового та вібраційного впливу,Усього,Річна,2023,3742100.0
Витрати на охорону навколишнього природного середовища,Волинська,Зниження шумового та вібраційного впливу,Усього,Річна,2024,2331100.0
Витрати на охорону навколишнього природного середовища,Волинська,Зниження шумового та вібраційного впливу,Усього,Річна,2025,96200.0
Витрати на охорону навколишнього природного середовища,Волинська,Охорона атмосферного повітря і проблеми зміни клімату,Усього,Річна,2021,5553000.0
Витрати на охорону навколишнього природного середовища,Волинська,Охорона атмосферного повітря і проблеми зміни клімату,Усього,Річна,2022,8736900.0
Витрати на охорону навколишнього природного середовища,Волинська,Охорона атмосферного повітря і проблеми зміни клімату,Усього,Річна,2023,7455700.0
Витрати на охорону навколишнього природного середовища,Волинська,Охорона атмосферного повітря і проблеми зміни клімату,Усього,Річна,2024,58972400.0
Витрати на охорону навколишнього природного середовища,Волинська,Охорона атмосферного повітря і проблеми зміни клімату,Усього,Річна,2025,48654600.0
Витрати на охорону навколишнього природного середовища,Волинська,Науково-дослідні роботи природоохоронного спрямування,Усього,Річна,2021,1439800.0
Витрати на охорону навколишнього природного середовища,Волинська,Науково-дослідні роботи природоохоронного спрямування,Усього,Річна,2022,1668100.0
Витрати на охорону навколишнього природного середовища,Волинська,Науково-дослідні роботи природоохоронного спрямування,Усього,Річна,2023,2362100.0
Витрати на охорону навколишнього природного середовища,Волинська,Науково-дослідні роботи природоохоронного спрямування,Усього,Річна,2024,2762700.0
Витрати на охорону навколишнього природного середовища,Волинська,Науково-дослідні роботи природоохоронного спрямування,Усього,Річна,2025,2750100.0
Витрати на охорону навколишнього природного середовища,Волинська,"Захист і реабілітацію ґрунту, підземних  і поверхневих вод",Усього,Річна,2021,6234800.0
Витрати на охорону навколишнього природного середовища,Волинська,"Захист і реабілітацію ґрунту, підземних  і поверхневих вод",Усього,Річна,2022,301000.0
Витрати на охорону навколишнього природного середовища,Волинська,"Захист і реабілітацію ґрунту, підземних  і поверхневих вод",Усього,Річна,2023,1089200.0
Витрати на охорону навколишнього природного середовища,Волинська,"Захист і реабілітацію ґрунту, підземних  і поверхневих вод",Усього,Річна,2024,530700.0
Витрати на охорону навколишнього природного середовища,Волинська,"Захист і реабілітацію ґрунту, підземних  і поверхневих вод",Усього,Річна,2025,293900.0
Витрати на охорону навколишнього природного середовища,Волинська,Збереження біорізноманіття та середовища існування,Усього,Річна,2021,75334700.0
Витрати на охорону навколишнього природного середовища,Волинська,Збереження біорізноманіття та середовища існування,Усього,Річна,2022,73694900.0
Витрати на охорону навколишнього природного середовища,Волинська,Збереження біорізноманіття та середовища існування,Усього,Річна,2023,54486500.0
Витрати на охорону навколишнього природного середовища,Волинська,Збереження біорізноманіття та середовища існування,Усього,Річна,2024,80498700.0
Витрати на охорону навколишнього природного середовища,Волинська,Збереження біорізноманіття та середовища існування,Усього,Річна,2025,76346600.0
Витрати на охорону навколишнього природного середовища,Волинська,Очищення зворотних вод,Усього,Річна,2021,218520700.0
Витрати на охорону навколишнього природного середовища,Волинська,Очищення зворотних вод,Усього,Річна,2022,254748700.0
Витрати на охорону навколишнього природного середовища,Волинська,Очищення зворотних вод,Усього,Річна,2023,327834000.0
Витрати на охорону навколишнього природного середовища,Волинська,Очищення зворотних вод,Усього,Річна,2024,394170200.0
Витрати на охорону навколишнього природного середовища,Волинська,Очищення зворотних вод,Усього,Річна,2025,358687100.0
Витрати на охорону навколишнього природного середовища,Волинська,Радіаційна безпека,Усього,Річна,2021,3800.0
Витрати на охорону навколишнього природного середовища,Волинська,Радіаційна безпека,Усього,Річна,2022,7300.0
Витрати на охорону навколишнього природного середовища,Волинська,Радіаційна безпека,Усього,Річна,2023,4000.0
Витрати на охорону навколишнього природного середовища,Волинська,Радіаційна безпека,Усього,Річна,2024,7700.0
Витрати на охорону навколишнього природного середовища,Волинська,Радіаційна безпека,Усього,Річна,2025,3500.0
Витрати на охорону навколишнього природного середовища,Волинська,Поводження з відходами,Усього,Річна,2021,77022300.0
Витрати на охорону навколишнього природного середовища,Волинська,Поводження з відходами,Усього,Річна,2022,123419500.0
Витрати на охорону навколишнього природного середовища,Волинська,Поводження з відходами,Усього,Річна,2023,161724400.0
Витрати на охорону навколишнього природного середовища,Волинська,Поводження з відходами,Усього,Річна,2024,214432700.0
Витрати на охорону навколишнього природного середовища,Волинська,Поводження з відходами,Усього,Річна,2025,264995300.0
Витрати на охорону навколишнього природного середовища,Дніпропетровська,Науково-дослідні роботи природоохоронного спрямування,Усього,Річна,2021,24544900.0
Витрати на охорону навколишнього природного середовища,Дніпропетровська,Науково-дослідні роботи природоохоронного спрямування,Усього,Річна,2022,23910800.0
Витрати на охорону навколишнього природного середовища,Дніпропетровська,Науково-дослідні роботи природоохоронного спрямування,Усього,Річна,2023,18137700.0
Витрати на охорону навколишнього природного середовища,Дніпропетровська,Науково-дослідні роботи природоохоронного спрямування,Усього,Річна,2024,19594900.0
Витрати на охорону навколишнього природного середовища,Дніпропетровська,Науково-дослідні роботи природоохоронного спрямування,Усього,Річна,2025,15458600.0
Витрати на охорону навколишнього природного середовища,Дніпропетровська,Збереження біорізноманіття та середовища існування,Усього,Річна,2021,36371300.0
Витрати на охорону навколишнього природного середовища,Дніпропетровська,Збереження біорізноманіття та середовища існування,Усього,Річна,2022,30885100.0
Витрати на охорону навколишнього природного середовища,Дніпропетровська,Збереження біорізноманіття та середовища існування,Усього,Річна,2023,19568500.0
Витрати на охорону навколишнього природного середовища,Дніпропетровська,Збереження біорізноманіття та середовища існування,Усього,Річна,2024,22026000.0
Витрати на охорону навколишнього природного середовища,Дніпропетровська,Збереження біорізноманіття та середовища існування,Усього,Річна,2025,22261200.0
Витрати на охорону навколишнього природного середовища,Дніпропетровська,"Захист і реабілітацію ґрунту, підземних  і поверхневих вод",Усього,Річна,2021,2930092700.0
Витрати на охорону навколишнього природного середовища,Дніпропетровська,"Захист і реабілітацію ґрунту, підземних  і поверхневих вод",Усього,Річна,2022,1434240700.0
Витрати на охорону навколишнього природного середовища,Дніпропетровська,"Захист і реабілітацію ґрунту, підземних  і поверхневих вод",Усього,Річна,2023,1588723200.0
Витрати на охорону навколишнього природного середовища,Дніпропетровська,"Захист і реабілітацію ґрунту, підземних  і поверхневих вод",Усього,Річна,2024,1640860900.0
Витрати на охорону навколишнього природного середовища,Дніпропетровська,"Захист і реабілітацію ґрунту, підземних  і поверхневих вод",Усього,Річна,2025,1001463100.0
Витрати на охорону навколишнього природного середовища,Дніпропетровська,Очищення зворотних вод,Усього,Річна,2021,2674268800.0
Витрати на охорону навколишнього природного середовища,Дніпропетровська,Очищення зворотних вод,Усього,Річна,2022,1982486300.0
Витрати на охорону навколишнього природного середовища,Дніпропетровська,Очищення зворотних вод,Усього,Річна,2023,2355476100.0
Витрати на охорону навколишнього природного середовища,Дніпропетровська,Очищення зворотних вод,Усього,Річна,2024,3264993700.0
Витрати на охорону навколишнього природного середовища,Дніпропетровська,Очищення зворотних вод,Усього,Річна,2025,3619401000.0
Витрати на охорону навколишнього природного середовища,Дніпропетровська,Охорона атмосферного повітря і проблеми зміни клімату,Усього,Річна,2021,2418829900.0
Витрати на охорону навколишнього природного середовища,Дніпропетровська,Охорона атмосферного повітря і проблеми зміни клімату,Усього,Річна,2022,1304476500.0
Витрати на охорону навколишнього природного середовища,Дніпропетровська,Охорона атмосферного повітря і проблеми зміни клімату,Усього,Річна,2023,1332619500.0
Витрати на охорону навколишнього природного середовища,Дніпропетровська,Охорона атмосферного повітря і проблеми зміни клімату,Усього,Річна,2024,922614700.0
Витрати на охорону навколишнього природного середовища,Дніпропетровська,Охорона атмосферного повітря і проблеми зміни клімату,Усього,Річна,2025,1157709300.0
Витрати на охорону навколишнього природного середовища,Дніпропетровська,Зниження шумового та вібраційного впливу,Усього,Річна,2021,667700.0
Витрати на охорону навколишнього природного середовища,Дніпропетровська,Зниження шумового та вібраційного впливу,Усього,Річна,2022,365600.0
Витрати на охорону навколишнього природного середовища,Дніпропетровська,Зниження шумового та вібраційного впливу,Усього,Річна,2023,362400.0
Витрати на охорону навколишнього природного середовища,Дніпропетровська,Зниження шумового та вібраційного впливу,Усього,Річна,2024,2349300.0
Витрати на охорону навколишнього природного середовища,Дніпропетровська,Зниження шумового та вібраційного впливу,Усього,Річна,2025,629900.0
Витрати на охорону навколишнього природного середовища,Дніпропетровська,Інші напрями природоохоронної діяльності,Усього,Річна,2021,121366600.0
Витрати на охорону навколишнього природного середовища,Дніпропетровська,Інші напрями природоохоронної діяльності,Усього,Річна,2022,66646399.99999999
Витрати на охорону навколишнього природного середовища,Дніпропетровська,Інші напрями природоохоронної діяльності,Усього,Річна,2023,72781600.0
Витрати на охорону навколишнього природного середовища,Дніпропетровська,Інші напрями природоохоронної діяльності,Усього,Річна,2024,88646600.0
Витрати на охорону навколишнього природного середовища,Дніпропетровська,Інші напрями природоохоронної діяльності,Усього,Річна,2025,142443400.0
Витрати на охорону навколишнього природного середовища,Дніпропетровська,Радіаційна безпека,Усього,Річна,2021,8262100.0
Витрати на охорону навколишнього природного середовища,Дніпропетровська,Радіаційна безпека,Усього,Річна,2022,3010100.0
Витрати на охорону навколишнього природного середовища,Дніпропетровська,Радіаційна безпека,Усього,Річна,2023,4644500.0
Витрати на охорону навколишнього природного середовища,Дніпропетровська,Радіаційна безпека,Усього,Річна,2024,6276200.0
Витрати на охорону навколишнього природного середовища,Дніпропетровська,Радіаційна безпека,Усього,Річна,2025,7109300.0
Витрати на охорону навколишнього природного середовища,Дніпропетровська,Поводження з відходами,Усього,Річна,2021,8949136200.0
Витрати на охорону навколишнього природного середовища,Дніпропетровська,Поводження з відходами,Усього,Річна,2022,5487966000.0
Витрати на охорону навколишнього природного середовища,Дніпропетровська,Поводження з відходами,Усього,Річна,2023,6434164700.0
Витрати на охорону навколишнього природного середовища,Дніпропетровська,Поводження з відходами,Усього,Річна,2024,7260811300.0
Витрати на охорону навколишнього природного середовища,Дніпропетровська,Поводження з відходами,Усього,Річна,2025,9417768300.0
Витрати на охорону навколишнього природного середовища,Донецька,Науково-дослідні роботи природоохоронного спрямування,Усього,Річна,2021,6352700.0
Витрати на охорону навколишнього природного середовища,Донецька,Науково-дослідні роботи природоохоронного спрямування,Усього,Річна,2022,57200.0
Витрати на охорону навколишнього природного середовища,Донецька,Науково-дослідні роботи природоохоронного спрямування,Усього,Річна,2023,441500.0
Витрати на охорону навколишнього природного середовища,Донецька,Науково-дослідні роботи природоохоронного спрямування,Усього,Річна,2024,1682100.0
Витрати на охорону навколишнього природного середовища,Донецька,"Захист і реабілітацію ґрунту, підземних  і поверхневих вод",Усього,Річна,2021,149778800.0
Витрати на охорону навколишнього природного середовища,Донецька,"Захист і реабілітацію ґрунту, підземних  і поверхневих вод",Усього,Річна,2022,11768300.0
Витрати на охорону навколишнього природного середовища,Донецька,"Захист і реабілітацію ґрунту, підземних  і поверхневих вод",Усього,Річна,2023,13671700.0
Витрати на охорону навколишнього природного середовища,Донецька,"Захист і реабілітацію ґрунту, підземних  і поверхневих вод",Усього,Річна,2024,27514400.0
Витрати на охорону навколишнього природного середовища,Донецька,"Захист і реабілітацію ґрунту, підземних  і поверхневих вод",Усього,Річна,2025,10477900.0
Витрати на охорону навколишнього природного середовища,Донецька,Охорона атмосферного повітря і проблеми зміни клімату,Усього,Річна,2021,1304848800.0
Витрати на охорону навколишнього природного середовища,Донецька,Охорона атмосферного повітря і проблеми зміни клімату,Усього,Річна,2022,72665500.0
Витрати на охорону навколишнього природного середовища,Донецька,Охорона атмосферного повітря і проблеми зміни клімату,Усього,Річна,2023,15494200.0
Витрати на охорону навколишнього природного середовища,Донецька,Охорона атмосферного повітря і проблеми зміни клімату,Усього,Річна,2024,2086100.0
Витрати на охорону навколишнього природного середовища,Донецька,Охорона атмосферного повітря і проблеми зміни клімату,Усього,Річна,2025,524500.0
Витрати на охорону навколишнього природного середовища,Донецька,Зниження шумового та вібраційного впливу,Усього,Річна,2021,371700.0
Витрати на охорону навколишнього природного середовища,Донецька,Зниження шумового та вібраційного впливу,Усього,Річна,2022,13600.0
Витрати на охорону навколишнього природного середовища,Донецька,Зниження шумового та вібраційного впливу,Усього,Річна,2023,32400.0
Витрати на охорону навколишнього природного середовища,Донецька,Зниження шумового та вібраційного впливу,Усього,Річна,2024,28300.0
Витрати на охорону навколишнього природного середовища,Донецька,Зниження шумового та вібраційного впливу,Усього,Річна,2025,9300.0
Витрати на охорону навколишнього природного середовища,Донецька,Інші напрями природоохоронної діяльності,Усього,Річна,2021,16108500.0
Витрати на охорону навколишнього природного середовища,Донецька,Інші напрями природоохоронної діяльності,Усього,Річна,2022,1435400.0
Витрати на охорону навколишнього природного середовища,Донецька,Інші напрями природоохоронної діяльності,Усього,Річна,2023,1366000.0
Витрати на охорону навколишнього природного середовища,Донецька,Інші напрями природоохоронної діяльності,Усього,Річна,2024,187500.0
Витрати на охорону навколишнього природного середовища,Донецька,Інші напрями природоохоронної діяльності,Усього,Річна,2025,103200.0
Витрати на охорону навколишнього природного середовища,Донецька,Поводження з відходами,Усього,Річна,2021,666153000.0
Витрати на охорону навколишнього природного середовища,Донецька,Поводження з відходами,Усього,Річна,2022,190983200.0
Витрати на охорону навколишнього природного середовища,Донецька,Поводження з відходами,Усього,Річна,2023,303965800.0
Витрати на охорону навколишнього природного середовища,Донецька,Поводження з відходами,Усього,Річна,2024,361157400.0
Витрати на охорону навколишнього природного середовища,Донецька,Поводження з відходами,Усього,Річна,2025,148805200.0
Витрати на охорону навколишнього природного середовища,Донецька,Очищення зворотних вод,Усього,Річна,2021,694894600.0
Витрати на охорону навколишнього природного середовища,Донецька,Очищення зворотних вод,Усього,Річна,2022,228959000.0
Витрати на охорону навколишнього природного середовища,Донецька,Очищення зворотних вод,Усього,Річна,2023,402317300.0
Витрати на охорону навколишнього природного середовища,Донецька,Очищення зворотних вод,Усього,Річна,2024,338327600.0
Витрати на охорону навколишнього природного середовища,Донецька,Очищення зворотних вод,Усього,Річна,2025,181013600.0
Витрати на охорону навколишнього природного середовища,Донецька,Збереження біорізноманіття та середовища існування,Усього,Річна,2021,20838800.0
Витрати на охорону навколишнього природного середовища,Донецька,Збереження біорізноманіття та середовища існування,Усього,Річна,2022,1073300.0
Витрати на охорону навколишнього природного середовища,Донецька,Збереження біорізноманіття та середовища існування,Усього,Річна,2023,5673000.0
Витрати на охорону навколишнього природного середовища,Донецька,Збереження біорізноманіття та середовища існування,Усього,Річна,2024,814500.0
Витрати на охорону навколишнього природного середовища,Донецька,Збереження біорізноманіття та середовища існування,Усього,Річна,2025,150000.0
Витрати на охорону навколишнього природного середовища,Донецька,Радіаційна безпека,Усього,Річна,2021,620000.0
Витрати на охорону навколишнього природного середовища,Донецька,Радіаційна безпека,Усього,Річна,2022,78600.0
Витрати на охорону навколишнього природного середовища,Донецька,Радіаційна безпека,Усього,Річна,2023,127500.0
Витрати на охорону навколишнього природного середовища,Донецька,Радіаційна безпека,Усього,Річна,2024,57000.0
Витрати на охорону навколишнього природного середовища,Донецька,Радіаційна безпека,Усього,Річна,2025,10700.0
Витрати на охорону навколишнього природного середовища,Житомирська,Інші напрями природоохоронної діяльності,Усього,Річна,2021,432700.0
Витрати на охорону навколишнього природного середовища,Житомирська,Інші напрями природоохоронної діяльності,Усього,Річна,2022,212400.0
Витрати на охорону навколишнього природного середовища,Житомирська,Інші напрями природоохоронної діяльності,Усього,Річна,2023,418200.0
Витрати на охорону навколишнього природного середовища,Житомирська,Інші напрями природоохоронної діяльності,Усього,Річна,2024,415400.0
Витрати на охорону навколишнього природного середовища,Житомирська,Інші напрями природоохоронної діяльності,Усього,Річна,2025,770800.0
Витрати на охорону навколишнього природного середовища,Житомирська,Очищення зворотних вод,Усього,Річна,2021,105781700.0
Витрати на охорону навколишнього природного середовища,Житомирська,Очищення зворотних вод,Усього,Річна,2022,108067700.0
Витрати на охорону навколишнього природного середовища,Житомирська,Очищення зворотних вод,Усього,Річна,2023,134349100.0
Витрати на охорону навколишнього природного середовища,Житомирська,Очищення зворотних вод,Усього,Річна,2024,173306700.0
Витрати на охорону навколишнього природного середовища,Житомирська,Очищення зворотних вод,Усього,Річна,2025,150379500.0
Витрати на охорону навколишнього природного середовища,Житомирська,Охорона атмосферного повітря і проблеми зміни клімату,Усього,Річна,2021,28482400.0
Витрати на охорону навколишнього природного середовища,Житомирська,Охорона атмосферного повітря і проблеми зміни клімату,Усього,Річна,2022,23590600.0
Витрати на охорону навколишнього природного середовища,Житомирська,Охорона атмосферного повітря і проблеми зміни клімату,Усього,Річна,2023,19167800.0
Витрати на охорону навколишнього природного середовища,Житомирська,Охорона атмосферного повітря і проблеми зміни клімату,Усього,Річна,2024,18521500.0
Витрати на охорону навколишнього природного середовища,Житомирська,Охорона атмосферного повітря і проблеми зміни клімату,Усього,Річна,2025,27231000.0
Витрати на охорону навколишнього природного середовища,Житомирська,Збереження біорізноманіття та середовища існування,Усього,Річна,2021,43275900.0
Витрати на охорону навколишнього природного середовища,Житомирська,Збереження біорізноманіття та середовища існування,Усього,Річна,2022,32514100.0
Витрати на охорону навколишнього природного середовища,Житомирська,Збереження біорізноманіття та середовища існування,Усього,Річна,2023,25630800.0
Витрати на охорону навколишнього природного середовища,Житомирська,Збереження біорізноманіття та середовища існування,Усього,Річна,2024,28334100.0
Витрати на охорону навколишнього природного середовища,Житомирська,Збереження біорізноманіття та середовища існування,Усього,Річна,2025,33715100.0
Витрати на охорону навколишнього природного середовища,Житомирська,Зниження шумового та вібраційного впливу,Усього,Річна,2021,105100.0
Витрати на охорону навколишнього природного середовища,Житомирська,Зниження шумового та вібраційного впливу,Усього,Річна,2022,105600.0
Витрати на охорону навколишнього природного середовища,Житомирська,Зниження шумового та вібраційного впливу,Усього,Річна,2023,95300.0
Витрати на охорону навколишнього природного середовища,Житомирська,Зниження шумового та вібраційного впливу,Усього,Річна,2024,70200.0
Витрати на охорону навколишнього природного середовища,Житомирська,Зниження шумового та вібраційного впливу,Усього,Річна,2025,93800.0
Витрати на охорону навколишнього природного середовища,Житомирська,Поводження з відходами,Усього,Річна,2021,110189500.0
Витрати на охорону навколишнього природного середовища,Житомирська,Поводження з відходами,Усього,Річна,2022,120236100.0
Витрати на охорону навколишнього природного середовища,Житомирська,Поводження з відходами,Усього,Річна,2023,224084300.0
Витрати на охорону навколишнього природного середовища,Житомирська,Поводження з відходами,Усього,Річна,2024,255682200.0
Витрати на охорону навколишнього природного середовища,Житомирська,Поводження з відходами,Усього,Річна,2025,280135200.0
Витрати на охорону навколишнього природного середовища,Житомирська,"Захист і реабілітацію ґрунту, підземних  і поверхневих вод",Усього,Річна,2021,4822200.0
Витрати на охорону навколишнього природного середовища,Житомирська,"Захист і реабілітацію ґрунту, підземних  і поверхневих вод",Усього,Річна,2022,12866800.0
Витрати на охорону навколишнього природного середовища,Житомирська,"Захист і реабілітацію ґрунту, підземних  і поверхневих вод",Усього,Річна,2023,24516500.0
Витрати на охорону навколишнього природного середовища,Житомирська,"Захист і реабілітацію ґрунту, підземних  і поверхневих вод",Усього,Річна,2024,5494400.0
Витрати на охорону навколишнього природного середовища,Житомирська,"Захист і реабілітацію ґрунту, підземних  і поверхневих вод",Усього,Річна,2025,2966400.0
Витрати на охорону навколишнього природного середовища,Житомирська,Науково-дослідні роботи природоохоронного спрямування,Усього,Річна,2022,110000.0
Витрати на охорону навколишнього природного середовища,Житомирська,Науково-дослідні роботи природоохоронного спрямування,Усього,Річна,2023,848200.0
Витрати на охорону навколишнього природного середовища,Житомирська,Науково-дослідні роботи природоохоронного спрямування,Усього,Річна,2024,162200.0
Витрати на охорону навколишнього природного середовища,Житомирська,Науково-дослідні роботи природоохоронного спрямування,Усього,Річна,2025,160600.0
Витрати на охорону навколишнього природного середовища,Житомирська,Радіаційна безпека,Усього,Річна,2021,125200.0
Витрати на охорону навколишнього природного середовища,Житомирська,Радіаційна безпека,Усього,Річна,2022,73100.0
Витрати на охорону навколишнього природного середовища,Житомирська,Радіаційна безпека,Усього,Річна,2023,192900.0
Витрати на охорону навколишнього природного середовища,Житомирська,Радіаційна безпека,Усього,Річна,2024,177100.0
Витрати на охорону навколишнього природного середовища,Житомирська,Радіаційна безпека,Усього,Річна,2025,148600.0
Витрати на охорону навколишнього природного середовища,Закарпатська,Очищення зворотних вод,Усього,Річна,2021,87968700.0
Витрати на охорону навколишнього природного середовища,Закарпатська,Очищення зворотних вод,Усього,Річна,2022,105660700.0
Витрати на охорону навколишнього природного середовища,Закарпатська,Очищення зворотних вод,Усього,Річна,2023,229994600.0
Витрати на охорону навколишнього природного середовища,Закарпатська,Очищення зворотних вод,Усього,Річна,2024,263065300.0
Витрати на охорону навколишнього природного середовища,Закарпатська,Очищення зворотних вод,Усього,Річна,2025,257691800.0
Витрати на охорону навколишнього природного середовища,Закарпатська,Інші напрями природоохоронної діяльності,Усього,Річна,2021,45199500.0
Витрати на охорону навколишнього природного середовища,Закарпатська,Інші напрями природоохоронної діяльності,Усього,Річна,2022,62449900.0
Витрати на охорону навколишнього природного середовища,Закарпатська,Інші напрями природоохоронної діяльності,Усього,Річна,2023,65144000.0
Витрати на охорону навколишнього природного середовища,Закарпатська,Інші напрями природоохоронної діяльності,Усього,Річна,2024,93747000.0
Витрати на охорону навколишнього природного середовища,Закарпатська,Інші напрями природоохоронної діяльності,Усього,Річна,2025,97688800.0
Витрати на охорону навколишнього природного середовища,Закарпатська,Зниження шумового та вібраційного впливу,Усього,Річна,2021,800.0
Витрати на охорону навколишнього природного середовища,Закарпатська,Зниження шумового та вібраційного впливу,Усього,Річна,2022,68700.0
Витрати на охорону навколишнього природного середовища,Закарпатська,Зниження шумового та вібраційного впливу,Усього,Річна,2023,87600.0
Витрати на охорону навколишнього природного середовища,Закарпатська,Зниження шумового та вібраційного впливу,Усього,Річна,2024,114000.0
Витрати на охорону навколишнього природного середовища,Закарпатська,Зниження шумового та вібраційного впливу,Усього,Річна,2025,72000.0
Витрати на охорону навколишнього природного середовища,Закарпатська,Збереження біорізноманіття та середовища існування,Усього,Річна,2021,110107500.0
Витрати на охорону навколишнього природного середовища,Закарпатська,Збереження біорізноманіття та середовища існування,Усього,Річна,2022,87925600.0
Витрати на охорону навколишнього природного середовища,Закарпатська,Збереження біорізноманіття та середовища існування,Усього,Річна,2023,125869700.0
Витрати на охорону навколишнього природного середовища,Закарпатська,Збереження біорізноманіття та середовища існування,Усього,Річна,2024,163698800.0
Витрати на охорону навколишнього природного середовища,Закарпатська,Збереження біорізноманіття та середовища існування,Усього,Річна,2025,17638500.0
Витрати на охорону навколишнього природного середовища,Закарпатська,Охорона атмосферного повітря і проблеми зміни клімату,Усього,Річна,2021,1198400.0
Витрати на охорону навколишнього природного середовища,Закарпатська,Охорона атмосферного повітря і проблеми зміни клімату,Усього,Річна,2022,1505300.0
Витрати на охорону навколишнього природного середовища,Закарпатська,Охорона атмосферного повітря і проблеми зміни клімату,Усього,Річна,2023,48319200.0
Витрати на охорону навколишнього природного середовища,Закарпатська,Охорона атмосферного повітря і проблеми зміни клімату,Усього,Річна,2024,57356500.0
Витрати на охорону навколишнього природного середовища,Закарпатська,Охорона атмосферного повітря і проблеми зміни клімату,Усього,Річна,2025,1390900.0
Витрати на охорону навколишнього природного середовища,Закарпатська,Науково-дослідні роботи природоохоронного спрямування,Усього,Річна,2021,64099.99999999999
Витрати на охорону навколишнього природного середовища,Закарпатська,Науково-дослідні роботи природоохоронного спрямування,Усього,Річна,2022,45200.0
Витрати на охорону навколишнього природного середовища,Закарпатська,Науково-дослідні роботи природоохоронного спрямування,Усього,Річна,2023,126900.0
Витрати на охорону навколишнього природного середовища,Закарпатська,Науково-дослідні роботи природоохоронного спрямування,Усього,Річна,2024,399400.0
Витрати на охорону навколишнього природного середовища,Закарпатська,Науково-дослідні роботи природоохоронного спрямування,Усього,Річна,2025,283900.0
Витрати на охорону навколишнього природного середовища,Закарпатська,Радіаційна безпека,Усього,Річна,2021,4800.0
Витрати на охорону навколишнього природного середовища,Закарпатська,Радіаційна безпека,Усього,Річна,2022,9700.0
Витрати на охорону навколишнього природного середовища,Закарпатська,Радіаційна безпека,Усього,Річна,2023,29200.0
Витрати на охорону навколишнього природного середовища,Закарпатська,Радіаційна безпека,Усього,Річна,2024,62300.0
Витрати на охорону навколишнього природного середовища,Закарпатська,Радіаційна безпека,Усього,Річна,2025,86900.0
Витрати на охорону навколишнього природного середовища,Закарпатська,"Захист і реабілітацію ґрунту, підземних  і поверхневих вод",Усього,Річна,2021,911300.0
Витрати на охорону навколишнього природного середовища,Закарпатська,"Захист і реабілітацію ґрунту, підземних  і поверхневих вод",Усього,Річна,2022,1147200.0
Витрати на охорону навколишнього природного середовища,Закарпатська,"Захист і реабілітацію ґрунту, підземних  і поверхневих вод",Усього,Річна,2023,1366100.0
Витрати на охорону навколишнього природного середовища,Закарпатська,"Захист і реабілітацію ґрунту, підземних  і поверхневих вод",Усього,Річна,2024,1435600.0
Витрати на охорону навколишнього природного середовища,Закарпатська,"Захист і реабілітацію ґрунту, підземних  і поверхневих вод",Усього,Річна,2025,1289400.0
Витрати на охорону навколишнього природного середовища,Закарпатська,Поводження з відходами,Усього,Річна,2021,75746400.0
Витрати на охорону навколишнього природного середовища,Закарпатська,Поводження з відходами,Усього,Річна,2022,96106200.0
Витрати на охорону навколишнього природного середовища,Закарпатська,Поводження з відходами,Усього,Річна,2023,153613800.0
Витрати на охорону навколишнього природного середовища,Закарпатська,Поводження з відходами,Усього,Річна,2024,213177700.0
Витрати на охорону навколишнього природного середовища,Закарпатська,Поводження з відходами,Усього,Річна,2025,267087900.00000003
Витрати на охорону навколишнього природного середовища,Запорізька,Поводження з відходами,Усього,Річна,2021,556007600.0
Витрати на охорону навколишнього природного середовища,Запорізька,Поводження з відходами,Усього,Річна,2022,311684700.0
Витрати на охорону навколишнього природного середовища,Запорізька,Поводження з відходами,Усього,Річна,2023,349050200.0
Витрати на охорону навколишнього природного середовища,Запорізька,Поводження з відходами,Усього,Річна,2024,375451500.0
Витрати на охорону навколишнього природного середовища,Запорізька,Поводження з відходами,Усього,Річна,2025,432239500.0
Витрати на охорону навколишнього природного середовища,Запорізька,Охорона атмосферного повітря і проблеми зміни клімату,Усього,Річна,2021,1369045600.0
Витрати на охорону навколишнього природного середовища,Запорізька,Охорона атмосферного повітря і проблеми зміни клімату,Усього,Річна,2022,1062680300.0
Витрати на охорону навколишнього природного середовища,Запорізька,Охорона атмосферного повітря і проблеми зміни клімату,Усього,Річна,2023,772718600.0
Витрати на охорону навколишнього природного середовища,Запорізька,Охорона атмосферного повітря і проблеми зміни клімату,Усього,Річна,2024,1065455100.0000001
Витрати на охорону навколишнього природного середовища,Запорізька,Охорона атмосферного повітря і проблеми зміни клімату,Усього,Річна,2025,1109816500.0
Витрати на охорону навколишнього природного середовища,Запорізька,Зниження шумового та вібраційного впливу,Усього,Річна,2021,914900.0
Витрати на охорону навколишнього природного середовища,Запорізька,Зниження шумового та вібраційного впливу,Усього,Річна,2022,679500.0
Витрати на охорону навколишнього природного середовища,Запорізька,Зниження шумового та вібраційного впливу,Усього,Річна,2023,867100.0
Витрати на охорону навколишнього природного середовища,Запорізька,Зниження шумового та вібраційного впливу,Усього,Річна,2024,551000.0
Витрати на охорону навколишнього природного середовища,Запорізька,Зниження шумового та вібраційного впливу,Усього,Річна,2025,306900.0
Витрати на охорону навколишнього природного середовища,Запорізька,Науково-дослідні роботи природоохоронного спрямування,Усього,Річна,2021,6272500.0
Витрати на охорону навколишнього природного середовища,Запорізька,Науково-дослідні роботи природоохоронного спрямування,Усього,Річна,2022,1467800.0
Витрати на охорону навколишнього природного середовища,Запорізька,Науково-дослідні роботи природоохоронного спрямування,Усього,Річна,2023,2919300.0
Витрати на охорону навколишнього природного середовища,Запорізька,Науково-дослідні роботи природоохоронного спрямування,Усього,Річна,2024,2328200.0
Витрати на охорону навколишнього природного середовища,Запорізька,Науково-дослідні роботи природоохоронного спрямування,Усього,Річна,2025,619300.0
Витрати на охорону навколишнього природного середовища,Запорізька,"Захист і реабілітацію ґрунту, підземних  і поверхневих вод",Усього,Річна,2021,548114200.0
Витрати на охорону навколишнього природного середовища,Запорізька,"Захист і реабілітацію ґрунту, підземних  і поверхневих вод",Усього,Річна,2022,7139900.0
Витрати на охорону навколишнього природного середовища,Запорізька,"Захист і реабілітацію ґрунту, підземних  і поверхневих вод",Усього,Річна,2023,26209700.0
Витрати на охорону навколишнього природного середовища,Запорізька,"Захист і реабілітацію ґрунту, підземних  і поверхневих вод",Усього,Річна,2024,33068400.0
Витрати на охорону навколишнього природного середовища,Запорізька,"Захист і реабілітацію ґрунту, підземних  і поверхневих вод",Усього,Річна,2025,143286300.0
Витрати на охорону навколишнього природного середовища,Запорізька,Інші напрями природоохоронної діяльності,Усього,Річна,2021,39981600.0
Витрати на охорону навколишнього природного середовища,Запорізька,Інші напрями природоохоронної діяльності,Усього,Річна,2022,16976800.0
Витрати на охорону навколишнього природного середовища,Запорізька,Інші напрями природоохоронної діяльності,Усього,Річна,2023,16042600.0
Витрати на охорону навколишнього природного середовища,Запорізька,Інші напрями природоохоронної діяльності,Усього,Річна,2024,16439599.999999998
Витрати на охорону навколишнього природного середовища,Запорізька,Інші напрями природоохоронної діяльності,Усього,Річна,2025,20032800.0
Витрати на охорону навколишнього природного середовища,Запорізька,Збереження біорізноманіття та середовища існування,Усього,Річна,2021,35455700.0
Витрати на охорону навколишнього природного середовища,Запорізька,Збереження біорізноманіття та середовища існування,Усього,Річна,2022,14105700.0
Витрати на охорону навколишнього природного середовища,Запорізька,Збереження біорізноманіття та середовища існування,Усього,Річна,2023,9631500.0
Витрати на охорону навколишнього природного середовища,Запорізька,Збереження біорізноманіття та середовища існування,Усього,Річна,2024,11888800.0
Витрати на охорону навколишнього природного середовища,Запорізька,Збереження біорізноманіття та середовища існування,Усього,Річна,2025,19784100.0
Витрати на охорону навколишнього природного середовища,Запорізька,Радіаційна безпека,Усього,Річна,2021,2184900.0
Витрати на охорону навколишнього природного середовища,Запорізька,Радіаційна безпека,Усього,Річна,2022,117600.0
Витрати на охорону навколишнього природного середовища,Запорізька,Радіаційна безпека,Усього,Річна,2023,156500.0
Витрати на охорону навколишнього природного середовища,Запорізька,Радіаційна безпека,Усього,Річна,2024,205800.0
Витрати на охорону навколишнього природного середовища,Запорізька,Радіаційна безпека,Усього,Річна,2025,211300.0
Витрати на охорону навколишнього природного середовища,Запорізька,Очищення зворотних вод,Усього,Річна,2021,910062100.0
Витрати на охорону навколишнього природного середовища,Запорізька,Очищення зворотних вод,Усього,Річна,2022,666730100.0
Витрати на охорону навколишнього природного середовища,Запорізька,Очищення зворотних вод,Усього,Річна,2023,740750900.0
Витрати на охорону навколишнього природного середовища,Запорізька,Очищення зворотних вод,Усього,Річна,2024,769886000.0
Витрати на охорону навколишнього природного середовища,Запорізька,Очищення зворотних вод,Усього,Річна,2025,916873600.0
Витрати на охорону навколишнього природного середовища,Івано-Франківська,Радіаційна безпека,Усього,Річна,2021,7000.0
Витрати на охорону навколишнього природного середовища,Івано-Франківська,Радіаційна безпека,Усього,Річна,2022,130100.0
Витрати на охорону навколишнього природного середовища,Івано-Франківська,Радіаційна безпека,Усього,Річна,2023,10900.0
Витрати на охорону навколишнього природного середовища,Івано-Франківська,Радіаційна безпека,Усього,Річна,2024,65400.00000000001
Витрати на охорону навколишнього природного середовища,Івано-Франківська,Радіаційна безпека,Усього,Річна,2025,59000.0
Витрати на охорону навколишнього природного середовища,Івано-Франківська,Інші напрями природоохоронної діяльності,Усього,Річна,2021,13275700.0
Витрати на охорону навколишнього природного середовища,Івано-Франківська,Інші напрями природоохоронної діяльності,Усього,Річна,2022,3629200.0
Витрати на охорону навколишнього природного середовища,Івано-Франківська,Інші напрями природоохоронної діяльності,Усього,Річна,2023,554900.0
Витрати на охорону навколишнього природного середовища,Івано-Франківська,Інші напрями природоохоронної діяльності,Усього,Річна,2024,684400.0
Витрати на охорону навколишнього природного середовища,Івано-Франківська,Інші напрями природоохоронної діяльності,Усього,Річна,2025,1429400.0
Витрати на охорону навколишнього природного середовища,Івано-Франківська,Науково-дослідні роботи природоохоронного спрямування,Усього,Річна,2021,2718600.0
Витрати на охорону навколишнього природного середовища,Івано-Франківська,Науково-дослідні роботи природоохоронного спрямування,Усього,Річна,2022,7500.0
Витрати на охорону навколишнього природного середовища,Івано-Франківська,Науково-дослідні роботи природоохоронного спрямування,Усього,Річна,2023,12000.0
Витрати на охорону навколишнього природного середовища,Івано-Франківська,Науково-дослідні роботи природоохоронного спрямування,Усього,Річна,2024,265500.0
Витрати на охорону навколишнього природного середовища,Івано-Франківська,Науково-дослідні роботи природоохоронного спрямування,Усього,Річна,2025,496100.0
Витрати на охорону навколишнього природного середовища,Івано-Франківська,Збереження біорізноманіття та середовища існування,Усього,Річна,2021,134123700.00000001
Витрати на охорону навколишнього природного середовища,Івано-Франківська,Збереження біорізноманіття та середовища існування,Усього,Річна,2022,136395100.0
Витрати на охорону навколишнього природного середовища,Івано-Франківська,Збереження біорізноманіття та середовища існування,Усього,Річна,2023,102337000.0
Витрати на охорону навколишнього природного середовища,Івано-Франківська,Збереження біорізноманіття та середовища існування,Усього,Річна,2024,116910400.0
Витрати на охорону навколишнього природного середовища,Івано-Франківська,Збереження біорізноманіття та середовища існування,Усього,Річна,2025,93333100.0
Витрати на охорону навколишнього природного середовища,Івано-Франківська,Зниження шумового та вібраційного впливу,Усього,Річна,2021,90000.0
Витрати на охорону навколишнього природного середовища,Івано-Франківська,Зниження шумового та вібраційного впливу,Усього,Річна,2022,189700.0
Витрати на охорону навколишнього природного середовища,Івано-Франківська,Зниження шумового та вібраційного впливу,Усього,Річна,2023,267500.0
Витрати на охорону навколишнього природного середовища,Івано-Франківська,Зниження шумового та вібраційного впливу,Усього,Річна,2024,339000.0
Витрати на охорону навколишнього природного середовища,Івано-Франківська,Зниження шумового та вібраційного впливу,Усього,Річна,2025,743000.0
Витрати на охорону навколишнього природного середовища,Івано-Франківська,"Захист і реабілітацію ґрунту, підземних  і поверхневих вод",Усього,Річна,2021,51316200.0
Витрати на охорону навколишнього природного середовища,Івано-Франківська,"Захист і реабілітацію ґрунту, підземних  і поверхневих вод",Усього,Річна,2022,15542400.0
Витрати на охорону навколишнього природного середовища,Івано-Франківська,"Захист і реабілітацію ґрунту, підземних  і поверхневих вод",Усього,Річна,2023,39538700.0
Витрати на охорону навколишнього природного середовища,Івано-Франківська,"Захист і реабілітацію ґрунту, підземних  і поверхневих вод",Усього,Річна,2024,10127300.0
Витрати на охорону навколишнього природного середовища,Івано-Франківська,"Захист і реабілітацію ґрунту, підземних  і поверхневих вод",Усього,Річна,2025,18632300.0
Витрати на охорону навколишнього природного середовища,Івано-Франківська,Поводження з відходами,Усього,Річна,2021,131320200.00000001
Витрати на охорону навколишнього природного середовища,Івано-Франківська,Поводження з відходами,Усього,Річна,2022,126116500.0
Витрати на охорону навколишнього природного середовища,Івано-Франківська,Поводження з відходами,Усього,Річна,2023,198923800.0
Витрати на охорону навколишнього природного середовища,Івано-Франківська,Поводження з відходами,Усього,Річна,2024,242118000.0
Витрати на охорону навколишнього природного середовища,Івано-Франківська,Поводження з відходами,Усього,Річна,2025,320197700.0
Витрати на охорону навколишнього природного середовища,Івано-Франківська,Очищення зворотних вод,Усього,Річна,2021,318791200.0
Витрати на охорону навколишнього природного середовища,Івано-Франківська,Очищення зворотних вод,Усього,Річна,2022,269918400.0
Витрати на охорону навколишнього природного середовища,Івано-Франківська,Очищення зворотних вод,Усього,Річна,2023,333259900.0
Витрати на охорону навколишнього природного середовища,Івано-Франківська,Очищення зворотних вод,Усього,Річна,2024,330008100.0
Витрати на охорону навколишнього природного середовища,Івано-Франківська,Очищення зворотних вод,Усього,Річна,2025,371616200.0
Витрати на охорону навколишнього природного середовища,Івано-Франківська,Охорона атмосферного повітря і проблеми зміни клімату,Усього,Річна,2021,224264000.0
Витрати на охорону навколишнього природного середовища,Івано-Франківська,Охорона атмосферного повітря і проблеми зміни клімату,Усього,Річна,2022,93631600.0
Витрати на охорону навколишнього природного середовища,Івано-Франківська,Охорона атмосферного повітря і проблеми зміни клімату,Усього,Річна,2023,246230600.0
Витрати на охорону навколишнього природного середовища,Івано-Франківська,Охорона атмосферного повітря і проблеми зміни клімату,Усього,Річна,2024,299836100.0
Витрати на охорону навколишнього природного середовища,Івано-Франківська,Охорона атмосферного повітря і проблеми зміни клімату,Усього,Річна,2025,373606500.0
Витрати на охорону навколишнього природного середовища,Київська,Поводження з відходами,Усього,Річна,2021,607895500.0
Витрати на охорону навколишнього природного середовища,Київська,Поводження з відходами,Усього,Річна,2022,324911700.0
Витрати на охорону навколишнього природного середовища,Київська,Поводження з відходами,Усього,Річна,2023,555086900.0
Витрати на охорону навколишнього природного середовища,Київська,Поводження з відходами,Усього,Річна,2024,513368400.0
Витрати на охорону навколишнього природного середовища,Київська,Поводження з відходами,Усього,Річна,2025,488301300.0
Витрати на охорону навколишнього природного середовища,Київська,Науково-дослідні роботи природоохоронного спрямування,Усього,Річна,2021,4498000.0
Витрати на охорону навколишнього природного середовища,Київська,Науково-дослідні роботи природоохоронного спрямування,Усього,Річна,2022,2058900.0
Витрати на охорону навколишнього природного середовища,Київська,Науково-дослідні роботи природоохоронного спрямування,Усього,Річна,2023,2104100.0
Витрати на охорону навколишнього природного середовища,Київська,Науково-дослідні роботи природоохоронного спрямування,Усього,Річна,2024,2657800.0
Витрати на охорону навколишнього природного середовища,Київська,Науково-дослідні роботи природоохоронного спрямування,Усього,Річна,2025,1660600.0
Витрати на охорону навколишнього природного середовища,Київська,"Захист і реабілітацію ґрунту, підземних  і поверхневих вод",Усього,Річна,2021,4675400.0
Витрати на охорону навколишнього природного середовища,Київська,"Захист і реабілітацію ґрунту, підземних  і поверхневих вод",Усього,Річна,2022,17038500.0
Витрати на охорону навколишнього природного середовища,Київська,"Захист і реабілітацію ґрунту, підземних  і поверхневих вод",Усього,Річна,2023,18922300.0
Витрати на охорону навколишнього природного середовища,Київська,"Захист і реабілітацію ґрунту, підземних  і поверхневих вод",Усього,Річна,2024,15498700.0
Витрати на охорону навколишнього природного середовища,Київська,"Захист і реабілітацію ґрунту, підземних  і поверхневих вод",Усього,Річна,2025,21415300.0
Витрати на охорону навколишнього природного середовища,Київська,Радіаційна безпека,Усього,Річна,2021,228544200.0
Витрати на охорону навколишнього природного середовища,Київська,Радіаційна безпека,Усього,Річна,2022,136164900.0
Витрати на охорону навколишнього природного середовища,Київська,Радіаційна безпека,Усього,Річна,2023,125864100.0
Витрати на охорону навколишнього природного середовища,Київська,Радіаційна безпека,Усього,Річна,2024,149408700.0
Витрати на охорону навколишнього природного середовища,Київська,Радіаційна безпека,Усього,Річна,2025,181677800.0
Витрати на охорону навколишнього природного середовища,Київська,Інші напрями природоохоронної діяльності,Усього,Річна,2021,9000600.0
Витрати на охорону навколишнього природного середовища,Київська,Інші напрями природоохоронної діяльності,Усього,Річна,2022,54034900.0
Витрати на охорону навколишнього природного середовища,Київська,Інші напрями природоохоронної діяльності,Усього,Річна,2023,11783300.0
Витрати на охорону навколишнього природного середовища,Київська,Інші напрями природоохоронної діяльності,Усього,Річна,2024,17771900.0
Витрати на охорону навколишнього природного середовища,Київська,Інші напрями природоохоронної діяльності,Усього,Річна,2025,84985400.0
Витрати на охорону навколишнього природного середовища,Київська,Зниження шумового та вібраційного впливу,Усього,Річна,2021,355800.0
Витрати на охорону навколишнього природного середовища,Київська,Зниження шумового та вібраційного впливу,Усього,Річна,2022,1620300.0
Витрати на охорону навколишнього природного середовища,Київська,Зниження шумового та вібраційного впливу,Усього,Річна,2023,6874800.0
Витрати на охорону навколишнього природного середовища,Київська,Зниження шумового та вібраційного впливу,Усього,Річна,2024,13181700.0
Витрати на охорону навколишнього природного середовища,Київська,Зниження шумового та вібраційного впливу,Усього,Річна,2025,115500.0
Витрати на охорону навколишнього природного середовища,Київська,Охорона атмосферного повітря і проблеми зміни клімату,Усього,Річна,2021,67063399.99999999
Витрати на охорону навколишнього природного середовища,Київська,Охорона атмосферного повітря і проблеми зміни клімату,Усього,Річна,2022,41336700.0
Витрати на охорону навколишнього природного середовища,Київська,Охорона атмосферного повітря і проблеми зміни клімату,Усього,Річна,2023,90710200.0
Витрати на охорону навколишнього природного середовища,Київська,Охорона атмосферного повітря і проблеми зміни клімату,Усього,Річна,2024,107064700.0
Витрати на охорону навколишнього природного середовища,Київська,Охорона атмосферного повітря і проблеми зміни клімату,Усього,Річна,2025,231749700.0
Витрати на охорону навколишнього природного середовища,Київська,Очищення зворотних вод,Усього,Річна,2021,702392200.0
Витрати на охорону навколишнього природного середовища,Київська,Очищення зворотних вод,Усього,Річна,2022,630981800.0
Витрати на охорону навколишнього природного середовища,Київська,Очищення зворотних вод,Усього,Річна,2023,781517700.0
Витрати на охорону навколишнього природного середовища,Київська,Очищення зворотних вод,Усього,Річна,2024,957075300.0
Витрати на охорону навколишнього природного середовища,Київська,Очищення зворотних вод,Усього,Річна,2025,1098418700.0
Витрати на охорону навколишнього природного середовища,Київська,Збереження біорізноманіття та середовища існування,Усього,Річна,2021,169861800.0
Витрати на охорону навколишнього природного середовища,Київська,Збереження біорізноманіття та середовища існування,Усього,Річна,2022,173925400.0
Витрати на охорону навколишнього природного середовища,Київська,Збереження біорізноманіття та середовища існування,Усього,Річна,2023,146437200.0
Витрати на охорону навколишнього природного середовища,Київська,Збереження біорізноманіття та середовища існування,Усього,Річна,2024,165862200.0
Витрати на охорону навколишнього природного середовища,Київська,Збереження біорізноманіття та середовища існування,Усього,Річна,2025,236087400.0
Витрати на охорону навколишнього природного середовища,Кіровоградська,Інші напрями природоохоронної діяльності,Усього,Річна,2021,411800.0
Витрати на охорону навколишнього природного середовища,Кіровоградська,Інші напрями природоохоронної діяльності,Усього,Річна,2022,286600.0
Витрати на охорону навколишнього природного середовища,Кіровоградська,Інші напрями природоохоронної діяльності,Усього,Річна,2023,813800.0
Витрати на охорону навколишнього природного середовища,Кіровоградська,Інші напрями природоохоронної діяльності,Усього,Річна,2024,294800.0
Витрати на охорону навколишнього природного середовища,Кіровоградська,Інші напрями природоохоронної діяльності,Усього,Річна,2025,554300.0
Витрати на охорону навколишнього природного середовища,Кіровоградська,Радіаційна безпека,Усього,Річна,2021,105700.0
Витрати на охорону навколишнього природного середовища,Кіровоградська,Радіаційна безпека,Усього,Річна,2022,171700.0
Витрати на охорону навколишнього природного середовища,Кіровоградська,Радіаційна безпека,Усього,Річна,2023,159900.0
Витрати на охорону навколишнього природного середовища,Кіровоградська,Радіаційна безпека,Усього,Річна,2024,117600.0
Витрати на охорону навколишнього природного середовища,Кіровоградська,Радіаційна безпека,Усього,Річна,2025,141100.0
Витрати на охорону навколишнього природного середовища,Кіровоградська,Зниження шумового та вібраційного впливу,Усього,Річна,2021,7600.0
Витрати на охорону навколишнього природного середовища,Кіровоградська,Зниження шумового та вібраційного впливу,Усього,Річна,2022,7600.0
Витрати на охорону навколишнього природного середовища,Кіровоградська,Зниження шумового та вібраційного впливу,Усього,Річна,2023,9800.0
Витрати на охорону навколишнього природного середовища,Кіровоградська,Зниження шумового та вібраційного впливу,Усього,Річна,2024,5900.0
Витрати на охорону навколишнього природного середовища,Кіровоградська,Зниження шумового та вібраційного впливу,Усього,Річна,2025,2100.0
Витрати на охорону навколишнього природного середовища,Кіровоградська,Поводження з відходами,Усього,Річна,2021,32127500.0
Витрати на охорону навколишнього природного середовища,Кіровоградська,Поводження з відходами,Усього,Річна,2022,51327800.0
Витрати на охорону навколишнього природного середовища,Кіровоградська,Поводження з відходами,Усього,Річна,2023,57864700.0
Витрати на охорону навколишнього природного середовища,Кіровоградська,Поводження з відходами,Усього,Річна,2024,85094000.0
Витрати на охорону навколишнього природного середовища,Кіровоградська,Поводження з відходами,Усього,Річна,2025,62524900.0
Витрати на охорону навколишнього природного середовища,Кіровоградська,Очищення зворотних вод,Усього,Річна,2021,341477400.0
Витрати на охорону навколишнього природного середовища,Кіровоградська,Очищення зворотних вод,Усього,Річна,2022,327831700.0
Витрати на охорону навколишнього природного середовища,Кіровоградська,Очищення зворотних вод,Усього,Річна,2023,361676500.0
Витрати на охорону навколишнього природного середовища,Кіровоградська,Очищення зворотних вод,Усього,Річна,2024,391189000.0
Витрати на охорону навколишнього природного середовища,Кіровоградська,Очищення зворотних вод,Усього,Річна,2025,514576000.0
Витрати на охорону навколишнього природного середовища,Кіровоградська,Збереження біорізноманіття та середовища існування,Усього,Річна,2021,45619000.0
Витрати на охорону навколишнього природного середовища,Кіровоградська,Збереження біорізноманіття та середовища існування,Усього,Річна,2022,103093900.0
Витрати на охорону навколишнього природного середовища,Кіровоградська,Збереження біорізноманіття та середовища існування,Усього,Річна,2023,10314800.0
Витрати на охорону навколишнього природного середовища,Кіровоградська,Збереження біорізноманіття та середовища існування,Усього,Річна,2024,11799700.0
Витрати на охорону навколишнього природного середовища,Кіровоградська,Збереження біорізноманіття та середовища існування,Усього,Річна,2025,11660100.0
Витрати на охорону навколишнього природного середовища,Кіровоградська,Охорона атмосферного повітря і проблеми зміни клімату,Усього,Річна,2021,15146300.0
Витрати на охорону навколишнього природного середовища,Кіровоградська,Охорона атмосферного повітря і проблеми зміни клімату,Усього,Річна,2022,6257800.0
Витрати на охорону навколишнього природного середовища,Кіровоградська,Охорона атмосферного повітря і проблеми зміни клімату,Усього,Річна,2023,8531300.0
Витрати на охорону навколишнього природного середовища,Кіровоградська,Охорона атмосферного повітря і проблеми зміни клімату,Усього,Річна,2024,12353300.0
Витрати на охорону навколишнього природного середовища,Кіровоградська,Охорона атмосферного повітря і проблеми зміни клімату,Усього,Річна,2025,14516200.0
Витрати на охорону навколишнього природного середовища,Кіровоградська,Науково-дослідні роботи природоохоронного спрямування,Усього,Річна,2023,259000.0
Витрати на охорону навколишнього природного середовища,Кіровоградська,Науково-дослідні роботи природоохоронного спрямування,Усього,Річна,2024,70200.0
Витрати на охорону навколишнього природного середовища,Кіровоградська,Науково-дослідні роботи природоохоронного спрямування,Усього,Річна,2025,143600.0
Витрати на охорону навколишнього природного середовища,Кіровоградська,"Захист і реабілітацію ґрунту, підземних  і поверхневих вод",Усього,Річна,2021,16351600.0
Витрати на охорону навколишнього природного середовища,Кіровоградська,"Захист і реабілітацію ґрунту, підземних  і поверхневих вод",Усього,Річна,2022,3756500.0
Витрати на охорону навколишнього природного середовища,Кіровоградська,"Захист і реабілітацію ґрунту, підземних  і поверхневих вод",Усього,Річна,2023,2424100.0
Витрати на охорону навколишнього природного середовища,Кіровоградська,"Захист і реабілітацію ґрунту, підземних  і поверхневих вод",Усього,Річна,2024,10087400.0
Витрати на охорону навколишнього природного середовища,Кіровоградська,"Захист і реабілітацію ґрунту, підземних  і поверхневих вод",Усього,Річна,2025,8937100.0
Витрати на охорону навколишнього природного середовища,Луганська,Охорона атмосферного повітря і проблеми зміни клімату,Усього,Річна,2021,26412800.0
Витрати на охорону навколишнього природного середовища,Луганська,Охорона атмосферного повітря і проблеми зміни клімату,Усього,Річна,2022,113400.0
Витрати на охорону навколишнього природного середовища,Луганська,Інші напрями природоохоронної діяльності,Усього,Річна,2021,22838600.0
Витрати на охорону навколишнього природного середовища,Луганська,Інші напрями природоохоронної діяльності,Усього,Річна,2022,157000.0
Витрати на охорону навколишнього природного середовища,Луганська,Очищення зворотних вод,Усього,Річна,2021,274760900.0
Витрати на охорону навколишнього природного середовища,Луганська,Очищення зворотних вод,Усього,Річна,2022,184200.0
Витрати на охорону навколишнього природного середовища,Луганська,Збереження біорізноманіття та середовища існування,Усього,Річна,2021,78524100.0
Витрати на охорону навколишнього природного середовища,Луганська,Збереження біорізноманіття та середовища існування,Усього,Річна,2022,2207800.0
Витрати на охорону навколишнього природного середовища,Луганська,Збереження біорізноманіття та середовища існування,Усього,Річна,2023,1416000.0
Витрати на охорону навколишнього природного середовища,Луганська,Збереження біорізноманіття та середовища існування,Усього,Річна,2024,1788200.0
Витрати на охорону навколишнього природного середовища,Луганська,Збереження біорізноманіття та середовища існування,Усього,Річна,2025,1758800.0
Витрати на охорону навколишнього природного середовища,Луганська,"Захист і реабілітацію ґрунту, підземних  і поверхневих вод",Усього,Річна,2021,1302800.0
Витрати на охорону навколишнього природного середовища,Луганська,"Захист і реабілітацію ґрунту, підземних  і поверхневих вод",Усього,Річна,2022,128800.00000000001
Витрати на охорону навколишнього природного середовища,Луганська,Поводження з відходами,Усього,Річна,2021,88056900.0
Витрати на охорону навколишнього природного середовища,Луганська,Радіаційна безпека,Усього,Річна,2021,12500.0
Витрати на охорону навколишнього природного середовища,Львівська,Очищення зворотних вод,Усього,Річна,2021,568792000.0
Витрати на охорону навколишнього природного середовища,Львівська,Очищення зворотних вод,Усього,Річна,2022,690165800.0
Витрати на охорону навколишнього природного середовища,Львівська,Очищення зворотних вод,Усього,Річна,2023,863573100.0
Витрати на охорону навколишнього природного середовища,Львівська,Очищення зворотних вод,Усього,Річна,2024,962387600.0
Витрати на охорону навколишнього природного середовища,Львівська,Очищення зворотних вод,Усього,Річна,2025,1138237500.0
Витрати на охорону навколишнього природного середовища,Львівська,Охорона атмосферного повітря і проблеми зміни клімату,Усього,Річна,2021,95058500.0
Витрати на охорону навколишнього природного середовища,Львівська,Охорона атмосферного повітря і проблеми зміни клімату,Усього,Річна,2022,83863800.0
Витрати на охорону навколишнього природного середовища,Львівська,Охорона атмосферного повітря і проблеми зміни клімату,Усього,Річна,2023,109141500.0
Витрати на охорону навколишнього природного середовища,Львівська,Охорона атмосферного повітря і проблеми зміни клімату,Усього,Річна,2024,78854900.0
Витрати на охорону навколишнього природного середовища,Львівська,Охорона атмосферного повітря і проблеми зміни клімату,Усього,Річна,2025,396126100.0
Витрати на охорону навколишнього природного середовища,Львівська,Поводження з відходами,Усього,Річна,2021,535088900.0
Витрати на охорону навколишнього природного середовища,Львівська,Поводження з відходами,Усього,Річна,2022,616591600.0
Витрати на охорону навколишнього природного середовища,Львівська,Поводження з відходами,Усього,Річна,2023,749342000.0
Витрати на охорону навколишнього природного середовища,Львівська,Поводження з відходами,Усього,Річна,2024,1184841900.0
Витрати на охорону навколишнього природного середовища,Львівська,Поводження з відходами,Усього,Річна,2025,1430480000.0
Витрати на охорону навколишнього природного середовища,Львівська,Зниження шумового та вібраційного впливу,Усього,Річна,2021,546700.0
Витрати на охорону навколишнього природного середовища,Львівська,Зниження шумового та вібраційного впливу,Усього,Річна,2022,3490900.0
Витрати на охорону навколишнього природного середовища,Львівська,Зниження шумового та вібраційного впливу,Усього,Річна,2023,1778000.0
Витрати на охорону навколишнього природного середовища,Львівська,Зниження шумового та вібраційного впливу,Усього,Річна,2024,642300.0
Витрати на охорону навколишнього природного середовища,Львівська,Зниження шумового та вібраційного впливу,Усього,Річна,2025,630400.0
Витрати на охорону навколишнього природного середовища,Львівська,Збереження біорізноманіття та середовища існування,Усього,Річна,2021,27738000.0
Витрати на охорону навколишнього природного середовища,Львівська,Збереження біорізноманіття та середовища існування,Усього,Річна,2022,35091400.0
Витрати на охорону навколишнього природного середовища,Львівська,Збереження біорізноманіття та середовища існування,Усього,Річна,2023,30322000.0
Витрати на охорону навколишнього природного середовища,Львівська,Збереження біорізноманіття та середовища існування,Усього,Річна,2024,38850100.0
Витрати на охорону навколишнього природного середовища,Львівська,Збереження біорізноманіття та середовища існування,Усього,Річна,2025,55082400.0
Витрати на охорону навколишнього природного середовища,Львівська,"Захист і реабілітацію ґрунту, підземних  і поверхневих вод",Усього,Річна,2021,292646400.0
Витрати на охорону навколишнього природного середовища,Львівська,"Захист і реабілітацію ґрунту, підземних  і поверхневих вод",Усього,Річна,2022,182742700.0
Витрати на охорону навколишнього природного середовища,Львівська,"Захист і реабілітацію ґрунту, підземних  і поверхневих вод",Усього,Річна,2023,91268100.0
Витрати на охорону навколишнього природного середовища,Львівська,"Захист і реабілітацію ґрунту, підземних  і поверхневих вод",Усього,Річна,2024,199328300.0
Витрати на охорону навколишнього природного середовища,Львівська,"Захист і реабілітацію ґрунту, підземних  і поверхневих вод",Усього,Річна,2025,457676900.0
Витрати на охорону навколишнього природного середовища,Львівська,Науково-дослідні роботи природоохоронного спрямування,Усього,Річна,2021,274900.0
Витрати на охорону навколишнього природного середовища,Львівська,Науково-дослідні роботи природоохоронного спрямування,Усього,Річна,2022,1111400.0
Витрати на охорону навколишнього природного середовища,Львівська,Науково-дослідні роботи природоохоронного спрямування,Усього,Річна,2023,704800.0
Витрати на охорону навколишнього природного середовища,Львівська,Науково-дослідні роботи природоохоронного спрямування,Усього,Річна,2024,1126200.0
Витрати на охорону навколишнього природного середовища,Львівська,Науково-дослідні роботи природоохоронного спрямування,Усього,Річна,2025,3482400.0
Витрати на охорону навколишнього природного середовища,Львівська,Радіаційна безпека,Усього,Річна,2021,411200.0
Витрати на охорону навколишнього природного середовища,Львівська,Радіаційна безпека,Усього,Річна,2022,246700.0
Витрати на охорону навколишнього природного середовища,Львівська,Радіаційна безпека,Усього,Річна,2023,203500.0
Витрати на охорону навколишнього природного середовища,Львівська,Радіаційна безпека,Усього,Річна,2024,259500.0
Витрати на охорону навколишнього природного середовища,Львівська,Радіаційна безпека,Усього,Річна,2025,166900.0
Витрати на охорону навколишнього природного середовища,Львівська,Інші напрями природоохоронної діяльності,Усього,Річна,2021,15020300.0
Витрати на охорону навколишнього природного середовища,Львівська,Інші напрями природоохоронної діяльності,Усього,Річна,2022,6064200.0
Витрати на охорону навколишнього природного середовища,Львівська,Інші напрями природоохоронної діяльності,Усього,Річна,2023,7206100.0
Витрати на охорону навколишнього природного середовища,Львівська,Інші напрями природоохоронної діяльності,Усього,Річна,2024,7593300.0
Витрати на охорону навколишнього природного середовища,Львівська,Інші напрями природоохоронної діяльності,Усього,Річна,2025,7503300.0
Витрати на охорону навколишнього природного середовища,Миколаївська,Інші напрями природоохоронної діяльності,Усього,Річна,2021,13991100.0
Витрати на охорону навколишнього природного середовища,Миколаївська,Інші напрями природоохоронної діяльності,Усього,Річна,2022,6787600.0
Витрати на охорону навколишнього природного середовища,Миколаївська,Інші напрями природоохоронної діяльності,Усього,Річна,2023,6488400.0
Витрати на охорону навколишнього природного середовища,Миколаївська,Інші напрями природоохоронної діяльності,Усього,Річна,2024,7137000.0
Витрати на охорону навколишнього природного середовища,Миколаївська,Інші напрями природоохоронної діяльності,Усього,Річна,2025,7384900.0
Витрати на охорону навколишнього природного середовища,Миколаївська,Очищення зворотних вод,Усього,Річна,2021,416193000.0
Витрати на охорону навколишнього природного середовища,Миколаївська,Очищення зворотних вод,Усього,Річна,2022,373782500.0
Витрати на охорону навколишнього природного середовища,Миколаївська,Очищення зворотних вод,Усього,Річна,2023,346449800.0
Витрати на охорону навколишнього природного середовища,Миколаївська,Очищення зворотних вод,Усього,Річна,2024,414746300.0
Витрати на охорону навколишнього природного середовища,Миколаївська,Очищення зворотних вод,Усього,Річна,2025,473536600.0
Витрати на охорону навколишнього природного середовища,Миколаївська,Охорона атмосферного повітря і проблеми зміни клімату,Усього,Річна,2021,272373000.0
Витрати на охорону навколишнього природного середовища,Миколаївська,Охорона атмосферного повітря і проблеми зміни клімату,Усього,Річна,2022,25104500.0
Витрати на охорону навколишнього природного середовища,Миколаївська,Охорона атмосферного повітря і проблеми зміни клімату,Усього,Річна,2023,19943600.0
Витрати на охорону навколишнього природного середовища,Миколаївська,Охорона атмосферного повітря і проблеми зміни клімату,Усього,Річна,2024,17122100.0
Витрати на охорону навколишнього природного середовища,Миколаївська,Охорона атмосферного повітря і проблеми зміни клімату,Усього,Річна,2025,13186300.0
Витрати на охорону навколишнього природного середовища,Миколаївська,Зниження шумового та вібраційного впливу,Усього,Річна,2021,40900.0
Витрати на охорону навколишнього природного середовища,Миколаївська,Зниження шумового та вібраційного впливу,Усього,Річна,2022,10400.0
Витрати на охорону навколишнього природного середовища,Миколаївська,Зниження шумового та вібраційного впливу,Усього,Річна,2023,14400.0
Витрати на охорону навколишнього природного середовища,Миколаївська,Зниження шумового та вібраційного впливу,Усього,Річна,2024,50000.0
Витрати на охорону навколишнього природного середовища,Миколаївська,Зниження шумового та вібраційного впливу,Усього,Річна,2025,28300.0
Витрати на охорону навколишнього природного середовища,Миколаївська,Збереження біорізноманіття та середовища існування,Усього,Річна,2021,56194500.0
Витрати на охорону навколишнього природного середовища,Миколаївська,Збереження біорізноманіття та середовища існування,Усього,Річна,2022,60188800.0
Витрати на охорону навколишнього природного середовища,Миколаївська,Збереження біорізноманіття та середовища існування,Усього,Річна,2023,65975600.00000001
Витрати на охорону навколишнього природного середовища,Миколаївська,Збереження біорізноманіття та середовища існування,Усього,Річна,2024,63026200.0
Витрати на охорону навколишнього природного середовища,Миколаївська,Збереження біорізноманіття та середовища існування,Усього,Річна,2025,69239500.0
Витрати на охорону навколишнього природного середовища,Миколаївська,Науково-дослідні роботи природоохоронного спрямування,Усього,Річна,2021,1441300.0
Витрати на охорону навколишнього природного середовища,Миколаївська,Науково-дослідні роботи природоохоронного спрямування,Усього,Річна,2022,1451000.0
Витрати на охорону навколишнього природного середовища,Миколаївська,Науково-дослідні роботи природоохоронного спрямування,Усього,Річна,2023,2892600.0
Витрати на охорону навколишнього природного середовища,Миколаївська,Науково-дослідні роботи природоохоронного спрямування,Усього,Річна,2024,1948800.0
Витрати на охорону навколишнього природного середовища,Миколаївська,Науково-дослідні роботи природоохоронного спрямування,Усього,Річна,2025,2314300.0
Витрати на охорону навколишнього природного середовища,Миколаївська,Поводження з відходами,Усього,Річна,2021,435138200.0
Витрати на охорону навколишнього природного середовища,Миколаївська,Поводження з відходами,Усього,Річна,2022,209293100.0
Витрати на охорону навколишнього природного середовища,Миколаївська,Поводження з відходами,Усього,Річна,2023,283352200.0
Витрати на охорону навколишнього природного середовища,Миколаївська,Поводження з відходами,Усього,Річна,2024,386640300.0
Витрати на охорону навколишнього природного середовища,Миколаївська,Поводження з відходами,Усього,Річна,2025,328149200.0
Витрати на охорону навколишнього природного середовища,Миколаївська,"Захист і реабілітацію ґрунту, підземних  і поверхневих вод",Усього,Річна,2021,38471200.0
Витрати на охорону навколишнього природного середовища,Миколаївська,"Захист і реабілітацію ґрунту, підземних  і поверхневих вод",Усього,Річна,2022,2840100.0
Витрати на охорону навколишнього природного середовища,Миколаївська,"Захист і реабілітацію ґрунту, підземних  і поверхневих вод",Усього,Річна,2023,872400.0
Витрати на охорону навколишнього природного середовища,Миколаївська,"Захист і реабілітацію ґрунту, підземних  і поверхневих вод",Усього,Річна,2024,1854000.0
Витрати на охорону навколишнього природного середовища,Миколаївська,"Захист і реабілітацію ґрунту, підземних  і поверхневих вод",Усього,Річна,2025,2563800.0
Витрати на охорону навколишнього природного середовища,Одеська,Зниження шумового та вібраційного впливу,Усього,Річна,2021,299211400.0
Витрати на охорону навколишнього природного середовища,Одеська,Зниження шумового та вібраційного впливу,Усього,Річна,2022,46620600.0
Витрати на охорону навколишнього природного середовища,Одеська,Зниження шумового та вібраційного впливу,Усього,Річна,2023,434900.0
Витрати на охорону навколишнього природного середовища,Одеська,Зниження шумового та вібраційного впливу,Усього,Річна,2024,17329900.0
Витрати на охорону навколишнього природного середовища,Одеська,Зниження шумового та вібраційного впливу,Усього,Річна,2025,5225200.0
Витрати на охорону навколишнього природного середовища,Одеська,Поводження з відходами,Усього,Річна,2021,194988500.0
Витрати на охорону навколишнього природного середовища,Одеська,Поводження з відходами,Усього,Річна,2022,253777500.0
Витрати на охорону навколишнього природного середовища,Одеська,Поводження з відходами,Усього,Річна,2023,508848300.0
Витрати на охорону навколишнього природного середовища,Одеська,Поводження з відходами,Усього,Річна,2024,677331900.0
Витрати на охорону навколишнього природного середовища,Одеська,Поводження з відходами,Усього,Річна,2025,865313500.0
Витрати на охорону навколишнього природного середовища,Одеська,Охорона атмосферного повітря і проблеми зміни клімату,Усього,Річна,2021,26510600.0
Витрати на охорону навколишнього природного середовища,Одеська,Охорона атмосферного повітря і проблеми зміни клімату,Усього,Річна,2022,22351100.0
Витрати на охорону навколишнього природного середовища,Одеська,Охорона атмосферного повітря і проблеми зміни клімату,Усього,Річна,2023,18513200.0
Витрати на охорону навколишнього природного середовища,Одеська,Охорона атмосферного повітря і проблеми зміни клімату,Усього,Річна,2024,29925600.0
Витрати на охорону навколишнього природного середовища,Одеська,Охорона атмосферного повітря і проблеми зміни клімату,Усього,Річна,2025,27416600.0
Витрати на охорону навколишнього природного середовища,Одеська,Інші напрями природоохоронної діяльності,Усього,Річна,2021,3942900.0
Витрати на охорону навколишнього природного середовища,Одеська,Інші напрями природоохоронної діяльності,Усього,Річна,2022,3325800.0
Витрати на охорону навколишнього природного середовища,Одеська,Інші напрями природоохоронної діяльності,Усього,Річна,2023,2602800.0
Витрати на охорону навколишнього природного середовища,Одеська,Інші напрями природоохоронної діяльності,Усього,Річна,2024,4595600.0
Витрати на охорону навколишнього природного середовища,Одеська,Інші напрями природоохоронної діяльності,Усього,Річна,2025,5453700.0
Витрати на охорону навколишнього природного середовища,Одеська,Радіаційна безпека,Усього,Річна,2021,105400.0
Витрати на охорону навколишнього природного середовища,Одеська,Радіаційна безпека,Усього,Річна,2022,40400.0
Витрати на охорону навколишнього природного середовища,Одеська,Радіаційна безпека,Усього,Річна,2023,49700.0
Витрати на охорону навколишнього природного середовища,Одеська,Радіаційна безпека,Усього,Річна,2024,39500.0
Витрати на охорону навколишнього природного середовища,Одеська,Радіаційна безпека,Усього,Річна,2025,27700.0
Витрати на охорону навколишнього природного середовища,Одеська,"Захист і реабілітацію ґрунту, підземних  і поверхневих вод",Усього,Річна,2021,26383300.0
Витрати на охорону навколишнього природного середовища,Одеська,"Захист і реабілітацію ґрунту, підземних  і поверхневих вод",Усього,Річна,2022,8936100.0
Витрати на охорону навколишнього природного середовища,Одеська,"Захист і реабілітацію ґрунту, підземних  і поверхневих вод",Усього,Річна,2023,5205200.0
Витрати на охорону навколишнього природного середовища,Одеська,"Захист і реабілітацію ґрунту, підземних  і поверхневих вод",Усього,Річна,2024,1912700.0
Витрати на охорону навколишнього природного середовища,Одеська,"Захист і реабілітацію ґрунту, підземних  і поверхневих вод",Усього,Річна,2025,5664200.0
Витрати на охорону навколишнього природного середовища,Одеська,Науково-дослідні роботи природоохоронного спрямування,Усього,Річна,2021,3335100.0
Витрати на охорону навколишнього природного середовища,Одеська,Науково-дослідні роботи природоохоронного спрямування,Усього,Річна,2022,3352700.0
Витрати на охорону навколишнього природного середовища,Одеська,Науково-дослідні роботи природоохоронного спрямування,Усього,Річна,2023,2045800.0
Витрати на охорону навколишнього природного середовища,Одеська,Науково-дослідні роботи природоохоронного спрямування,Усього,Річна,2024,3415400.0
Витрати на охорону навколишнього природного середовища,Одеська,Науково-дослідні роботи природоохоронного спрямування,Усього,Річна,2025,11331200.0
Витрати на охорону навколишнього природного середовища,Одеська,Очищення зворотних вод,Усього,Річна,2021,161457500.0
Витрати на охорону навколишнього природного середовища,Одеська,Очищення зворотних вод,Усього,Річна,2022,201455800.0
Витрати на охорону навколишнього природного середовища,Одеська,Очищення зворотних вод,Усього,Річна,2023,223799600.0
Витрати на охорону навколишнього природного середовища,Одеська,Очищення зворотних вод,Усього,Річна,2024,220645800.0
Витрати на охорону навколишнього природного середовища,Одеська,Очищення зворотних вод,Усього,Річна,2025,324681800.0
Витрати на охорону навколишнього природного середовища,Одеська,Збереження біорізноманіття та середовища існування,Усього,Річна,2021,4281100.0
Витрати на охорону навколишнього природного середовища,Одеська,Збереження біорізноманіття та середовища існування,Усього,Річна,2022,5367600.0
Витрати на охорону навколишнього природного середовища,Одеська,Збереження біорізноманіття та середовища існування,Усього,Річна,2023,6196200.0
Витрати на охорону навколишнього природного середовища,Одеська,Збереження біорізноманіття та середовища існування,Усього,Річна,2024,8015500.0
Витрати на охорону навколишнього природного середовища,Одеська,Збереження біорізноманіття та середовища існування,Усього,Річна,2025,6201100.0
Витрати на охорону навколишнього природного середовища,Полтавська,Зниження шумового та вібраційного впливу,Усього,Річна,2021,12000.0
Витрати на охорону навколишнього природного середовища,Полтавська,Зниження шумового та вібраційного впливу,Усього,Річна,2022,132100.0
Витрати на охорону навколишнього природного середовища,Полтавська,Зниження шумового та вібраційного впливу,Усього,Річна,2023,175700.0
Витрати на охорону навколишнього природного середовища,Полтавська,Зниження шумового та вібраційного впливу,Усього,Річна,2024,101500.0
Витрати на охорону навколишнього природного середовища,Полтавська,Зниження шумового та вібраційного впливу,Усього,Річна,2025,126000.0
Витрати на охорону навколишнього природного середовища,Полтавська,Охорона атмосферного повітря і проблеми зміни клімату,Усього,Річна,2021,362708100.0
Витрати на охорону навколишнього природного середовища,Полтавська,Охорона атмосферного повітря і проблеми зміни клімату,Усього,Річна,2022,97614300.0
Витрати на охорону навколишнього природного середовища,Полтавська,Охорона атмосферного повітря і проблеми зміни клімату,Усього,Річна,2023,71893700.0
Витрати на охорону навколишнього природного середовища,Полтавська,Охорона атмосферного повітря і проблеми зміни клімату,Усього,Річна,2024,870362600.0
Витрати на охорону навколишнього природного середовища,Полтавська,Охорона атмосферного повітря і проблеми зміни клімату,Усього,Річна,2025,415008100.0
Витрати на охорону навколишнього природного середовища,Полтавська,Інші напрями природоохоронної діяльності,Усього,Річна,2021,18060600.0
Витрати на охорону навколишнього природного середовища,Полтавська,Інші напрями природоохоронної діяльності,Усього,Річна,2022,8812900.0
Витрати на охорону навколишнього природного середовища,Полтавська,Інші напрями природоохоронної діяльності,Усього,Річна,2023,9807700.0
Витрати на охорону навколишнього природного середовища,Полтавська,Інші напрями природоохоронної діяльності,Усього,Річна,2024,21035500.0
Витрати на охорону навколишнього природного середовища,Полтавська,Інші напрями природоохоронної діяльності,Усього,Річна,2025,20260400.0
Витрати на охорону навколишнього природного середовища,Полтавська,Збереження біорізноманіття та середовища існування,Усього,Річна,2021,43087400.0
Витрати на охорону навколишнього природного середовища,Полтавська,Збереження біорізноманіття та середовища існування,Усього,Річна,2022,48978100.0
Витрати на охорону навколишнього природного середовища,Полтавська,Збереження біорізноманіття та середовища існування,Усього,Річна,2023,14746700.0
Витрати на охорону навколишнього природного середовища,Полтавська,Збереження біорізноманіття та середовища існування,Усього,Річна,2024,17571200.0
Витрати на охорону навколишнього природного середовища,Полтавська,Збереження біорізноманіття та середовища існування,Усього,Річна,2025,28264100.0
Витрати на охорону навколишнього природного середовища,Полтавська,"Захист і реабілітацію ґрунту, підземних  і поверхневих вод",Усього,Річна,2021,14607900.0
Витрати на охорону навколишнього природного середовища,Полтавська,"Захист і реабілітацію ґрунту, підземних  і поверхневих вод",Усього,Річна,2022,4056700.0
Витрати на охорону навколишнього природного середовища,Полтавська,"Захист і реабілітацію ґрунту, підземних  і поверхневих вод",Усього,Річна,2023,5281500.0
Витрати на охорону навколишнього природного середовища,Полтавська,"Захист і реабілітацію ґрунту, підземних  і поверхневих вод",Усього,Річна,2024,7215200.0
Витрати на охорону навколишнього природного середовища,Полтавська,"Захист і реабілітацію ґрунту, підземних  і поверхневих вод",Усього,Річна,2025,13286200.0
Витрати на охорону навколишнього природного середовища,Полтавська,Очищення зворотних вод,Усього,Річна,2021,518760100.0
Витрати на охорону навколишнього природного середовища,Полтавська,Очищення зворотних вод,Усього,Річна,2022,331673200.0
Витрати на охорону навколишнього природного середовища,Полтавська,Очищення зворотних вод,Усього,Річна,2023,414065500.0
Витрати на охорону навколишнього природного середовища,Полтавська,Очищення зворотних вод,Усього,Річна,2024,1382132300.0
Витрати на охорону навколишнього природного середовища,Полтавська,Очищення зворотних вод,Усього,Річна,2025,736253600.0
Витрати на охорону навколишнього природного середовища,Полтавська,Науково-дослідні роботи природоохоронного спрямування,Усього,Річна,2021,5279300.0
Витрати на охорону навколишнього природного середовища,Полтавська,Науково-дослідні роботи природоохоронного спрямування,Усього,Річна,2022,5133500.0
Витрати на охорону навколишнього природного середовища,Полтавська,Науково-дослідні роботи природоохоронного спрямування,Усього,Річна,2023,4762600.0
Витрати на охорону навколишнього природного середовища,Полтавська,Науково-дослідні роботи природоохоронного спрямування,Усього,Річна,2024,2871200.0
Витрати на охорону навколишнього природного середовища,Полтавська,Науково-дослідні роботи природоохоронного спрямування,Усього,Річна,2025,5406000.0
Витрати на охорону навколишнього природного середовища,Полтавська,Радіаційна безпека,Усього,Річна,2021,198600.0
Витрати на охорону навколишнього природного середовища,Полтавська,Радіаційна безпека,Усього,Річна,2022,169700.0
Витрати на охорону навколишнього природного середовища,Полтавська,Радіаційна безпека,Усього,Річна,2023,184500.0
Витрати на охорону навколишнього природного середовища,Полтавська,Радіаційна безпека,Усього,Річна,2024,131000.0
Витрати на охорону навколишнього природного середовища,Полтавська,Радіаційна безпека,Усього,Річна,2025,261800.0
Витрати на охорону навколишнього природного середовища,Полтавська,Поводження з відходами,Усього,Річна,2021,312771700.0
Витрати на охорону навколишнього природного середовища,Полтавська,Поводження з відходами,Усього,Річна,2022,355223700.0
Витрати на охорону навколишнього природного середовища,Полтавська,Поводження з відходами,Усього,Річна,2023,328191900.0
Витрати на охорону навколишнього природного середовища,Полтавська,Поводження з відходами,Усього,Річна,2024,379311200.0
Витрати на охорону навколишнього природного середовища,Полтавська,Поводження з відходами,Усього,Річна,2025,376637400.0
Витрати на охорону навколишнього природного середовища,Рівненська,Інші напрями природоохоронної діяльності,Усього,Річна,2021,1019000.0
Витрати на охорону навколишнього природного середовища,Рівненська,Інші напрями природоохоронної діяльності,Усього,Річна,2022,883800.0
Витрати на охорону навколишнього природного середовища,Рівненська,Інші напрями природоохоронної діяльності,Усього,Річна,2023,861600.0
Витрати на охорону навколишнього природного середовища,Рівненська,Інші напрями природоохоронної діяльності,Усього,Річна,2024,1242000.0
Витрати на охорону навколишнього природного середовища,Рівненська,Інші напрями природоохоронної діяльності,Усього,Річна,2025,1638700.0
Витрати на охорону навколишнього природного середовища,Рівненська,Зниження шумового та вібраційного впливу,Усього,Річна,2021,348600.0
Витрати на охорону навколишнього природного середовища,Рівненська,Зниження шумового та вібраційного впливу,Усього,Річна,2022,382800.0
Витрати на охорону навколишнього природного середовища,Рівненська,Зниження шумового та вібраційного впливу,Усього,Річна,2023,333900.0
Витрати на охорону навколишнього природного середовища,Рівненська,Зниження шумового та вібраційного впливу,Усього,Річна,2024,293200.0
Витрати на охорону навколишнього природного середовища,Рівненська,Зниження шумового та вібраційного впливу,Усього,Річна,2025,312100.0
Витрати на охорону навколишнього природного середовища,Рівненська,Очищення зворотних вод,Усього,Річна,2021,544047700.0
Витрати на охорону навколишнього природного середовища,Рівненська,Очищення зворотних вод,Усього,Річна,2022,474915000.0
Витрати на охорону навколишнього природного середовища,Рівненська,Очищення зворотних вод,Усього,Річна,2023,858361300.0
Витрати на охорону навколишнього природного середовища,Рівненська,Очищення зворотних вод,Усього,Річна,2024,748140300.0
Витрати на охорону навколишнього природного середовища,Рівненська,Очищення зворотних вод,Усього,Річна,2025,965361400.0
Витрати на охорону навколишнього природного середовища,Рівненська,Поводження з відходами,Усього,Річна,2021,131364100.0
Витрати на охорону навколишнього природного середовища,Рівненська,Поводження з відходами,Усього,Річна,2022,130560100.0
Витрати на охорону навколишнього природного середовища,Рівненська,Поводження з відходами,Усього,Річна,2023,170275700.0
Витрати на охорону навколишнього природного середовища,Рівненська,Поводження з відходами,Усього,Річна,2024,188082700.0
Витрати на охорону навколишнього природного середовища,Рівненська,Поводження з відходами,Усього,Річна,2025,238152700.0
Витрати на охорону навколишнього природного середовища,Рівненська,Охорона атмосферного повітря і проблеми зміни клімату,Усього,Річна,2021,7850600.0
Витрати на охорону навколишнього природного середовища,Рівненська,Охорона атмосферного повітря і проблеми зміни клімату,Усього,Річна,2022,10518800.0
Витрати на охорону навколишнього природного середовища,Рівненська,Охорона атмосферного повітря і проблеми зміни клімату,Усього,Річна,2023,152369200.0
Витрати на охорону навколишнього природного середовища,Рівненська,Охорона атмосферного повітря і проблеми зміни клімату,Усього,Річна,2024,114161100.0
Витрати на охорону навколишнього природного середовища,Рівненська,Охорона атмосферного повітря і проблеми зміни клімату,Усього,Річна,2025,17095500.0
Витрати на охорону навколишнього природного середовища,Рівненська,Збереження біорізноманіття та середовища існування,Усього,Річна,2021,31560400.0
Витрати на охорону навколишнього природного середовища,Рівненська,Збереження біорізноманіття та середовища існування,Усього,Річна,2022,27101800.0
Витрати на охорону навколишнього природного середовища,Рівненська,Збереження біорізноманіття та середовища існування,Усього,Річна,2023,28115200.0
Витрати на охорону навколишнього природного середовища,Рівненська,Збереження біорізноманіття та середовища існування,Усього,Річна,2024,63904000.0
Витрати на охорону навколишнього природного середовища,Рівненська,Збереження біорізноманіття та середовища існування,Усього,Річна,2025,84380800.0
Витрати на охорону навколишнього природного середовища,Рівненська,"Захист і реабілітацію ґрунту, підземних  і поверхневих вод",Усього,Річна,2021,2731700.0
Витрати на охорону навколишнього природного середовища,Рівненська,"Захист і реабілітацію ґрунту, підземних  і поверхневих вод",Усього,Річна,2022,4709000.0
Витрати на охорону навколишнього природного середовища,Рівненська,"Захист і реабілітацію ґрунту, підземних  і поверхневих вод",Усього,Річна,2023,4815600.0
Витрати на охорону навколишнього природного середовища,Рівненська,"Захист і реабілітацію ґрунту, підземних  і поверхневих вод",Усього,Річна,2024,5279800.0
Витрати на охорону навколишнього природного середовища,Рівненська,"Захист і реабілітацію ґрунту, підземних  і поверхневих вод",Усього,Річна,2025,5746800.0
Витрати на охорону навколишнього природного середовища,Рівненська,Науково-дослідні роботи природоохоронного спрямування,Усього,Річна,2021,5254400.0
Витрати на охорону навколишнього природного середовища,Рівненська,Науково-дослідні роботи природоохоронного спрямування,Усього,Річна,2022,6148700.0
Витрати на охорону навколишнього природного середовища,Рівненська,Науково-дослідні роботи природоохоронного спрямування,Усього,Річна,2023,6494900.0
Витрати на охорону навколишнього природного середовища,Рівненська,Науково-дослідні роботи природоохоронного спрямування,Усього,Річна,2024,9968400.0
Витрати на охорону навколишнього природного середовища,Рівненська,Науково-дослідні роботи природоохоронного спрямування,Усього,Річна,2025,12161800.0
Витрати на охорону навколишнього природного середовища,Рівненська,Радіаційна безпека,Усього,Річна,2021,37900.0
Витрати на охорону навколишнього природного середовища,Рівненська,Радіаційна безпека,Усього,Річна,2022,77800.0
Витрати на охорону навколишнього природного середовища,Рівненська,Радіаційна безпека,Усього,Річна,2023,19700.0
Витрати на охорону навколишнього природного середовища,Рівненська,Радіаційна безпека,Усього,Річна,2024,100000.0
Витрати на охорону навколишнього природного середовища,Рівненська,Радіаційна безпека,Усього,Річна,2025,31700.0
Витрати на охорону навколишнього природного середовища,Сумська,Поводження з відходами,Усього,Річна,2021,292922300.0
Витрати на охорону навколишнього природного середовища,Сумська,Поводження з відходами,Усього,Річна,2022,264794400.00000003
Витрати на охорону навколишнього природного середовища,Сумська,Поводження з відходами,Усього,Річна,2023,308710100.0
Витрати на охорону навколишнього природного середовища,Сумська,Поводження з відходами,Усього,Річна,2024,339600300.0
Витрати на охорону навколишнього природного середовища,Сумська,Поводження з відходами,Усього,Річна,2025,311210100.0
Витрати на охорону навколишнього природного середовища,Сумська,"Захист і реабілітацію ґрунту, підземних  і поверхневих вод",Усього,Річна,2021,5996100.0
Витрати на охорону навколишнього природного середовища,Сумська,"Захист і реабілітацію ґрунту, підземних  і поверхневих вод",Усього,Річна,2022,3856900.0
Витрати на охорону навколишнього природного середовища,Сумська,"Захист і реабілітацію ґрунту, підземних  і поверхневих вод",Усього,Річна,2023,4262200.0
Витрати на охорону навколишнього природного середовища,Сумська,"Захист і реабілітацію ґрунту, підземних  і поверхневих вод",Усього,Річна,2024,6055100.0
Витрати на охорону навколишнього природного середовища,Сумська,"Захист і реабілітацію ґрунту, підземних  і поверхневих вод",Усього,Річна,2025,6869800.0
Витрати на охорону навколишнього природного середовища,Сумська,Очищення зворотних вод,Усього,Річна,2021,292067100.0
Витрати на охорону навколишнього природного середовища,Сумська,Очищення зворотних вод,Усього,Річна,2022,280860900.0
Витрати на охорону навколишнього природного середовища,Сумська,Очищення зворотних вод,Усього,Річна,2023,321078100.0
Витрати на охорону навколишнього природного середовища,Сумська,Очищення зворотних вод,Усього,Річна,2024,297648200.0
Витрати на охорону навколишнього природного середовища,Сумська,Очищення зворотних вод,Усього,Річна,2025,257123400.0
Витрати на охорону навколишнього природного середовища,Сумська,Науково-дослідні роботи природоохоронного спрямування,Усього,Річна,2021,105200.0
Витрати на охорону навколишнього природного середовища,Сумська,Науково-дослідні роботи природоохоронного спрямування,Усього,Річна,2022,257399.99999999997
Витрати на охорону навколишнього природного середовища,Сумська,Науково-дослідні роботи природоохоронного спрямування,Усього,Річна,2023,144600.0
Витрати на охорону навколишнього природного середовища,Сумська,Науково-дослідні роботи природоохоронного спрямування,Усього,Річна,2024,403100.0
Витрати на охорону навколишнього природного середовища,Сумська,Науково-дослідні роботи природоохоронного спрямування,Усього,Річна,2025,697600.0
Витрати на охорону навколишнього природного середовища,Сумська,Радіаційна безпека,Усього,Річна,2021,7200.0
Витрати на охорону навколишнього природного середовища,Сумська,Радіаційна безпека,Усього,Річна,2022,8700.0
Витрати на охорону навколишнього природного середовища,Сумська,Радіаційна безпека,Усього,Річна,2023,8800.0
Витрати на охорону навколишнього природного середовища,Сумська,Радіаційна безпека,Усього,Річна,2024,51300.0
Витрати на охорону навколишнього природного середовища,Сумська,Радіаційна безпека,Усього,Річна,2025,71200.0
Витрати на охорону навколишнього природного середовища,Сумська,Збереження біорізноманіття та середовища існування,Усього,Річна,2021,43167000.0
Витрати на охорону навколишнього природного середовища,Сумська,Збереження біорізноманіття та середовища існування,Усього,Річна,2022,45566600.0
Витрати на охорону навколишнього природного середовища,Сумська,Збереження біорізноманіття та середовища існування,Усього,Річна,2023,20546600.0
Витрати на охорону навколишнього природного середовища,Сумська,Збереження біорізноманіття та середовища існування,Усього,Річна,2024,38464500.0
Витрати на охорону навколишнього природного середовища,Сумська,Збереження біорізноманіття та середовища існування,Усього,Річна,2025,38167000.0
Витрати на охорону навколишнього природного середовища,Сумська,Зниження шумового та вібраційного впливу,Усього,Річна,2021,9100.0
Витрати на охорону навколишнього природного середовища,Сумська,Зниження шумового та вібраційного впливу,Усього,Річна,2022,2000.0
Витрати на охорону навколишнього природного середовища,Сумська,Зниження шумового та вібраційного впливу,Усього,Річна,2023,4200.0
Витрати на охорону навколишнього природного середовища,Сумська,Зниження шумового та вібраційного впливу,Усього,Річна,2024,2200.0
Витрати на охорону навколишнього природного середовища,Сумська,Зниження шумового та вібраційного впливу,Усього,Річна,2025,1200.0
Витрати на охорону навколишнього природного середовища,Сумська,Охорона атмосферного повітря і проблеми зміни клімату,Усього,Річна,2021,247533900.0
Витрати на охорону навколишнього природного середовища,Сумська,Охорона атмосферного повітря і проблеми зміни клімату,Усього,Річна,2022,63336200.0
Витрати на охорону навколишнього природного середовища,Сумська,Охорона атмосферного повітря і проблеми зміни клімату,Усього,Річна,2023,101115300.0
Витрати на охорону навколишнього природного середовища,Сумська,Охорона атмосферного повітря і проблеми зміни клімату,Усього,Річна,2024,53115300.0
Витрати на охорону навколишнього природного середовища,Сумська,Охорона атмосферного повітря і проблеми зміни клімату,Усього,Річна,2025,26855400.0
Витрати на охорону навколишнього природного середовища,Сумська,Інші напрями природоохоронної діяльності,Усього,Річна,2021,1261800.0
Витрати на охорону навколишнього природного середовища,Сумська,Інші напрями природоохоронної діяльності,Усього,Річна,2022,949300.0
Витрати на охорону навколишнього природного середовища,Сумська,Інші напрями природоохоронної діяльності,Усього,Річна,2023,931200.0
Витрати на охорону навколишнього природного середовища,Сумська,Інші напрями природоохоронної діяльності,Усього,Річна,2024,664700.0
Витрати на охорону навколишнього природного середовища,Сумська,Інші напрями природоохоронної діяльності,Усього,Річна,2025,555200.0
Витрати на охорону навколишнього природного середовища,Тернопільська,Інші напрями природоохоронної діяльності,Усього,Річна,2022,1300.0
Витрати на охорону навколишнього природного середовища,Тернопільська,Науково-дослідні роботи природоохоронного спрямування,Усього,Річна,2024,84000.0
Витрати на охорону навколишнього природного середовища,Тернопільська,Науково-дослідні роботи природоохоронного спрямування,Усього,Річна,2025,43200.0
Витрати на охорону навколишнього природного середовища,Тернопільська,"Захист і реабілітацію ґрунту, підземних  і поверхневих вод",Усього,Річна,2021,1893100.0
Витрати на охорону навколишнього природного середовища,Тернопільська,"Захист і реабілітацію ґрунту, підземних  і поверхневих вод",Усього,Річна,2022,463100.0
Витрати на охорону навколишнього природного середовища,Тернопільська,"Захист і реабілітацію ґрунту, підземних  і поверхневих вод",Усього,Річна,2023,352800.0
Витрати на охорону навколишнього природного середовища,Тернопільська,"Захист і реабілітацію ґрунту, підземних  і поверхневих вод",Усього,Річна,2024,373400.0
Витрати на охорону навколишнього природного середовища,Тернопільська,"Захист і реабілітацію ґрунту, підземних  і поверхневих вод",Усього,Річна,2025,453500.0
Витрати на охорону навколишнього природного середовища,Тернопільська,Зниження шумового та вібраційного впливу,Усього,Річна,2022,2200.0
Витрати на охорону навколишнього природного середовища,Тернопільська,Зниження шумового та вібраційного впливу,Усього,Річна,2023,4800.0
Витрати на охорону навколишнього природного середовища,Тернопільська,Зниження шумового та вібраційного впливу,Усього,Річна,2024,3200.0
Витрати на охорону навколишнього природного середовища,Тернопільська,Зниження шумового та вібраційного впливу,Усього,Річна,2025,3000.0
Витрати на охорону навколишнього природного середовища,Тернопільська,Охорона атмосферного повітря і проблеми зміни клімату,Усього,Річна,2021,903500.0
Витрати на охорону навколишнього природного середовища,Тернопільська,Охорона атмосферного повітря і проблеми зміни клімату,Усього,Річна,2022,1008800.0
Витрати на охорону навколишнього природного середовища,Тернопільська,Охорона атмосферного повітря і проблеми зміни клімату,Усього,Річна,2023,1307000.0
Витрати на охорону навколишнього природного середовища,Тернопільська,Охорона атмосферного повітря і проблеми зміни клімату,Усього,Річна,2024,1754900.0
Витрати на охорону навколишнього природного середовища,Тернопільська,Охорона атмосферного повітря і проблеми зміни клімату,Усього,Річна,2025,1306900.0
Витрати на охорону навколишнього природного середовища,Тернопільська,Радіаційна безпека,Усього,Річна,2022,1100.0
Витрати на охорону навколишнього природного середовища,Тернопільська,Радіаційна безпека,Усього,Річна,2023,1500.0
Витрати на охорону навколишнього природного середовища,Тернопільська,Радіаційна безпека,Усього,Річна,2024,3100.0
Витрати на охорону навколишнього природного середовища,Тернопільська,Радіаційна безпека,Усього,Річна,2025,15200.0
Витрати на охорону навколишнього природного середовища,Тернопільська,Збереження біорізноманіття та середовища існування,Усього,Річна,2021,12781200.0
Витрати на охорону навколишнього природного середовища,Тернопільська,Збереження біорізноманіття та середовища існування,Усього,Річна,2022,12774200.0
Витрати на охорону навколишнього природного середовища,Тернопільська,Збереження біорізноманіття та середовища існування,Усього,Річна,2023,11206300.0
Витрати на охорону навколишнього природного середовища,Тернопільська,Збереження біорізноманіття та середовища існування,Усього,Річна,2024,14739000.0
Витрати на охорону навколишнього природного середовища,Тернопільська,Збереження біорізноманіття та середовища існування,Усього,Річна,2025,13846300.0
Витрати на охорону навколишнього природного середовища,Тернопільська,Поводження з відходами,Усього,Річна,2021,26969500.0
Витрати на охорону навколишнього природного середовища,Тернопільська,Поводження з відходами,Усього,Річна,2022,20805400.0
Витрати на охорону навколишнього природного середовища,Тернопільська,Поводження з відходами,Усього,Річна,2023,73729800.0
Витрати на охорону навколишнього природного середовища,Тернопільська,Поводження з відходами,Усього,Річна,2024,47988200.0
Витрати на охорону навколишнього природного середовища,Тернопільська,Поводження з відходами,Усього,Річна,2025,60745600.0
Витрати на охорону навколишнього природного середовища,Тернопільська,Очищення зворотних вод,Усього,Річна,2021,13782800.0
Витрати на охорону навколишнього природного середовища,Тернопільська,Очищення зворотних вод,Усього,Річна,2022,12702400.0
Витрати на охорону навколишнього природного середовища,Тернопільська,Очищення зворотних вод,Усього,Річна,2023,56779400.0
Витрати на охорону навколишнього природного середовища,Тернопільська,Очищення зворотних вод,Усього,Річна,2024,32742000.0
Витрати на охорону навколишнього природного середовища,Тернопільська,Очищення зворотних вод,Усього,Річна,2025,30651700.0
Витрати на охорону навколишнього природного середовища,Харківська,Охорона атмосферного повітря і проблеми зміни клімату,Усього,Річна,2021,1023433400.0
Витрати на охорону навколишнього природного середовища,Харківська,Охорона атмосферного повітря і проблеми зміни клімату,Усього,Річна,2022,569199400.0
Витрати на охорону навколишнього природного середовища,Харківська,Охорона атмосферного повітря і проблеми зміни клімату,Усього,Річна,2023,67781600.0
Витрати на охорону навколишнього природного середовища,Харківська,Охорона атмосферного повітря і проблеми зміни клімату,Усього,Річна,2024,79088000.0
Витрати на охорону навколишнього природного середовища,Харківська,Охорона атмосферного повітря і проблеми зміни клімату,Усього,Річна,2025,53389600.0
Витрати на охорону навколишнього природного середовища,Харківська,"Захист і реабілітацію ґрунту, підземних  і поверхневих вод",Усього,Річна,2021,2013900.0
Витрати на охорону навколишнього природного середовища,Харківська,"Захист і реабілітацію ґрунту, підземних  і поверхневих вод",Усього,Річна,2022,291200.0
Витрати на охорону навколишнього природного середовища,Харківська,"Захист і реабілітацію ґрунту, підземних  і поверхневих вод",Усього,Річна,2023,1075200.0
Витрати на охорону навколишнього природного середовища,Харківська,"Захист і реабілітацію ґрунту, підземних  і поверхневих вод",Усього,Річна,2024,2478300.0
Витрати на охорону навколишнього природного середовища,Харківська,"Захист і реабілітацію ґрунту, підземних  і поверхневих вод",Усього,Річна,2025,1658900.0
Витрати на охорону навколишнього природного середовища,Харківська,Поводження з відходами,Усього,Річна,2021,599393800.0
Витрати на охорону навколишнього природного середовища,Харківська,Поводження з відходами,Усього,Річна,2022,749666800.0
Витрати на охорону навколишнього природного середовища,Харківська,Поводження з відходами,Усього,Річна,2023,805883300.0
Витрати на охорону навколишнього природного середовища,Харківська,Поводження з відходами,Усього,Річна,2024,827806200.0
Витрати на охорону навколишнього природного середовища,Харківська,Поводження з відходами,Усього,Річна,2025,1096740400.0
Витрати на охорону навколишнього природного середовища,Харківська,Зниження шумового та вібраційного впливу,Усього,Річна,2021,102100.0
Витрати на охорону навколишнього природного середовища,Харківська,Зниження шумового та вібраційного впливу,Усього,Річна,2022,8400.0
Витрати на охорону навколишнього природного середовища,Харківська,Зниження шумового та вібраційного впливу,Усього,Річна,2023,24300.0
Витрати на охорону навколишнього природного середовища,Харківська,Зниження шумового та вібраційного впливу,Усього,Річна,2024,55800.0
Витрати на охорону навколишнього природного середовища,Харківська,Зниження шумового та вібраційного впливу,Усього,Річна,2025,64400.00000000001
Витрати на охорону навколишнього природного середовища,Харківська,Очищення зворотних вод,Усього,Річна,2021,802174500.0
Витрати на охорону навколишнього природного середовища,Харківська,Очищення зворотних вод,Усього,Річна,2022,569336900.0
Витрати на охорону навколишнього природного середовища,Харківська,Очищення зворотних вод,Усього,Річна,2023,910535000.0
Витрати на охорону навколишнього природного середовища,Харківська,Очищення зворотних вод,Усього,Річна,2024,1254037900.0
Витрати на охорону навколишнього природного середовища,Харківська,Очищення зворотних вод,Усього,Річна,2025,1291874200.0
Витрати на охорону навколишнього природного середовища,Харківська,Інші напрями природоохоронної діяльності,Усього,Річна,2021,5744300.0
Витрати на охорону навколишнього природного середовища,Харківська,Інші напрями природоохоронної діяльності,Усього,Річна,2022,1795000.0
Витрати на охорону навколишнього природного середовища,Харківська,Інші напрями природоохоронної діяльності,Усього,Річна,2023,2947500.0
Витрати на охорону навколишнього природного середовища,Харківська,Інші напрями природоохоронної діяльності,Усього,Річна,2024,4916300.0
Витрати на охорону навколишнього природного середовища,Харківська,Інші напрями природоохоронної діяльності,Усього,Річна,2025,4864900.0
Витрати на охорону навколишнього природного середовища,Харківська,Науково-дослідні роботи природоохоронного спрямування,Усього,Річна,2021,41787300.0
Витрати на охорону навколишнього природного середовища,Харківська,Науково-дослідні роботи природоохоронного спрямування,Усього,Річна,2022,36120600.0
Витрати на охорону навколишнього природного середовища,Харківська,Науково-дослідні роботи природоохоронного спрямування,Усього,Річна,2023,41763500.0
Витрати на охорону навколишнього природного середовища,Харківська,Науково-дослідні роботи природоохоронного спрямування,Усього,Річна,2024,36927100.0
Витрати на охорону навколишнього природного середовища,Харківська,Науково-дослідні роботи природоохоронного спрямування,Усього,Річна,2025,44022900.0
Витрати на охорону навколишнього природного середовища,Харківська,Радіаційна безпека,Усього,Річна,2021,1416000.0
Витрати на охорону навколишнього природного середовища,Харківська,Радіаційна безпека,Усього,Річна,2022,193200.0
Витрати на охорону навколишнього природного середовища,Харківська,Радіаційна безпека,Усього,Річна,2023,428700.0
Витрати на охорону навколишнього природного середовища,Харківська,Радіаційна безпека,Усього,Річна,2024,177800.0
Витрати на охорону навколишнього природного середовища,Харківська,Радіаційна безпека,Усього,Річна,2025,2015100.0
Витрати на охорону навколишнього природного середовища,Харківська,Збереження біорізноманіття та середовища існування,Усього,Річна,2021,826285300.0
Витрати на охорону навколишнього природного середовища,Харківська,Збереження біорізноманіття та середовища існування,Усього,Річна,2022,140088900.0
Витрати на охорону навколишнього природного середовища,Харківська,Збереження біорізноманіття та середовища існування,Усього,Річна,2023,322038400.0
Витрати на охорону навколишнього природного середовища,Харківська,Збереження біорізноманіття та середовища існування,Усього,Річна,2024,187169200.0
Витрати на охорону навколишнього природного середовища,Харківська,Збереження біорізноманіття та середовища існування,Усього,Річна,2025,245225400.0
Витрати на охорону навколишнього природного середовища,Херсонська,"Захист і реабілітацію ґрунту, підземних  і поверхневих вод",Усього,Річна,2021,2114000.0
Витрати на охорону навколишнього природного середовища,Херсонська,"Захист і реабілітацію ґрунту, підземних  і поверхневих вод",Усього,Річна,2023,57300.0
Витрати на охорону навколишнього природного середовища,Херсонська,"Захист і реабілітацію ґрунту, підземних  і поверхневих вод",Усього,Річна,2024,48650600.0
Витрати на охорону навколишнього природного середовища,Херсонська,"Захист і реабілітацію ґрунту, підземних  і поверхневих вод",Усього,Річна,2025,107200.0
Витрати на охорону навколишнього природного середовища,Херсонська,Поводження з відходами,Усього,Річна,2021,30034700.0
Витрати на охорону навколишнього природного середовища,Херсонська,Поводження з відходами,Усього,Річна,2022,1620500.0
Витрати на охорону навколишнього природного середовища,Херсонська,Поводження з відходами,Усього,Річна,2023,1523100.0
Витрати на охорону навколишнього природного середовища,Херсонська,Поводження з відходами,Усього,Річна,2024,8663900.0
Витрати на охорону навколишнього природного середовища,Херсонська,Поводження з відходами,Усього,Річна,2025,10828400.0
Витрати на охорону навколишнього природного середовища,Херсонська,Радіаційна безпека,Усього,Річна,2021,400.0
Витрати на охорону навколишнього природного середовища,Херсонська,Радіаційна безпека,Усього,Річна,2022,3300.0
Витрати на охорону навколишнього природного середовища,Херсонська,Радіаційна безпека,Усього,Річна,2023,3300.0
Витрати на охорону навколишнього природного середовища,Херсонська,Радіаційна безпека,Усього,Річна,2024,4000.0
Витрати на охорону навколишнього природного середовища,Херсонська,Радіаційна безпека,Усього,Річна,2025,4000.0
Витрати на охорону навколишнього природного середовища,Херсонська,Інші напрями природоохоронної діяльності,Усього,Річна,2021,409300.0
Витрати на охорону навколишнього природного середовища,Херсонська,Інші напрями природоохоронної діяльності,Усього,Річна,2025,15900.0
Витрати на охорону навколишнього природного середовища,Херсонська,Науково-дослідні роботи природоохоронного спрямування,Усього,Річна,2021,11403500.0
Витрати на охорону навколишнього природного середовища,Херсонська,Науково-дослідні роботи природоохоронного спрямування,Усього,Річна,2022,3027800.0
Витрати на охорону навколишнього природного середовища,Херсонська,Науково-дослідні роботи природоохоронного спрямування,Усього,Річна,2024,1857700.0
Витрати на охорону навколишнього природного середовища,Херсонська,Науково-дослідні роботи природоохоронного спрямування,Усього,Річна,2025,1832100.0
Витрати на охорону навколишнього природного середовища,Херсонська,Збереження біорізноманіття та середовища існування,Усього,Річна,2021,231278400.0
Витрати на охорону навколишнього природного середовища,Херсонська,Збереження біорізноманіття та середовища існування,Усього,Річна,2022,34927400.0
Витрати на охорону навколишнього природного середовища,Херсонська,Збереження біорізноманіття та середовища існування,Усього,Річна,2024,23464900.0
Витрати на охорону навколишнього природного середовища,Херсонська,Збереження біорізноманіття та середовища існування,Усього,Річна,2025,18733700.0
Витрати на охорону навколишнього природного середовища,Херсонська,Очищення зворотних вод,Усього,Річна,2021,129755700.0
Витрати на охорону навколишнього природного середовища,Херсонська,Очищення зворотних вод,Усього,Річна,2022,1446100.0
Витрати на охорону навколишнього природного середовища,Херсонська,Очищення зворотних вод,Усього,Річна,2023,123276400.0
Витрати на охорону навколишнього природного середовища,Херсонська,Очищення зворотних вод,Усього,Річна,2024,197014400.0
Витрати на охорону навколишнього природного середовища,Херсонська,Очищення зворотних вод,Усього,Річна,2025,120185700.0
Витрати на охорону навколишнього природного середовища,Херсонська,Охорона атмосферного повітря і проблеми зміни клімату,Усього,Річна,2021,20423700.0
Витрати на охорону навколишнього природного середовища,Херсонська,Охорона атмосферного повітря і проблеми зміни клімату,Усього,Річна,2022,56000.0
Витрати на охорону навколишнього природного середовища,Херсонська,Охорона атмосферного повітря і проблеми зміни клімату,Усього,Річна,2023,93000.0
Витрати на охорону навколишнього природного середовища,Херсонська,Охорона атмосферного повітря і проблеми зміни клімату,Усього,Річна,2024,7001000.0
Витрати на охорону навколишнього природного середовища,Херсонська,Охорона атмосферного повітря і проблеми зміни клімату,Усього,Річна,2025,28100.0
Витрати на охорону навколишнього природного середовища,Херсонська,Зниження шумового та вібраційного впливу,Усього,Річна,2023,22500.0
Витрати на охорону навколишнього природного середовища,Херсонська,Зниження шумового та вібраційного впливу,Усього,Річна,2024,32000.0
Витрати на охорону навколишнього природного середовища,Херсонська,Зниження шумового та вібраційного впливу,Усього,Річна,2025,40800.0
Витрати на охорону навколишнього природного середовища,Хмельницька,Науково-дослідні роботи природоохоронного спрямування,Усього,Річна,2023,83300.0
Витрати на охорону навколишнього природного середовища,Хмельницька,Науково-дослідні роботи природоохоронного спрямування,Усього,Річна,2024,114800.0
Витрати на охорону навколишнього природного середовища,Хмельницька,Науково-дослідні роботи природоохоронного спрямування,Усього,Річна,2025,42400.0
Витрати на охорону навколишнього природного середовища,Хмельницька,Радіаційна безпека,Усього,Річна,2021,295700.0
Витрати на охорону навколишнього природного середовища,Хмельницька,Радіаційна безпека,Усього,Річна,2022,227600.0
Витрати на охорону навколишнього природного середовища,Хмельницька,Радіаційна безпека,Усього,Річна,2023,366500.0
Витрати на охорону навколишнього природного середовища,Хмельницька,Радіаційна безпека,Усього,Річна,2024,365200.0
Витрати на охорону навколишнього природного середовища,Хмельницька,Радіаційна безпека,Усього,Річна,2025,388300.0
Витрати на охорону навколишнього природного середовища,Хмельницька,Охорона атмосферного повітря і проблеми зміни клімату,Усього,Річна,2021,47736000.0
Витрати на охорону навколишнього природного середовища,Хмельницька,Охорона атмосферного повітря і проблеми зміни клімату,Усього,Річна,2022,28143300.0
Витрати на охорону навколишнього природного середовища,Хмельницька,Охорона атмосферного повітря і проблеми зміни клімату,Усього,Річна,2023,25723700.0
Витрати на охорону навколишнього природного середовища,Хмельницька,Охорона атмосферного повітря і проблеми зміни клімату,Усього,Річна,2024,12698500.0
Витрати на охорону навколишнього природного середовища,Хмельницька,Охорона атмосферного повітря і проблеми зміни клімату,Усього,Річна,2025,16961400.0
Витрати на охорону навколишнього природного середовища,Хмельницька,Поводження з відходами,Усього,Річна,2021,162198900.0
Витрати на охорону навколишнього природного середовища,Хмельницька,Поводження з відходами,Усього,Річна,2022,195747400.0
Витрати на охорону навколишнього природного середовища,Хмельницька,Поводження з відходами,Усього,Річна,2023,242107500.0
Витрати на охорону навколишнього природного середовища,Хмельницька,Поводження з відходами,Усього,Річна,2024,337014600.0
Витрати на охорону навколишнього природного середовища,Хмельницька,Поводження з відходами,Усього,Річна,2025,319125800.0
Витрати на охорону навколишнього природного середовища,Хмельницька,Інші напрями природоохоронної діяльності,Усього,Річна,2021,709000.0
Витрати на охорону навколишнього природного середовища,Хмельницька,Інші напрями природоохоронної діяльності,Усього,Річна,2022,443300.0
Витрати на охорону навколишнього природного середовища,Хмельницька,Інші напрями природоохоронної діяльності,Усього,Річна,2023,492700.0
Витрати на охорону навколишнього природного середовища,Хмельницька,Інші напрями природоохоронної діяльності,Усього,Річна,2024,1353000.0
Витрати на охорону навколишнього природного середовища,Хмельницька,Інші напрями природоохоронної діяльності,Усього,Річна,2025,750000.0
Витрати на охорону навколишнього природного середовища,Хмельницька,Зниження шумового та вібраційного впливу,Усього,Річна,2021,17300.0
Витрати на охорону навколишнього природного середовища,Хмельницька,Зниження шумового та вібраційного впливу,Усього,Річна,2022,15500.0
Витрати на охорону навколишнього природного середовища,Хмельницька,Зниження шумового та вібраційного впливу,Усього,Річна,2023,50300.0
Витрати на охорону навколишнього природного середовища,Хмельницька,Зниження шумового та вібраційного впливу,Усього,Річна,2024,61700.0
Витрати на охорону навколишнього природного середовища,Хмельницька,Зниження шумового та вібраційного впливу,Усього,Річна,2025,44000.0
Витрати на охорону навколишнього природного середовища,Хмельницька,Очищення зворотних вод,Усього,Річна,2021,224146600.0
Витрати на охорону навколишнього природного середовища,Хмельницька,Очищення зворотних вод,Усього,Річна,2022,278030400.0
Витрати на охорону навколишнього природного середовища,Хмельницька,Очищення зворотних вод,Усього,Річна,2023,338230000.0
Витрати на охорону навколишнього природного середовища,Хмельницька,Очищення зворотних вод,Усього,Річна,2024,438508900.0
Витрати на охорону навколишнього природного середовища,Хмельницька,Очищення зворотних вод,Усього,Річна,2025,483914300.0
Витрати на охорону навколишнього природного середовища,Хмельницька,Збереження біорізноманіття та середовища існування,Усього,Річна,2021,13357700.0
Витрати на охорону навколишнього природного середовища,Хмельницька,Збереження біорізноманіття та середовища існування,Усього,Річна,2022,14938800.0
Витрати на охорону навколишнього природного середовища,Хмельницька,Збереження біорізноманіття та середовища існування,Усього,Річна,2023,15876000.0
Витрати на охорону навколишнього природного середовища,Хмельницька,Збереження біорізноманіття та середовища існування,Усього,Річна,2024,29226700.0
Витрати на охорону навколишнього природного середовища,Хмельницька,Збереження біорізноманіття та середовища існування,Усього,Річна,2025,33413600.0
Витрати на охорону навколишнього природного середовища,Хмельницька,"Захист і реабілітацію ґрунту, підземних  і поверхневих вод",Усього,Річна,2021,8099100.0
Витрати на охорону навколишнього природного середовища,Хмельницька,"Захист і реабілітацію ґрунту, підземних  і поверхневих вод",Усього,Річна,2022,7863500.0
Витрати на охорону навколишнього природного середовища,Хмельницька,"Захист і реабілітацію ґрунту, підземних  і поверхневих вод",Усього,Річна,2023,23784600.0
Витрати на охорону навколишнього природного середовища,Хмельницька,"Захист і реабілітацію ґрунту, підземних  і поверхневих вод",Усього,Річна,2024,13400400.0
Витрати на охорону навколишнього природного середовища,Хмельницька,"Захист і реабілітацію ґрунту, підземних  і поверхневих вод",Усього,Річна,2025,11456700.0
Витрати на охорону навколишнього природного середовища,Черкаська,Зниження шумового та вібраційного впливу,Усього,Річна,2021,23500.0
Витрати на охорону навколишнього природного середовища,Черкаська,Зниження шумового та вібраційного впливу,Усього,Річна,2022,4200.0
Витрати на охорону навколишнього природного середовища,Черкаська,Зниження шумового та вібраційного впливу,Усього,Річна,2023,9600.0
Витрати на охорону навколишнього природного середовища,Черкаська,Зниження шумового та вібраційного впливу,Усього,Річна,2024,12100.0
Витрати на охорону навколишнього природного середовища,Черкаська,Зниження шумового та вібраційного впливу,Усього,Річна,2025,157800.0
Витрати на охорону навколишнього природного середовища,Черкаська,Охорона атмосферного повітря і проблеми зміни клімату,Усього,Річна,2021,7525200.0
Витрати на охорону навколишнього природного середовища,Черкаська,Охорона атмосферного повітря і проблеми зміни клімату,Усього,Річна,2022,14428000.0
Витрати на охорону навколишнього природного середовища,Черкаська,Охорона атмосферного повітря і проблеми зміни клімату,Усього,Річна,2023,7591700.0
Витрати на охорону навколишнього природного середовища,Черкаська,Охорона атмосферного повітря і проблеми зміни клімату,Усього,Річна,2024,14574300.0
Витрати на охорону навколишнього природного середовища,Черкаська,Охорона атмосферного повітря і проблеми зміни клімату,Усього,Річна,2025,20051700.0
Витрати на охорону навколишнього природного середовища,Черкаська,Інші напрями природоохоронної діяльності,Усього,Річна,2021,685900.0
Витрати на охорону навколишнього природного середовища,Черкаська,Інші напрями природоохоронної діяльності,Усього,Річна,2022,784200.0
Витрати на охорону навколишнього природного середовища,Черкаська,Інші напрями природоохоронної діяльності,Усього,Річна,2023,1057500.0
Витрати на охорону навколишнього природного середовища,Черкаська,Інші напрями природоохоронної діяльності,Усього,Річна,2024,1054800.0
Витрати на охорону навколишнього природного середовища,Черкаська,Інші напрями природоохоронної діяльності,Усього,Річна,2025,1252600.0
Витрати на охорону навколишнього природного середовища,Черкаська,"Захист і реабілітацію ґрунту, підземних  і поверхневих вод",Усього,Річна,2021,2083400.0
Витрати на охорону навколишнього природного середовища,Черкаська,"Захист і реабілітацію ґрунту, підземних  і поверхневих вод",Усього,Річна,2022,1185500.0
Витрати на охорону навколишнього природного середовища,Черкаська,"Захист і реабілітацію ґрунту, підземних  і поверхневих вод",Усього,Річна,2023,5262600.0
Витрати на охорону навколишнього природного середовища,Черкаська,"Захист і реабілітацію ґрунту, підземних  і поверхневих вод",Усього,Річна,2024,10313900.0
Витрати на охорону навколишнього природного середовища,Черкаська,"Захист і реабілітацію ґрунту, підземних  і поверхневих вод",Усього,Річна,2025,13100200.0
Витрати на охорону навколишнього природного середовища,Черкаська,Очищення зворотних вод,Усього,Річна,2021,179930700.0
Витрати на охорону навколишнього природного середовища,Черкаська,Очищення зворотних вод,Усього,Річна,2022,264553099.99999997
Витрати на охорону навколишнього природного середовища,Черкаська,Очищення зворотних вод,Усього,Річна,2023,347709600.0
Витрати на охорону навколишнього природного середовища,Черкаська,Очищення зворотних вод,Усього,Річна,2024,400642600.0
Витрати на охорону навколишнього природного середовища,Черкаська,Очищення зворотних вод,Усього,Річна,2025,419219300.0
Витрати на охорону навколишнього природного середовища,Черкаська,Науково-дослідні роботи природоохоронного спрямування,Усього,Річна,2021,484900.0
Витрати на охорону навколишнього природного середовища,Черкаська,Науково-дослідні роботи природоохоронного спрямування,Усього,Річна,2022,26800.0
Витрати на охорону навколишнього природного середовища,Черкаська,Науково-дослідні роботи природоохоронного спрямування,Усього,Річна,2024,12600.0
Витрати на охорону навколишнього природного середовища,Черкаська,Науково-дослідні роботи природоохоронного спрямування,Усього,Річна,2025,208200.0
Витрати на охорону навколишнього природного середовища,Черкаська,Збереження біорізноманіття та середовища існування,Усього,Річна,2021,5563700.0
Витрати на охорону навколишнього природного середовища,Черкаська,Збереження біорізноманіття та середовища існування,Усього,Річна,2022,5818300.0
Витрати на охорону навколишнього природного середовища,Черкаська,Збереження біорізноманіття та середовища існування,Усього,Річна,2023,3942400.0
Витрати на охорону навколишнього природного середовища,Черкаська,Збереження біорізноманіття та середовища існування,Усього,Річна,2024,12176200.0
Витрати на охорону навколишнього природного середовища,Черкаська,Збереження біорізноманіття та середовища існування,Усього,Річна,2025,6181600.0
Витрати на охорону навколишнього природного середовища,Черкаська,Поводження з відходами,Усього,Річна,2021,90315600.0
Витрати на охорону навколишнього природного середовища,Черкаська,Поводження з відходами,Усього,Річна,2022,91000100.0
Витрати на охорону навколишнього природного середовища,Черкаська,Поводження з відходами,Усього,Річна,2023,254971100.0
Витрати на охорону навколишнього природного середовища,Черкаська,Поводження з відходами,Усього,Річна,2024,257539200.0
Витрати на охорону навколишнього природного середовища,Черкаська,Поводження з відходами,Усього,Річна,2025,262765500.0
Витрати на охорону навколишнього природного середовища,Черкаська,Радіаційна безпека,Усього,Річна,2021,23500.0
Витрати на охорону навколишнього природного середовища,Черкаська,Радіаційна безпека,Усього,Річна,2022,13300.0
Витрати на охорону навколишнього природного середовища,Черкаська,Радіаційна безпека,Усього,Річна,2023,10600.0
Витрати на охорону навколишнього природного середовища,Черкаська,Радіаційна безпека,Усього,Річна,2024,29800.0
Витрати на охорону навколишнього природного середовища,Черкаська,Радіаційна безпека,Усього,Річна,2025,20800.0
Витрати на охорону навколишнього природного середовища,Чернівецька,"Захист і реабілітацію ґрунту, підземних  і поверхневих вод",Усього,Річна,2021,25751300.0
Витрати на охорону навколишнього природного середовища,Чернівецька,"Захист і реабілітацію ґрунту, підземних  і поверхневих вод",Усього,Річна,2022,2297300.0
Витрати на охорону навколишнього природного середовища,Чернівецька,"Захист і реабілітацію ґрунту, підземних  і поверхневих вод",Усього,Річна,2023,18200400.0
Витрати на охорону навколишнього природного середовища,Чернівецька,"Захист і реабілітацію ґрунту, підземних  і поверхневих вод",Усього,Річна,2024,13098500.0
Витрати на охорону навколишнього природного середовища,Чернівецька,"Захист і реабілітацію ґрунту, підземних  і поверхневих вод",Усього,Річна,2025,25486500.0
Витрати на охорону навколишнього природного середовища,Чернівецька,Інші напрями природоохоронної діяльності,Усього,Річна,2021,160200.0
Витрати на охорону навколишнього природного середовища,Чернівецька,Інші напрями природоохоронної діяльності,Усього,Річна,2022,185200.0
Витрати на охорону навколишнього природного середовища,Чернівецька,Інші напрями природоохоронної діяльності,Усього,Річна,2023,232600.0
Витрати на охорону навколишнього природного середовища,Чернівецька,Інші напрями природоохоронної діяльності,Усього,Річна,2024,386200.0
Витрати на охорону навколишнього природного середовища,Чернівецька,Інші напрями природоохоронної діяльності,Усього,Річна,2025,417500.0
Витрати на охорону навколишнього природного середовища,Чернівецька,Науково-дослідні роботи природоохоронного спрямування,Усього,Річна,2025,92600.0
Витрати на охорону навколишнього природного середовища,Чернівецька,Охорона атмосферного повітря і проблеми зміни клімату,Усього,Річна,2021,9708600.0
Витрати на охорону навколишнього природного середовища,Чернівецька,Охорона атмосферного повітря і проблеми зміни клімату,Усього,Річна,2022,15409600.0
Витрати на охорону навколишнього природного середовища,Чернівецька,Охорона атмосферного повітря і проблеми зміни клімату,Усього,Річна,2023,15659200.0
Витрати на охорону навколишнього природного середовища,Чернівецька,Охорона атмосферного повітря і проблеми зміни клімату,Усього,Річна,2024,16868100.0
Витрати на охорону навколишнього природного середовища,Чернівецька,Охорона атмосферного повітря і проблеми зміни клімату,Усього,Річна,2025,15618000.0
Витрати на охорону навколишнього природного середовища,Чернівецька,Поводження з відходами,Усього,Річна,2021,51725600.0
Витрати на охорону навколишнього природного середовища,Чернівецька,Поводження з відходами,Усього,Річна,2022,68526100.0
Витрати на охорону навколишнього природного середовища,Чернівецька,Поводження з відходами,Усього,Річна,2023,52790300.0
Витрати на охорону навколишнього природного середовища,Чернівецька,Поводження з відходами,Усього,Річна,2024,125076900.0
Витрати на охорону навколишнього природного середовища,Чернівецька,Поводження з відходами,Усього,Річна,2025,168906600.0
Витрати на охорону навколишнього природного середовища,Чернівецька,Зниження шумового та вібраційного впливу,Усього,Річна,2021,1200.0
Витрати на охорону навколишнього природного середовища,Чернівецька,Зниження шумового та вібраційного впливу,Усього,Річна,2022,11000.0
Витрати на охорону навколишнього природного середовища,Чернівецька,Зниження шумового та вібраційного впливу,Усього,Річна,2024,17300.0
Витрати на охорону навколишнього природного середовища,Чернівецька,Очищення зворотних вод,Усього,Річна,2021,115717400.0
Витрати на охорону навколишнього природного середовища,Чернівецька,Очищення зворотних вод,Усього,Річна,2022,115007000.0
Витрати на охорону навколишнього природного середовища,Чернівецька,Очищення зворотних вод,Усього,Річна,2023,118867000.0
Витрати на охорону навколишнього природного середовища,Чернівецька,Очищення зворотних вод,Усього,Річна,2024,109490100.0
Витрати на охорону навколишнього природного середовища,Чернівецька,Очищення зворотних вод,Усього,Річна,2025,124350400.0
Витрати на охорону навколишнього природного середовища,Чернівецька,Збереження біорізноманіття та середовища існування,Усього,Річна,2021,17834900.0
Витрати на охорону навколишнього природного середовища,Чернівецька,Збереження біорізноманіття та середовища існування,Усього,Річна,2022,19196500.0
Витрати на охорону навколишнього природного середовища,Чернівецька,Збереження біорізноманіття та середовища існування,Усього,Річна,2023,20273500.0
Витрати на охорону навколишнього природного середовища,Чернівецька,Збереження біорізноманіття та середовища існування,Усього,Річна,2024,21305900.0
Витрати на охорону навколишнього природного середовища,Чернівецька,Збереження біорізноманіття та середовища існування,Усього,Річна,2025,24682400.0
Витрати на охорону навколишнього природного середовища,Чернігівська,Охорона атмосферного повітря і проблеми зміни клімату,Усього,Річна,2021,50890000.0
Витрати на охорону навколишнього природного середовища,Чернігівська,Охорона атмосферного повітря і проблеми зміни клімату,Усього,Річна,2022,44977300.0
Витрати на охорону навколишнього природного середовища,Чернігівська,Охорона атмосферного повітря і проблеми зміни клімату,Усього,Річна,2023,30611900.0
Витрати на охорону навколишнього природного середовища,Чернігівська,Охорона атмосферного повітря і проблеми зміни клімату,Усього,Річна,2024,31919600.0
Витрати на охорону навколишнього природного середовища,Чернігівська,Охорона атмосферного повітря і проблеми зміни клімату,Усього,Річна,2025,90727900.0
Витрати на охорону навколишнього природного середовища,Чернігівська,Очищення зворотних вод,Усього,Річна,2021,208747900.0
Витрати на охорону навколишнього природного середовища,Чернігівська,Очищення зворотних вод,Усього,Річна,2022,204711900.0
Витрати на охорону навколишнього природного середовища,Чернігівська,Очищення зворотних вод,Усього,Річна,2023,331119100.0
Витрати на охорону навколишнього природного середовища,Чернігівська,Очищення зворотних вод,Усього,Річна,2024,330629200.0
Витрати на охорону навколишнього природного середовища,Чернігівська,Очищення зворотних вод,Усього,Річна,2025,363517300.0
Витрати на охорону навколишнього природного середовища,Чернігівська,Зниження шумового та вібраційного впливу,Усього,Річна,2023,5800.0
Витрати на охорону навколишнього природного середовища,Чернігівська,Зниження шумового та вібраційного впливу,Усього,Річна,2025,3800.0
Витрати на охорону навколишнього природного середовища,Чернігівська,Науково-дослідні роботи природоохоронного спрямування,Усього,Річна,2021,154000.0
Витрати на охорону навколишнього природного середовища,Чернігівська,Науково-дослідні роботи природоохоронного спрямування,Усього,Річна,2022,98500.0
Витрати на охорону навколишнього природного середовища,Чернігівська,Науково-дослідні роботи природоохоронного спрямування,Усього,Річна,2023,159400.0
Витрати на охорону навколишнього природного середовища,Чернігівська,Науково-дослідні роботи природоохоронного спрямування,Усього,Річна,2024,32600.0
Витрати на охорону навколишнього природного середовища,Чернігівська,Науково-дослідні роботи природоохоронного спрямування,Усього,Річна,2025,410300.0
Витрати на охорону навколишнього природного середовища,Чернігівська,Інші напрями природоохоронної діяльності,Усього,Річна,2021,6730300.0
Витрати на охорону навколишнього природного середовища,Чернігівська,Інші напрями природоохоронної діяльності,Усього,Річна,2022,6210800.0
Витрати на охорону навколишнього природного середовища,Чернігівська,Інші напрями природоохоронної діяльності,Усього,Річна,2023,7067200.0
Витрати на охорону навколишнього природного середовища,Чернігівська,Інші напрями природоохоронної діяльності,Усього,Річна,2024,9075100.0
Витрати на охорону навколишнього природного середовища,Чернігівська,Інші напрями природоохоронної діяльності,Усього,Річна,2025,10048000.0
Витрати на охорону навколишнього природного середовища,Чернігівська,"Захист і реабілітацію ґрунту, підземних  і поверхневих вод",Усього,Річна,2021,13436700.0
Витрати на охорону навколишнього природного середовища,Чернігівська,"Захист і реабілітацію ґрунту, підземних  і поверхневих вод",Усього,Річна,2022,11227400.0
Витрати на охорону навколишнього природного середовища,Чернігівська,"Захист і реабілітацію ґрунту, підземних  і поверхневих вод",Усього,Річна,2023,3334400.0
Витрати на охорону навколишнього природного середовища,Чернігівська,"Захист і реабілітацію ґрунту, підземних  і поверхневих вод",Усього,Річна,2024,1217700.0
Витрати на охорону навколишнього природного середовища,Чернігівська,"Захист і реабілітацію ґрунту, підземних  і поверхневих вод",Усього,Річна,2025,3722200.0
Витрати на охорону навколишнього природного середовища,Чернігівська,Радіаційна безпека,Усього,Річна,2024,377400.0
Витрати на охорону навколишнього природного середовища,Чернігівська,Збереження біорізноманіття та середовища існування,Усього,Річна,2021,65854500.0
Витрати на охорону навколишнього природного середовища,Чернігівська,Збереження біорізноманіття та середовища існування,Усього,Річна,2022,33089000.0
Витрати на охорону навколишнього природного середовища,Чернігівська,Збереження біорізноманіття та середовища існування,Усього,Річна,2023,33441100.0
Витрати на охорону навколишнього природного середовища,Чернігівська,Збереження біорізноманіття та середовища існування,Усього,Річна,2024,40379500.0
Витрати на охорону навколишнього природного середовища,Чернігівська,Збереження біорізноманіття та середовища існування,Усього,Річна,2025,47007900.0
Витрати на охорону навколишнього природного середовища,Чернігівська,Поводження з відходами,Усього,Річна,2021,151841800.0
Витрати на охорону навколишнього природного середовища,Чернігівська,Поводження з відходами,Усього,Річна,2022,189605100.0
Витрати на охорону навколишнього природного середовища,Чернігівська,Поводження з відходами,Усього,Річна,2023,227611500.0
Витрати на охорону навколишнього природного середовища,Чернігівська,Поводження з відходами,Усього,Річна,2024,253821300.0
Витрати на охорону навколишнього природного середовища,Чернігівська,Поводження з відходами,Усього,Річна,2025,281158300.0
Витрати на охорону навколишнього природного середовища,Київ,Радіаційна безпека,Усього,Річна,2021,472241400.0
Витрати на охорону навколишнього природного середовища,Київ,Радіаційна безпека,Усього,Річна,2022,283690600.0
Витрати на охорону навколишнього природного середовища,Київ,Радіаційна безпека,Усього,Річна,2023,506103000.0
Витрати на охорону навколишнього природного середовища,Київ,Радіаційна безпека,Усього,Річна,2024,682673600.0
Витрати на охорону навколишнього природного середовища,Київ,Радіаційна безпека,Усього,Річна,2025,770641800.0
Витрати на охорону навколишнього природного середовища,Київ,Збереження біорізноманіття та середовища існування,Усього,Річна,2021,119413700.0
Витрати на охорону навколишнього природного середовища,Київ,Збереження біорізноманіття та середовища існування,Усього,Річна,2022,49399100.0
Витрати на охорону навколишнього природного середовища,Київ,Збереження біорізноманіття та середовища існування,Усього,Річна,2023,223881600.0
Витрати на охорону навколишнього природного середовища,Київ,Збереження біорізноманіття та середовища існування,Усього,Річна,2024,227148300.0
Витрати на охорону навколишнього природного середовища,Київ,Збереження біорізноманіття та середовища існування,Усього,Річна,2025,115259500.0
Витрати на охорону навколишнього природного середовища,Київ,Поводження з відходами,Усього,Річна,2021,857672300.0
Витрати на охорону навколишнього природного середовища,Київ,Поводження з відходами,Усього,Річна,2022,1627946800.0
Витрати на охорону навколишнього природного середовища,Київ,Поводження з відходами,Усього,Річна,2023,1364360300.0
Витрати на охорону навколишнього природного середовища,Київ,Поводження з відходами,Усього,Річна,2024,1025580700.0
Витрати на охорону навколишнього природного середовища,Київ,Поводження з відходами,Усього,Річна,2025,1291968300.0
Витрати на охорону навколишнього природного середовища,Київ,Очищення зворотних вод,Усього,Річна,2021,2528574100.0
Витрати на охорону навколишнього природного середовища,Київ,Очищення зворотних вод,Усього,Річна,2022,2247426800.0
Витрати на охорону навколишнього природного середовища,Київ,Очищення зворотних вод,Усього,Річна,2023,2752349800.0
Витрати на охорону навколишнього природного середовища,Київ,Очищення зворотних вод,Усього,Річна,2024,3204333200.0
Витрати на охорону навколишнього природного середовища,Київ,Очищення зворотних вод,Усього,Річна,2025,3696009500.0
Витрати на охорону навколишнього природного середовища,Київ,Науково-дослідні роботи природоохоронного спрямування,Усього,Річна,2021,15971000.0
Витрати на охорону навколишнього природного середовища,Київ,Науково-дослідні роботи природоохоронного спрямування,Усього,Річна,2022,13405400.0
Витрати на охорону навколишнього природного середовища,Київ,Науково-дослідні роботи природоохоронного спрямування,Усього,Річна,2023,27426200.0
Витрати на охорону навколишнього природного середовища,Київ,Науково-дослідні роботи природоохоронного спрямування,Усього,Річна,2024,22536400.0
Витрати на охорону навколишнього природного середовища,Київ,Науково-дослідні роботи природоохоронного спрямування,Усього,Річна,2025,21332500.0
Витрати на охорону навколишнього природного середовища,Київ,Охорона атмосферного повітря і проблеми зміни клімату,Усього,Річна,2021,425479100.0
Витрати на охорону навколишнього природного середовища,Київ,Охорона атмосферного повітря і проблеми зміни клімату,Усього,Річна,2022,339911000.0
Витрати на охорону навколишнього природного середовища,Київ,Охорона атмосферного повітря і проблеми зміни клімату,Усього,Річна,2023,425768700.0
Витрати на охорону навколишнього природного середовища,Київ,Охорона атмосферного повітря і проблеми зміни клімату,Усього,Річна,2024,399207800.0
Витрати на охорону навколишнього природного середовища,Київ,Охорона атмосферного повітря і проблеми зміни клімату,Усього,Річна,2025,387626000.0
Витрати на охорону навколишнього природного середовища,Київ,Зниження шумового та вібраційного впливу,Усього,Річна,2021,4256100.0
Витрати на охорону навколишнього природного середовища,Київ,Зниження шумового та вібраційного впливу,Усього,Річна,2022,505700.0
Витрати на охорону навколишнього природного середовища,Київ,Зниження шумового та вібраційного впливу,Усього,Річна,2023,851000.0
Витрати на охорону навколишнього природного середовища,Київ,Зниження шумового та вібраційного впливу,Усього,Річна,2024,1427100.0
Витрати на охорону навколишнього природного середовища,Київ,Зниження шумового та вібраційного впливу,Усього,Річна,2025,3249500.0
Витрати на охорону навколишнього природного середовища,Київ,"Захист і реабілітацію ґрунту, підземних  і поверхневих вод",Усього,Річна,2021,315917500.0
Витрати на охорону навколишнього природного середовища,Київ,"Захист і реабілітацію ґрунту, підземних  і поверхневих вод",Усього,Річна,2022,185341900.0
Витрати на охорону навколишнього природного середовища,Київ,"Захист і реабілітацію ґрунту, підземних  і поверхневих вод",Усього,Річна,2023,583484800.0
Витрати на охорону навколишнього природного середовища,Київ,"Захист і реабілітацію ґрунту, підземних  і поверхневих вод",Усього,Річна,2024,278001300.0
Витрати на охорону навколишнього природного середовища,Київ,"Захист і реабілітацію ґрунту, підземних  і поверхневих вод",Усього,Річна,2025,396549100.0
Витрати на охорону навколишнього природного середовища,Київ,Інші напрями природоохоронної діяльності,Усього,Річна,2021,126308100.0
Витрати на охорону навколишнього природного середовища,Київ,Інші напрями природоохоронної діяльності,Усього,Річна,2022,86532500.0
Витрати на охорону навколишнього природного середовища,Київ,Інші напрями природоохоронної діяльності,Усього,Річна,2023,119844700.0
Витрати на охорону навколишнього природного середовища,Київ,Інші напрями природоохоронної діяльності,Усього,Річна,2024,142887300.0
Витрати на охорону навколишнього природного середовища,Київ,Інші напрями природоохоронної діяльності,Усього,Річна,2025,136075300.0
